lat,long,subbasin
41.3830,-82.5431,0.0
41.3920,-82.5432,0.0
41.3919,-82.5553,0.0
41.3918,-82.5673,0.0
41.4009,-82.5675,0.0
41.4008,-82.5795,0.0
41.4098,-82.5796,0.0
41.4098,-82.5917,0.0
41.4097,-82.6037,0.0
41.4187,-82.6039,0.0
41.4186,-82.6159,0.0
41.4276,-82.6160,0.0
41.4276,-82.6281,0.0
41.4366,-82.6282,0.0
41.4365,-82.6403,0.0
41.4455,-82.6404,0.0
41.4454,-82.6525,0.0
41.4545,-82.6526,0.0
41.4544,-82.6646,0.0
41.4634,-82.6648,0.0
41.4725,-82.6649,0.0
41.4724,-82.6770,0.0
41.4814,-82.6771,0.0
41.4813,-82.6892,0.0
41.4903,-82.6893,0.0
41.4902,-82.7014,0.0
41.4812,-82.7012,0.0
41.4722,-82.7011,0.0
41.4723,-82.6890,0.0
41.4724,-82.6770,0.0
41.4633,-82.6768,0.0
41.4543,-82.6767,0.0
41.4544,-82.6646,0.0
41.4453,-82.6645,0.0
41.4363,-82.6644,0.0
41.4362,-82.6764,0.0
41.4453,-82.6766,0.0
41.4543,-82.6767,0.0
41.4542,-82.6888,0.0
41.4541,-82.7008,0.0
41.4540,-82.7129,0.0
41.4539,-82.7249,0.0
41.4538,-82.7370,0.0
41.4447,-82.7369,0.0
41.4446,-82.7489,0.0
41.4445,-82.7610,0.0
41.4444,-82.7730,0.0
41.4443,-82.7851,0.0
41.4534,-82.7852,0.0
41.4532,-82.7973,0.0
41.4623,-82.7974,0.0
41.4622,-82.8095,0.0
41.4712,-82.8097,0.0
41.4711,-82.8217,0.0
41.4710,-82.8338,0.0
41.4619,-82.8336,0.0
41.4618,-82.8457,0.0
41.4528,-82.8455,0.0
41.4438,-82.8454,0.0
41.4436,-82.8574,0.0
41.4435,-82.8695,0.0
41.4345,-82.8693,0.0
41.4344,-82.8814,0.0
41.4342,-82.8935,0.0
41.4341,-82.9055,0.0
41.4251,-82.9054,0.0
41.4250,-82.9174,0.0
41.4248,-82.9295,0.0
41.4158,-82.9293,0.0
41.4157,-82.9413,0.0
41.4156,-82.9534,0.0
41.4246,-82.9536,0.0
41.4245,-82.9656,0.0
41.4335,-82.9658,0.0
41.4334,-82.9779,0.0
41.4332,-82.9899,0.0
41.4331,-83.0020,0.0
41.4330,-83.0140,0.0
41.4328,-83.0261,0.0
41.4419,-83.0263,0.0
41.4420,-83.0142,0.0
41.4511,-83.0144,0.0
41.4509,-83.0264,0.0
41.4600,-83.0266,0.0
41.4601,-83.0146,0.0
41.4602,-83.0025,0.0
41.4604,-82.9904,0.0
41.4694,-82.9906,0.0
41.4695,-82.9785,0.0
41.4786,-82.9787,0.0
41.4787,-82.9667,0.0
41.4877,-82.9668,0.0
41.4879,-82.9548,0.0
41.4880,-82.9427,0.0
41.4881,-82.9306,0.0
41.4882,-82.9186,0.0
41.4884,-82.9065,0.0
41.4885,-82.8944,0.0
41.4886,-82.8824,0.0
41.4887,-82.8703,0.0
41.4888,-82.8582,0.0
41.4979,-82.8584,0.0
41.4980,-82.8463,0.0
41.4889,-82.8462,0.0
41.4891,-82.8341,0.0
41.4981,-82.8342,0.0
41.4982,-82.8222,0.0
41.4983,-82.8101,0.0
41.5074,-82.8103,0.0
41.5075,-82.7982,0.0
41.5076,-82.7861,0.0
41.4985,-82.7860,0.0
41.4987,-82.7739,0.0
41.5077,-82.7740,0.0
41.5078,-82.7620,0.0
41.5079,-82.7499,0.0
41.5080,-82.7378,0.0
41.4990,-82.7377,0.0
41.4991,-82.7256,0.0
41.5081,-82.7258,0.0
41.5080,-82.7378,0.0
41.5171,-82.7380,0.0
41.5172,-82.7259,0.0
41.5262,-82.7260,0.0
41.5263,-82.7140,0.0
41.5353,-82.7141,0.0
41.5352,-82.7262,0.0
41.5443,-82.7263,0.0
41.5442,-82.7384,0.0
41.5441,-82.7505,0.0
41.5440,-82.7625,0.0
41.5438,-82.7746,0.0
41.5348,-82.7745,0.0
41.5347,-82.7866,0.0
41.5346,-82.7986,0.0
41.5436,-82.7988,0.0
41.5527,-82.7989,0.0
41.5526,-82.8110,0.0
41.5616,-82.8112,0.0
41.5615,-82.8232,0.0
41.5614,-82.8353,0.0
41.5704,-82.8355,0.0
41.5794,-82.8356,0.0
41.5793,-82.8477,0.0
41.5884,-82.8479,0.0
41.5882,-82.8599,0.0
41.5792,-82.8598,0.0
41.5791,-82.8719,0.0
41.5701,-82.8717,0.0
41.5610,-82.8716,0.0
41.5611,-82.8595,0.0
41.5521,-82.8593,0.0
41.5520,-82.8714,0.0
41.5429,-82.8712,0.0
41.5339,-82.8711,0.0
41.5338,-82.8832,0.0
41.5247,-82.8830,0.0
41.5246,-82.8951,0.0
41.5156,-82.8949,0.0
41.5155,-82.9070,0.0
41.5153,-82.9191,0.0
41.5152,-82.9311,0.0
41.5151,-82.9432,0.0
41.5150,-82.9553,0.0
41.5240,-82.9554,0.0
41.5239,-82.9675,0.0
41.5238,-82.9796,0.0
41.5236,-82.9917,0.0
41.5327,-82.9918,0.0
41.5325,-83.0039,0.0
41.5416,-83.0041,0.0
41.5414,-83.0162,0.0
41.5413,-83.0282,0.0
41.5503,-83.0284,0.0
41.5502,-83.0405,0.0
41.5592,-83.0407,0.0
41.5591,-83.0527,0.0
41.5681,-83.0529,0.0
41.5680,-83.0650,0.0
41.5770,-83.0652,0.0
41.5769,-83.0773,0.0
41.5859,-83.0775,0.0
41.5950,-83.0777,0.0
41.5948,-83.0897,0.0
41.6039,-83.0899,0.0
41.6037,-83.1020,0.0
41.6036,-83.1141,0.0
41.6126,-83.1143,0.0
41.6125,-83.1264,0.0
41.6123,-83.1385,0.0
41.6122,-83.1506,0.0
41.6120,-83.1627,0.0
41.6211,-83.1629,0.0
41.6209,-83.1749,0.0
41.6208,-83.1870,0.0
41.6298,-83.1872,0.0
41.6297,-83.1993,0.0
41.6295,-83.2114,0.0
41.6293,-83.2235,0.0
41.6384,-83.2237,0.0
41.6382,-83.2358,0.0
41.6473,-83.2360,0.0
41.6471,-83.2481,0.0
41.6469,-83.2602,0.0
41.6560,-83.2604,0.0
41.6558,-83.2725,0.0
41.6649,-83.2727,0.0
41.6647,-83.2848,0.0
41.6737,-83.2851,0.0
41.6736,-83.2972,0.0
41.6645,-83.2969,0.0
41.6644,-83.3090,0.0
41.6734,-83.3093,0.0
41.6732,-83.3214,0.0
41.6823,-83.3216,0.0
41.6913,-83.3218,0.0
41.6911,-83.3339,0.0
41.7002,-83.3341,0.0
41.7000,-83.3462,0.0
41.6910,-83.3460,0.0
41.6908,-83.3581,0.0
41.6818,-83.3579,0.0
41.6816,-83.3700,0.0
41.6814,-83.3821,0.0
41.6813,-83.3942,0.0
41.6811,-83.4063,0.0
41.6901,-83.4065,0.0
41.6899,-83.4186,0.0
41.6898,-83.4307,0.0
41.6896,-83.4428,0.0
41.6894,-83.4549,0.0
41.6892,-83.4670,0.0
41.6890,-83.4791,0.0
41.6981,-83.4794,0.0
41.7071,-83.4796,0.0
41.7162,-83.4799,0.0
41.7163,-83.4678,0.0
41.7254,-83.4680,0.0
41.7256,-83.4559,0.0
41.7346,-83.4561,0.0
41.7344,-83.4683,0.0
41.7254,-83.4680,0.0
41.7252,-83.4801,0.0
41.7342,-83.4804,0.0
41.7433,-83.4806,0.0
41.7523,-83.4809,0.0
41.7613,-83.4811,0.0
41.7615,-83.4690,0.0
41.7525,-83.4687,0.0
41.7527,-83.4566,0.0
41.7617,-83.4569,0.0
41.7707,-83.4571,0.0
41.7706,-83.4692,0.0
41.7796,-83.4695,0.0
41.7798,-83.4574,0.0
41.7709,-83.4450,0.0
41.7706,-83.4692,0.0
41.7796,-83.4695,0.0
41.7798,-83.4574,0.0
41.7707,-83.4571,0.0
41.7709,-83.4450,0.0
41.7619,-83.4448,0.0
41.7528,-83.4445,0.0
41.7438,-83.4443,0.0
41.7348,-83.4440,0.0
41.7349,-83.4319,0.0
41.7440,-83.4322,0.0
41.7530,-83.4324,0.0
41.7621,-83.4326,0.0
41.7711,-83.4329,0.0
41.7709,-83.4450,0.0
41.7799,-83.4452,0.0
41.7890,-83.4455,0.0
41.7888,-83.4576,0.0
41.7978,-83.4578,0.0
41.7980,-83.4457,0.0
41.8071,-83.4460,0.0
41.8161,-83.4462,0.0
41.8163,-83.4341,0.0
41.8164,-83.4219,0.0
41.8255,-83.4222,0.0
41.8345,-83.4224,0.0
41.8347,-83.4103,0.0
41.8437,-83.4105,0.0
41.8528,-83.4108,0.0
41.8529,-83.3986,0.0
41.8620,-83.3989,0.0
41.8622,-83.3867,0.0
41.8712,-83.3870,0.0
41.8714,-83.3748,0.0
41.8715,-83.3627,0.0
41.8806,-83.3629,0.0
41.8804,-83.3750,0.0
41.8894,-83.3753,0.0
41.8893,-83.3874,0.0
41.8983,-83.3877,0.0
41.8985,-83.3755,0.0
41.8896,-83.3631,0.0
41.8893,-83.3874,0.0
41.8983,-83.3877,0.0
41.8985,-83.3755,0.0
41.8894,-83.3753,0.0
41.8896,-83.3631,0.0
41.8898,-83.3510,0.0
41.8899,-83.3389,0.0
41.8990,-83.3391,0.0
41.9080,-83.3393,0.0
41.9171,-83.3395,0.0
41.9172,-83.3274,0.0
41.9263,-83.3276,0.0
41.9353,-83.3278,0.0
41.9355,-83.3157,0.0
41.9445,-83.3159,0.0
41.9447,-83.3038,0.0
41.9448,-83.2916,0.0
41.9358,-83.2914,0.0
41.9359,-83.2792,0.0
41.9361,-83.2671,0.0
41.9451,-83.2673,0.0
41.9542,-83.2675,0.0
41.9632,-83.2677,0.0
41.9723,-83.2680,0.0
41.9724,-83.2558,0.0
41.9815,-83.2560,0.0
41.9816,-83.2439,0.0
41.9818,-83.2317,0.0
41.9908,-83.2319,0.0
41.9910,-83.2198,0.0
41.9911,-83.2076,0.0
42.0002,-83.2078,0.0
42.0092,-83.2080,0.0
42.0182,-83.2082,0.0
42.0273,-83.2084,0.0
42.0363,-83.2086,0.0
42.0453,-83.2088,0.0
42.0455,-83.1967,0.0
42.0545,-83.1969,0.0
42.0636,-83.1971,0.0
42.0726,-83.1973,0.0
42.0724,-83.2095,0.0
42.0815,-83.2097,0.0
42.0816,-83.1975,0.0
42.0907,-83.1977,0.0
42.0997,-83.1979,0.0
42.1088,-83.1981,0.0
42.1178,-83.1983,0.0
42.1179,-83.1861,0.0
42.1089,-83.1859,0.0
42.0999,-83.1857,0.0
42.1000,-83.1736,0.0
42.0910,-83.1733,0.0
42.0911,-83.1612,0.0
42.1002,-83.1614,0.0
42.1003,-83.1492,0.0
42.1094,-83.1494,0.0
42.1184,-83.1496,0.0
42.1274,-83.1498,0.0
42.1365,-83.1500,0.0
42.1455,-83.1502,0.0
42.1457,-83.1380,0.0
42.1547,-83.1382,0.0
42.1637,-83.1384,0.0
42.1636,-83.1506,0.0
42.1726,-83.1508,0.0
42.1817,-83.1510,0.0
42.1815,-83.1632,0.0
42.1725,-83.1630,0.0
42.1634,-83.1628,0.0
42.1544,-83.1626,0.0
42.1542,-83.1748,0.0
42.1452,-83.1746,0.0
42.1362,-83.1744,0.0
42.1271,-83.1742,0.0
42.1181,-83.1740,0.0
42.1179,-83.1861,0.0
42.1270,-83.1864,0.0
42.1360,-83.1866,0.0
42.1451,-83.1868,0.0
42.1541,-83.1870,0.0
42.1542,-83.1748,0.0
42.1633,-83.1750,0.0
42.1723,-83.1752,0.0
42.1814,-83.1754,0.0
42.1815,-83.1632,0.0
42.1905,-83.1634,0.0
42.1996,-83.1636,0.0
42.1997,-83.1514,0.0
42.2088,-83.1516,0.0
42.2178,-83.1518,0.0
42.2268,-83.1520,0.0
42.2359,-83.1522,0.0
42.2449,-83.1524,0.0
42.2451,-83.1402,0.0
42.2452,-83.1280,0.0
42.2542,-83.1282,0.0
42.2633,-83.1284,0.0
42.2723,-83.1286,0.0
42.2725,-83.1164,0.0
42.2815,-83.1166,0.0
42.2905,-83.1168,0.0
42.2907,-83.1046,0.0
42.2997,-83.1048,0.0
42.2999,-83.0925,0.0
42.3089,-83.0927,0.0
42.3090,-83.0805,0.0
42.3181,-83.0807,0.0
42.3182,-83.0685,0.0
42.3184,-83.0562,0.0
42.3274,-83.0564,0.0
42.3275,-83.0442,0.0
42.3277,-83.0320,0.0
42.3367,-83.0322,0.0
42.3369,-83.0199,0.0
42.3370,-83.0077,0.0
42.3460,-83.0079,0.0
42.3462,-82.9957,0.0
42.3552,-82.9959,0.0
42.3553,-82.9836,0.0
42.3555,-82.9714,0.0
42.3556,-82.9592,0.0
42.3557,-82.9469,0.0
42.3558,-82.9347,0.0
42.3468,-82.9345,0.0
42.3378,-82.9344,0.0
42.3379,-82.9221,0.0
42.3289,-82.9220,0.0
42.3287,-82.9342,0.0
42.3376,-82.9466,0.0
42.3379,-82.9221,0.0
42.3289,-82.9220,0.0
42.3287,-82.9342,0.0
42.3378,-82.9344,0.0
42.3376,-82.9466,0.0
42.3375,-82.9588,0.0
42.3285,-82.9586,0.0
42.3283,-82.9709,0.0
42.3282,-82.9831,0.0
42.3192,-82.9829,0.0
42.3190,-82.9951,0.0
42.3189,-83.0074,0.0
42.3188,-83.0196,0.0
42.3186,-83.0318,0.0
42.3185,-83.0440,0.0
42.3095,-83.0438,0.0
42.3093,-83.0561,0.0
42.3092,-83.0683,0.0
42.3090,-83.0805,0.0
42.3000,-83.0803,0.0
42.2908,-83.0923,0.0
42.3089,-83.0927,0.0
42.3090,-83.0805,0.0
42.3000,-83.0803,0.0
42.2999,-83.0925,0.0
42.2908,-83.0923,0.0
42.2818,-83.0921,0.0
42.2816,-83.1044,0.0
42.2726,-83.1042,0.0
42.2636,-83.1040,0.0
42.2634,-83.1162,0.0
42.2544,-83.1160,0.0
42.2454,-83.1158,0.0
42.2363,-83.1156,0.0
42.2273,-83.1154,0.0
42.2182,-83.1152,0.0
42.2092,-83.1150,0.0
42.2002,-83.1148,0.0
42.2003,-83.1026,0.0
42.1913,-83.1024,0.0
42.1911,-83.1146,0.0
42.1821,-83.1144,0.0
42.1731,-83.1142,0.0
42.1732,-83.1020,0.0
42.1642,-83.1018,0.0
42.1640,-83.1140,0.0
42.1550,-83.1138,0.0
42.1548,-83.1260,0.0
42.1458,-83.1258,0.0
42.1368,-83.1256,0.0
42.1277,-83.1254,0.0
42.1187,-83.1252,0.0
42.1097,-83.1250,0.0
42.1006,-83.1248,0.0
42.0916,-83.1246,0.0
42.0825,-83.1244,0.0
42.0735,-83.1242,0.0
42.0645,-83.1240,0.0
42.0554,-83.1238,0.0
42.0464,-83.1236,0.0
42.0465,-83.1115,0.0
42.0375,-83.1113,0.0
42.0376,-83.0991,0.0
42.0286,-83.0989,0.0
42.0288,-83.0867,0.0
42.0289,-83.0746,0.0
42.0290,-83.0624,0.0
42.0292,-83.0502,0.0
42.0201,-83.0501,0.0
42.0203,-83.0379,0.0
42.0204,-83.0257,0.0
42.0114,-83.0255,0.0
42.0115,-83.0134,0.0
42.0116,-83.0012,0.0
42.0118,-82.9890,0.0
42.0027,-82.9889,0.0
42.0029,-82.9767,0.0
41.9938,-82.9765,0.0
41.9940,-82.9644,0.0
41.9849,-82.9642,0.0
41.9851,-82.9520,0.0
41.9760,-82.9519,0.0
41.9761,-82.9397,0.0
41.9763,-82.9275,0.0
41.9764,-82.9154,0.0
41.9765,-82.9032,0.0
41.9766,-82.8911,0.0
41.9857,-82.8912,0.0
41.9858,-82.8791,0.0
41.9859,-82.8669,0.0
41.9860,-82.8548,0.0
41.9862,-82.8426,0.0
41.9863,-82.8304,0.0
41.9864,-82.8183,0.0
41.9954,-82.8184,0.0
41.9955,-82.8063,0.0
41.9956,-82.7941,0.0
42.0047,-82.7943,0.0
42.0048,-82.7821,0.0
42.0049,-82.7699,0.0
42.0050,-82.7578,0.0
42.0140,-82.7579,0.0
42.0142,-82.7457,0.0
42.0143,-82.7336,0.0
42.0233,-82.7337,0.0
42.0234,-82.7215,0.0
42.0235,-82.7094,0.0
42.0236,-82.6972,0.0
42.0237,-82.6850,0.0
42.0327,-82.6852,0.0
42.0328,-82.6730,0.0
42.0329,-82.6608,0.0
42.0239,-82.6607,0.0
42.0240,-82.6485,0.0
42.0241,-82.6364,0.0
42.0242,-82.6242,0.0
42.0243,-82.6120,0.0
42.0244,-82.5999,0.0
42.0153,-82.5997,0.0
42.0154,-82.5876,0.0
42.0064,-82.5875,0.0
42.0065,-82.5753,0.0
41.9974,-82.5752,0.0
41.9975,-82.5630,0.0
41.9885,-82.5629,0.0
41.9886,-82.5507,0.0
41.9795,-82.5506,0.0
41.9705,-82.5505,0.0
41.9706,-82.5383,0.0
41.9615,-82.5382,0.0
41.9525,-82.5381,0.0
41.9526,-82.5260,0.0
41.9435,-82.5259,0.0
41.9345,-82.5257,0.0
41.9346,-82.5136,0.0
41.9256,-82.5135,0.0
41.9165,-82.5134,0.0
41.9075,-82.5133,0.0
41.9076,-82.5011,0.0
41.9166,-82.5012,0.0
41.9256,-82.5013,0.0
41.9347,-82.5014,0.0
41.9437,-82.5015,0.0
41.9528,-82.5017,0.0
41.9618,-82.5018,0.0
41.9708,-82.5019,0.0
41.9799,-82.5020,0.0
41.9889,-82.5021,0.0
41.9979,-82.5022,0.0
42.0070,-82.5023,0.0
42.0071,-82.4901,0.0
42.0161,-82.4902,0.0
42.0251,-82.4904,0.0
42.0342,-82.4905,0.0
42.0343,-82.4783,0.0
42.0433,-82.4784,0.0
42.0523,-82.4785,0.0
42.0524,-82.4663,0.0
42.0615,-82.4664,0.0
42.0615,-82.4543,0.0
42.0706,-82.4544,0.0
42.0706,-82.4422,0.0
42.0797,-82.4423,0.0
42.0798,-82.4301,0.0
42.0888,-82.4302,0.0
42.0978,-82.4303,0.0
42.0979,-82.4181,0.0
42.0980,-82.4059,0.0
42.1070,-82.4060,0.0
42.1071,-82.3938,0.0
42.1161,-82.3939,0.0
42.1162,-82.3818,0.0
42.1163,-82.3696,0.0
42.1253,-82.3697,0.0
42.1254,-82.3575,0.0
42.1344,-82.3576,0.0
42.1345,-82.3454,0.0
42.1345,-82.3332,0.0
42.1436,-82.3333,0.0
42.1436,-82.3211,0.0
42.1437,-82.3089,0.0
42.1527,-82.3090,0.0
42.1528,-82.2968,0.0
42.1529,-82.2846,0.0
42.1529,-82.2724,0.0
42.1619,-82.2725,0.0
42.1620,-82.2603,0.0
42.1621,-82.2481,0.0
42.1711,-82.2481,0.0
42.1712,-82.2359,0.0
42.1712,-82.2237,0.0
42.1802,-82.2238,0.0
42.1803,-82.2116,0.0
42.1893,-82.2117,0.0
42.1894,-82.1995,0.0
42.1894,-82.1873,0.0
42.1985,-82.1873,0.0
42.1985,-82.1751,0.0
42.1986,-82.1629,0.0
42.2076,-82.1630,0.0
42.2076,-82.1508,0.0
42.2167,-82.1509,0.0
42.2167,-82.1387,0.0
42.2168,-82.1264,0.0
42.2258,-82.1265,0.0
42.2258,-82.1143,0.0
42.2349,-82.1143,0.0
42.2349,-82.1021,0.0
42.2350,-82.0899,0.0
42.2440,-82.0900,0.0
42.2440,-82.0778,0.0
42.2531,-82.0778,0.0
42.2531,-82.0656,0.0
42.2531,-82.0534,0.0
42.2532,-82.0412,0.0
42.2532,-82.0290,0.0
42.2532,-82.0168,0.0
42.2533,-82.0045,0.0
42.2623,-82.0046,0.0
42.2623,-81.9924,0.0
42.2624,-81.9802,0.0
42.2624,-81.9679,0.0
42.2624,-81.9557,0.0
42.2624,-81.9435,0.0
42.2534,-81.9435,0.0
42.2534,-81.9313,0.0
42.2534,-81.9191,0.0
42.2535,-81.9068,0.0
42.2535,-81.8946,0.0
42.2535,-81.8824,0.0
42.2444,-81.8824,0.0
42.2445,-81.8702,0.0
42.2445,-81.8580,0.0
42.2445,-81.8458,0.0
42.2535,-81.8458,0.0
42.2626,-81.8458,0.0
42.2716,-81.8458,0.0
42.2806,-81.8458,0.0
42.2897,-81.8458,0.0
42.2987,-81.8459,0.0
42.3078,-81.8459,0.0
42.3168,-81.8459,0.0
42.3258,-81.8459,0.0
42.3349,-81.8459,0.0
42.3349,-81.8337,0.0
42.3439,-81.8337,0.0
42.3530,-81.8337,0.0
42.3620,-81.8337,0.0
42.3620,-81.8215,0.0
42.3711,-81.8215,0.0
42.3801,-81.8215,0.0
42.3801,-81.8093,0.0
42.3891,-81.8093,0.0
42.3892,-81.7970,0.0
42.3892,-81.7848,0.0
42.3982,-81.7848,0.0
42.3982,-81.7726,0.0
42.4072,-81.7726,0.0
42.4072,-81.7603,0.0
42.4072,-81.7481,0.0
42.4163,-81.7481,0.0
42.4163,-81.7359,0.0
42.4253,-81.7359,0.0
42.4253,-81.7236,0.0
42.4253,-81.7114,0.0
42.4344,-81.7114,0.0
42.4434,-81.7114,0.0
42.4434,-81.6991,0.0
42.4434,-81.6869,0.0
42.4524,-81.6868,0.0
42.4524,-81.6746,0.0
42.4615,-81.6746,0.0
42.4705,-81.6746,0.0
42.4705,-81.6623,0.0
42.4795,-81.6623,0.0
42.4795,-81.6501,0.0
42.4886,-81.6500,0.0
42.4886,-81.6378,0.0
42.4976,-81.6378,0.0
42.4976,-81.6255,0.0
42.5066,-81.6255,0.0
42.5066,-81.6132,0.0
42.5157,-81.6132,0.0
42.5156,-81.6009,0.0
42.5156,-81.5887,0.0
42.5247,-81.5887,0.0
42.5246,-81.5764,0.0
42.5337,-81.5764,0.0
42.5337,-81.5641,0.0
42.5427,-81.5641,0.0
42.5427,-81.5518,0.0
42.5517,-81.5518,0.0
42.5517,-81.5395,0.0
42.5517,-81.5272,0.0
42.5607,-81.5272,0.0
42.5607,-81.5149,0.0
42.5697,-81.5149,0.0
42.5697,-81.5026,0.0
42.5697,-81.4904,0.0
42.5787,-81.4903,0.0
42.5787,-81.4780,0.0
42.5787,-81.4658,0.0
42.5877,-81.4657,0.0
42.5877,-81.4534,0.0
42.5967,-81.4534,0.0
42.5967,-81.4411,0.0
42.5967,-81.4288,0.0
42.5966,-81.4166,0.0
42.6057,-81.4165,0.0
42.6056,-81.4042,0.0
42.6056,-81.3920,0.0
42.6056,-81.3797,0.0
42.6146,-81.3796,0.0
42.6236,-81.3796,0.0
42.6236,-81.3673,0.0
42.6326,-81.3672,0.0
42.6326,-81.3549,0.0
42.6416,-81.3549,0.0
42.6416,-81.3426,0.0
42.6415,-81.3303,0.0
42.6415,-81.3180,0.0
42.6505,-81.3180,0.0
42.6505,-81.3057,0.0
42.6505,-81.2934,0.0
42.6595,-81.2933,0.0
42.6594,-81.2810,0.0
42.6594,-81.2687,0.0
42.6593,-81.2564,0.0
42.6593,-81.2441,0.0
42.6592,-81.2319,0.0
42.6592,-81.2196,0.0
42.6591,-81.2073,0.0
42.6591,-81.1950,0.0
42.6590,-81.1827,0.0
42.6589,-81.1704,0.0
42.6589,-81.1581,0.0
42.6588,-81.1458,0.0
42.6588,-81.1335,0.0
42.6587,-81.1212,0.0
42.6586,-81.1089,0.0
42.6586,-81.0966,0.0
42.6585,-81.0844,0.0
42.6584,-81.0721,0.0
42.6583,-81.0598,0.0
42.6583,-81.0475,0.0
42.6582,-81.0352,0.0
42.6581,-81.0229,0.0
42.6491,-81.0230,0.0
42.6490,-81.0107,0.0
42.6489,-80.9984,0.0
42.6580,-80.9983,0.0
42.6579,-80.9860,0.0
42.6578,-80.9737,0.0
42.6577,-80.9614,0.0
42.6576,-80.9491,0.0
42.6576,-80.9369,0.0
42.6575,-80.9246,0.0
42.6574,-80.9123,0.0
42.6573,-80.9000,0.0
42.6572,-80.8877,0.0
42.6571,-80.8754,0.0
42.6481,-80.8755,0.0
42.6480,-80.8632,0.0
42.6479,-80.8509,0.0
42.6478,-80.8387,0.0
42.6477,-80.8264,0.0
42.6476,-80.8141,0.0
42.6475,-80.8018,0.0
42.6385,-80.8019,0.0
42.6384,-80.7896,0.0
42.6382,-80.7774,0.0
42.6381,-80.7651,0.0
42.6291,-80.7652,0.0
42.6290,-80.7529,0.0
42.6200,-80.7531,0.0
42.6199,-80.7408,0.0
42.6198,-80.7285,0.0
42.6196,-80.7162,0.0
42.6106,-80.7164,0.0
42.6105,-80.7041,0.0
42.6015,-80.7042,0.0
42.6013,-80.6920,0.0
42.6012,-80.6797,0.0
42.6011,-80.6674,0.0
42.5921,-80.6675,0.0
42.5920,-80.6553,0.0
42.5918,-80.6430,0.0
42.5828,-80.6432,0.0
42.5827,-80.6309,0.0
42.5826,-80.6186,0.0
42.5825,-80.6063,0.0
42.5734,-80.6065,0.0
42.5733,-80.5942,0.0
42.5732,-80.5819,0.0
42.5730,-80.5697,0.0
42.5729,-80.5574,0.0
42.5728,-80.5451,0.0
42.5727,-80.5328,0.0
42.5725,-80.5206,0.0
42.5724,-80.5083,0.0
42.5723,-80.4960,0.0
42.5721,-80.4837,0.0
42.5720,-80.4715,0.0
42.5719,-80.4592,0.0
42.5717,-80.4469,0.0
42.5716,-80.4347,0.0
42.5715,-80.4224,0.0
42.5805,-80.4222,0.0
42.5803,-80.4099,0.0
42.5802,-80.3976,0.0
42.5801,-80.3854,0.0
42.5710,-80.3856,0.0
42.5709,-80.3733,0.0
42.5707,-80.3610,0.0
42.5706,-80.3487,0.0
42.5704,-80.3365,0.0
42.5614,-80.3367,0.0
42.5612,-80.3244,0.0
42.5611,-80.3121,0.0
42.5609,-80.2999,0.0
42.5608,-80.2876,0.0
42.5606,-80.2753,0.0
42.5516,-80.2755,0.0
42.5514,-80.2633,0.0
42.5513,-80.2510,0.0
42.5511,-80.2387,0.0
42.5510,-80.2265,0.0
42.5419,-80.2267,0.0
42.5418,-80.2144,0.0
42.5416,-80.2021,0.0
42.5414,-80.1899,0.0
42.5413,-80.1776,0.0
42.5411,-80.1653,0.0
42.5409,-80.1531,0.0
42.5408,-80.1408,0.0
42.5406,-80.1285,0.0
42.5404,-80.1163,0.0
42.5402,-80.1040,0.0
42.5401,-80.0917,0.0
42.5399,-80.0795,0.0
42.5397,-80.0672,0.0
42.5395,-80.0549,0.0
42.5486,-80.0547,0.0
42.5488,-80.0670,0.0
42.5578,-80.0667,0.0
42.5580,-80.0790,0.0
42.5581,-80.0913,0.0
42.5583,-80.1035,0.0
42.5585,-80.1158,0.0
42.5587,-80.1281,0.0
42.5677,-80.1278,0.0
42.5679,-80.1401,0.0
42.5769,-80.1399,0.0
42.5859,-80.1396,0.0
42.5861,-80.1519,0.0
42.5863,-80.1642,0.0
42.5772,-80.1644,0.0
42.5771,-80.1522,0.0
42.5680,-80.1524,0.0
42.5682,-80.1647,0.0
42.5684,-80.1769,0.0
42.5593,-80.1772,0.0
42.5595,-80.1894,0.0
42.5597,-80.2017,0.0
42.5687,-80.2015,0.0
42.5689,-80.2137,0.0
42.5690,-80.2260,0.0
42.5692,-80.2383,0.0
42.5694,-80.2506,0.0
42.5784,-80.2503,0.0
42.5786,-80.2626,0.0
42.5876,-80.2624,0.0
42.5966,-80.2622,0.0
42.5968,-80.2745,0.0
42.6058,-80.2743,0.0
42.6060,-80.2865,0.0
42.6150,-80.2863,0.0
42.6240,-80.2861,0.0
42.6242,-80.2984,0.0
42.6152,-80.2986,0.0
42.6061,-80.2988,0.0
42.6063,-80.3111,0.0
42.5972,-80.3113,0.0
42.5974,-80.3236,0.0
42.5975,-80.3359,0.0
42.5977,-80.3481,0.0
42.5978,-80.3604,0.0
42.5980,-80.3727,0.0
42.5890,-80.3729,0.0
42.5891,-80.3852,0.0
42.5892,-80.3974,0.0
42.5983,-80.3972,0.0
42.5984,-80.4095,0.0
42.5986,-80.4218,0.0
42.5987,-80.4341,0.0
42.5897,-80.4343,0.0
42.5898,-80.4466,0.0
42.5988,-80.4464,0.0
42.6079,-80.4462,0.0
42.6169,-80.4460,0.0
42.6260,-80.4458,0.0
42.6258,-80.4335,0.0
42.6349,-80.4333,0.0
42.6347,-80.4210,0.0
42.6438,-80.4208,0.0
42.6436,-80.4086,0.0
42.6526,-80.4084,0.0
42.6525,-80.3961,0.0
42.6615,-80.3959,0.0
42.6614,-80.3836,0.0
42.6524,-80.3838,0.0
42.6522,-80.3715,0.0
42.6521,-80.3592,0.0
42.6519,-80.3469,0.0
42.6429,-80.3471,0.0
42.6338,-80.3473,0.0
42.6337,-80.3350,0.0
42.6427,-80.3348,0.0
42.6426,-80.3226,0.0
42.6516,-80.3223,0.0
42.6607,-80.3221,0.0
42.6697,-80.3219,0.0
42.6787,-80.3217,0.0
42.6878,-80.3215,0.0
42.6968,-80.3213,0.0
42.6966,-80.3090,0.0
42.7057,-80.3088,0.0
42.7055,-80.2965,0.0
42.7146,-80.2963,0.0
42.7144,-80.2840,0.0
42.7235,-80.2838,0.0
42.7325,-80.2836,0.0
42.7323,-80.2713,0.0
42.7322,-80.2590,0.0
42.7412,-80.2587,0.0
42.7502,-80.2585,0.0
42.7501,-80.2462,0.0
42.7591,-80.2460,0.0
42.7590,-80.2337,0.0
42.7680,-80.2335,0.0
42.7678,-80.2212,0.0
42.7769,-80.2209,0.0
42.7767,-80.2086,0.0
42.7765,-80.1963,0.0
42.7856,-80.1961,0.0
42.7854,-80.1838,0.0
42.7852,-80.1715,0.0
42.7851,-80.1591,0.0
42.7849,-80.1468,0.0
42.7847,-80.1345,0.0
42.7846,-80.1222,0.0
42.7844,-80.1099,0.0
42.7842,-80.0976,0.0
42.7840,-80.0853,0.0
42.7839,-80.0729,0.0
42.7929,-80.0727,0.0
42.7927,-80.0604,0.0
42.7925,-80.0481,0.0
42.7924,-80.0357,0.0
42.8014,-80.0355,0.0
42.8012,-80.0232,0.0
42.8010,-80.0109,0.0
42.8008,-79.9985,0.0
42.7918,-79.9988,0.0
42.7916,-79.9865,0.0
42.7914,-79.9742,0.0
42.8005,-79.9739,0.0
42.8003,-79.9616,0.0
42.8001,-79.9493,0.0
42.8091,-79.9490,0.0
42.8089,-79.9367,0.0
42.8180,-79.9364,0.0
42.8178,-79.9241,0.0
42.8176,-79.9118,0.0
42.8174,-79.8995,0.0
42.8083,-79.8997,0.0
42.8081,-79.8874,0.0
42.8172,-79.8872,0.0
42.8170,-79.8748,0.0
42.8168,-79.8625,0.0
42.8166,-79.8502,0.0
42.8164,-79.8379,0.0
42.8254,-79.8376,0.0
42.8252,-79.8253,0.0
42.8250,-79.8129,0.0
42.8340,-79.8127,0.0
42.8338,-79.8003,0.0
42.8336,-79.7880,0.0
42.8334,-79.7757,0.0
42.8332,-79.7634,0.0
42.8330,-79.7510,0.0
42.8420,-79.7508,0.0
42.8418,-79.7384,0.0
42.8508,-79.7381,0.0
42.8506,-79.7258,0.0
42.8504,-79.7135,0.0
42.8502,-79.7012,0.0
42.8500,-79.6888,0.0
42.8497,-79.6765,0.0
42.8495,-79.6642,0.0
42.8405,-79.6645,0.0
42.8403,-79.6522,0.0
42.8400,-79.6398,0.0
42.8310,-79.6401,0.0
42.8308,-79.6278,0.0
42.8306,-79.6155,0.0
42.8303,-79.6032,0.0
42.8394,-79.6029,0.0
42.8484,-79.6026,0.0
42.8482,-79.5902,0.0
42.8479,-79.5779,0.0
42.8477,-79.5656,0.0
42.8475,-79.5532,0.0
42.8384,-79.5536,0.0
42.8382,-79.5412,0.0
42.8380,-79.5289,0.0
42.8470,-79.5286,0.0
42.8468,-79.5163,0.0
42.8465,-79.5039,0.0
42.8375,-79.5043,0.0
42.8372,-79.4920,0.0
42.8370,-79.4796,0.0
42.8460,-79.4793,0.0
42.8458,-79.4670,0.0
42.8548,-79.4666,0.0
42.8546,-79.4543,0.0
42.8636,-79.4540,0.0
42.8634,-79.4417,0.0
42.8631,-79.4293,0.0
42.8629,-79.4170,0.0
42.8626,-79.4047,0.0
42.8624,-79.3923,0.0
42.8621,-79.3800,0.0
42.8619,-79.3677,0.0
42.8616,-79.3554,0.0
42.8526,-79.3557,0.0
42.8523,-79.3434,0.0
42.8521,-79.3311,0.0
42.8611,-79.3307,0.0
42.8608,-79.3184,0.0
42.8699,-79.3180,0.0
42.8696,-79.3057,0.0
42.8693,-79.2934,0.0
42.8691,-79.2810,0.0
42.8600,-79.2814,0.0
42.8598,-79.2691,0.0
42.8688,-79.2687,0.0
42.8685,-79.2564,0.0
42.8683,-79.2440,0.0
42.8680,-79.2317,0.0
42.8677,-79.2194,0.0
42.8675,-79.2071,0.0
42.8672,-79.1947,0.0
42.8582,-79.1951,0.0
42.8579,-79.1828,0.0
42.8669,-79.1824,0.0
42.8667,-79.1701,0.0
42.8664,-79.1578,0.0
42.8661,-79.1454,0.0
42.8658,-79.1331,0.0
42.8568,-79.1335,0.0
42.8565,-79.1212,0.0
42.8562,-79.1088,0.0
42.8472,-79.1092,0.0
42.8469,-79.0969,0.0
42.8379,-79.0973,0.0
42.8289,-79.0977,0.0
42.8286,-79.0853,0.0
42.8376,-79.0850,0.0
42.8466,-79.0846,0.0
42.8463,-79.0722,0.0
42.8554,-79.0719,0.0
42.8551,-79.0595,0.0
42.8461,-79.0599,0.0
42.8458,-79.0476,0.0
42.8548,-79.0472,0.0
42.8545,-79.0349,0.0
42.8635,-79.0345,0.0
42.8632,-79.0222,0.0
42.8630,-79.0098,0.0
42.8627,-78.9975,0.0
42.8624,-78.9852,0.0
42.8621,-78.9729,0.0
42.8711,-78.9724,0.0
42.8708,-78.9601,0.0
42.8705,-78.9478,0.0
42.8702,-78.9355,0.0
42.8699,-78.9231,0.0
42.8789,-78.9227,0.0
42.8880,-78.9223,0.0
42.8877,-78.9100,0.0
42.8874,-78.8977,0.0
42.8870,-78.8853,0.0
42.8780,-78.8857,0.0
42.8690,-78.8862,0.0
42.8687,-78.8738,0.0
42.8597,-78.8742,0.0
42.8593,-78.8619,0.0
42.8590,-78.8496,0.0
42.8500,-78.8500,0.0
42.8410,-78.8504,0.0
42.8320,-78.8509,0.0
42.8229,-78.8513,0.0
42.8139,-78.8517,0.0
42.8049,-78.8521,0.0
42.7958,-78.8526,0.0
42.7868,-78.8530,0.0
42.7865,-78.8407,0.0
42.7775,-78.8411,0.0
42.7778,-78.8534,0.0
42.7688,-78.8538,0.0
42.7597,-78.8542,0.0
42.7600,-78.8665,0.0
42.7510,-78.8670,0.0
42.7513,-78.8793,0.0
42.7423,-78.8797,0.0
42.7426,-78.8920,0.0
42.7429,-78.9043,0.0
42.7339,-78.9047,0.0
42.7342,-78.9170,0.0
42.7251,-78.9174,0.0
42.7254,-78.9297,0.0
42.7257,-78.9420,0.0
42.7167,-78.9424,0.0
42.7170,-78.9547,0.0
42.7080,-78.9551,0.0
42.7083,-78.9674,0.0
42.6993,-78.9678,0.0
42.6995,-78.9801,0.0
42.6905,-78.9805,0.0
42.6908,-78.9928,0.0
42.6911,-79.0051,0.0
42.6914,-79.0174,0.0
42.6917,-79.0297,0.0
42.6827,-79.0301,0.0
42.6829,-79.0424,0.0
42.6739,-79.0428,0.0
42.6649,-79.0432,0.0
42.6652,-79.0554,0.0
42.6561,-79.0558,0.0
42.6471,-79.0562,0.0
42.6381,-79.0566,0.0
42.6384,-79.0689,0.0
42.6293,-79.0693,0.0
42.6296,-79.0816,0.0
42.6206,-79.0819,0.0
42.6209,-79.0942,0.0
42.6119,-79.0946,0.0
42.6121,-79.1069,0.0
42.6031,-79.1073,0.0
42.5941,-79.1076,0.0
42.5944,-79.1199,0.0
42.5853,-79.1203,0.0
42.5763,-79.1207,0.0
42.5766,-79.1329,0.0
42.5675,-79.1333,0.0
42.5585,-79.1337,0.0
42.5495,-79.1341,0.0
42.5498,-79.1463,0.0
42.5500,-79.1586,0.0
42.5410,-79.1590,0.0
42.5413,-79.1712,0.0
42.5416,-79.1835,0.0
42.5418,-79.1958,0.0
42.5328,-79.1961,0.0
42.5331,-79.2084,0.0
42.5333,-79.2207,0.0
42.5243,-79.2210,0.0
42.5246,-79.2333,0.0
42.5248,-79.2456,0.0
42.5158,-79.2459,0.0
42.5161,-79.2582,0.0
42.5163,-79.2704,0.0
42.5073,-79.2708,0.0
42.5076,-79.2830,0.0
42.4985,-79.2834,0.0
42.4988,-79.2957,0.0
42.4898,-79.2960,0.0
42.4900,-79.3083,0.0
42.4903,-79.3205,0.0
42.4812,-79.3209,0.0
42.4815,-79.3331,0.0
42.4818,-79.3454,0.0
42.4820,-79.3576,0.0
42.4730,-79.3580,0.0
42.4732,-79.3702,0.0
42.4642,-79.3706,0.0
42.4645,-79.3828,0.0
42.4554,-79.3831,0.0
42.4557,-79.3954,0.0
42.4466,-79.3957,0.0
42.4469,-79.4080,0.0
42.4471,-79.4202,0.0
42.4381,-79.4206,0.0
42.4291,-79.4209,0.0
42.4200,-79.4212,0.0
42.4110,-79.4216,0.0
42.4113,-79.4338,0.0
42.4022,-79.4341,0.0
42.4025,-79.4464,0.0
42.4027,-79.4586,0.0
42.4030,-79.4708,0.0
42.3939,-79.4712,0.0
42.3942,-79.4834,0.0
42.3851,-79.4837,0.0
42.3854,-79.4960,0.0
42.3763,-79.4963,0.0
42.3766,-79.5085,0.0
42.3675,-79.5088,0.0
42.3678,-79.5211,0.0
42.3587,-79.5214,0.0
42.3590,-79.5336,0.0
42.3592,-79.5459,0.0
42.3502,-79.5462,0.0
42.3504,-79.5584,0.0
42.3414,-79.5587,0.0
42.3416,-79.5709,0.0
42.3418,-79.5832,0.0
42.3328,-79.5835,0.0
42.3330,-79.5957,0.0
42.3333,-79.6079,0.0
42.3242,-79.6082,0.0
42.3245,-79.6204,0.0
42.3154,-79.6208,0.0
42.3156,-79.6330,0.0
42.3066,-79.6333,0.0
42.3068,-79.6455,0.0
42.3071,-79.6577,0.0
42.2980,-79.6580,0.0
42.2982,-79.6702,0.0
42.2892,-79.6705,0.0
42.2894,-79.6827,0.0
42.2896,-79.6950,0.0
42.2806,-79.6953,0.0
42.2808,-79.7075,0.0
42.2810,-79.7197,0.0
42.2720,-79.7200,0.0
42.2722,-79.7322,0.0
42.2724,-79.7444,0.0
42.2726,-79.7566,0.0
42.2636,-79.7569,0.0
42.2638,-79.7691,0.0
42.2640,-79.7813,0.0
42.2550,-79.7816,0.0
42.2552,-79.7938,0.0
42.2462,-79.7941,0.0
42.2464,-79.8063,0.0
42.2466,-79.8185,0.0
42.2375,-79.8188,0.0
42.2377,-79.8310,0.0
42.2287,-79.8313,0.0
42.2289,-79.8435,0.0
42.2291,-79.8557,0.0
42.2293,-79.8679,0.0
42.2203,-79.8681,0.0
42.2205,-79.8803,0.0
42.2207,-79.8926,0.0
42.2116,-79.8928,0.0
42.2118,-79.9050,0.0
42.2120,-79.9172,0.0
42.2030,-79.9175,0.0
42.2032,-79.9297,0.0
42.1942,-79.9299,0.0
42.1943,-79.9421,0.0
42.1945,-79.9543,0.0
42.1855,-79.9546,0.0
42.1857,-79.9668,0.0
42.1859,-79.9790,0.0
42.1768,-79.9792,0.0
42.1770,-79.9914,0.0
42.1680,-79.9917,0.0
42.1682,-80.0039,0.0
42.1591,-80.0041,0.0
42.1593,-80.0163,0.0
42.1595,-80.0285,0.0
42.1505,-80.0288,0.0
42.1506,-80.0409,0.0
42.1416,-80.0412,0.0
42.1418,-80.0534,0.0
42.1420,-80.0656,0.0
42.1421,-80.0778,0.0
42.1331,-80.0780,0.0
42.1333,-80.0902,0.0
42.1242,-80.0904,0.0
42.1244,-80.1026,0.0
42.1246,-80.1148,0.0
42.1156,-80.1150,0.0
42.1157,-80.1272,0.0
42.1159,-80.1394,0.0
42.1249,-80.1392,0.0
42.1340,-80.1389,0.0
42.1338,-80.1267,0.0
42.1428,-80.1265,0.0
42.1427,-80.1143,0.0
42.1425,-80.1021,0.0
42.1423,-80.0899,0.0
42.1514,-80.0897,0.0
42.1512,-80.0775,0.0
42.1602,-80.0773,0.0
42.1604,-80.0895,0.0
42.1606,-80.1017,0.0
42.1607,-80.1139,0.0
42.1517,-80.1141,0.0
42.1519,-80.1263,0.0
42.1428,-80.1265,0.0
42.1430,-80.1387,0.0
42.1340,-80.1389,0.0
42.1341,-80.1511,0.0
42.1251,-80.1513,0.0
42.1161,-80.1516,0.0
42.1070,-80.1518,0.0
42.1072,-80.1640,0.0
42.0982,-80.1642,0.0
42.0983,-80.1764,0.0
42.0893,-80.1766,0.0
42.0895,-80.1888,0.0
42.0896,-80.2010,0.0
42.0806,-80.2012,0.0
42.0807,-80.2134,0.0
42.0717,-80.2136,0.0
42.0719,-80.2258,0.0
42.0720,-80.2379,0.0
42.0630,-80.2381,0.0
42.0632,-80.2503,0.0
42.0633,-80.2625,0.0
42.0543,-80.2627,0.0
42.0544,-80.2749,0.0
42.0546,-80.2870,0.0
42.0455,-80.2873,0.0
42.0457,-80.2994,0.0
42.0367,-80.2996,0.0
42.0368,-80.3118,0.0
42.0370,-80.3240,0.0
42.0279,-80.3242,0.0
42.0281,-80.3363,0.0
42.0282,-80.3485,0.0
42.0192,-80.3487,0.0
42.0193,-80.3609,0.0
42.0195,-80.3730,0.0
42.0104,-80.3732,0.0
42.0106,-80.3854,0.0
42.0107,-80.3976,0.0
42.0017,-80.3977,0.0
42.0018,-80.4099,0.0
42.0020,-80.4221,0.0
42.0021,-80.4342,0.0
42.0022,-80.4464,0.0
41.9932,-80.4466,0.0
41.9933,-80.4587,0.0
41.9935,-80.4709,0.0
41.9936,-80.4831,0.0
41.9846,-80.4832,0.0
41.9847,-80.4954,0.0
41.9848,-80.5076,0.0
41.9758,-80.5077,0.0
41.9759,-80.5199,0.0
41.9761,-80.5321,0.0
41.9670,-80.5322,0.0
41.9671,-80.5444,0.0
41.9673,-80.5565,0.0
41.9674,-80.5687,0.0
41.9584,-80.5689,0.0
41.9585,-80.5810,0.0
41.9586,-80.5932,0.0
41.9496,-80.5933,0.0
41.9497,-80.6055,0.0
41.9498,-80.6176,0.0
41.9408,-80.6178,0.0
41.9409,-80.6300,0.0
41.9410,-80.6421,0.0
41.9411,-80.6543,0.0
41.9321,-80.6544,0.0
41.9322,-80.6666,0.0
41.9323,-80.6787,0.0
41.9233,-80.6789,0.0
41.9234,-80.6910,0.0
41.9235,-80.7032,0.0
41.9236,-80.7153,0.0
41.9146,-80.7155,0.0
41.9147,-80.7276,0.0
41.9148,-80.7397,0.0
41.9149,-80.7519,0.0
41.9150,-80.7640,0.0
41.9059,-80.7642,0.0
41.9060,-80.7763,0.0
41.9061,-80.7885,0.0
41.8971,-80.7886,0.0
41.8972,-80.8007,0.0
41.8973,-80.8129,0.0
41.8974,-80.8250,0.0
41.8884,-80.8252,0.0
41.8885,-80.8373,0.0
41.8886,-80.8494,0.0
41.8886,-80.8616,0.0
41.8796,-80.8617,0.0
41.8797,-80.8739,0.0
41.8798,-80.8860,0.0
41.8707,-80.8861,0.0
41.8708,-80.8983,0.0
41.8709,-80.9104,0.0
41.8710,-80.9225,0.0
41.8620,-80.9226,0.0
41.8621,-80.9348,0.0
41.8621,-80.9469,0.0
41.8622,-80.9591,0.0
41.8532,-80.9592,0.0
41.8533,-80.9713,0.0
41.8533,-80.9834,0.0
41.8534,-80.9956,0.0
41.8535,-81.0077,0.0
41.8536,-81.0198,0.0
41.8445,-81.0200,0.0
41.8446,-81.0321,0.0
41.8447,-81.0442,0.0
41.8357,-81.0443,0.0
41.8357,-81.0564,0.0
41.8358,-81.0686,0.0
41.8268,-81.0687,0.0
41.8268,-81.0808,0.0
41.8269,-81.0929,0.0
41.8179,-81.0930,0.0
41.8179,-81.1052,0.0
41.8180,-81.1173,0.0
41.8090,-81.1174,0.0
41.8090,-81.1295,0.0
41.8091,-81.1416,0.0
41.8000,-81.1417,0.0
41.8001,-81.1538,0.0
41.8002,-81.1660,0.0
41.7911,-81.1660,0.0
41.7912,-81.1782,0.0
41.7912,-81.1903,0.0
41.7913,-81.2024,0.0
41.7823,-81.2025,0.0
41.7823,-81.2146,0.0
41.7733,-81.2147,0.0
41.7733,-81.2268,0.0
41.7734,-81.2389,0.0
41.7643,-81.2390,0.0
41.7644,-81.2511,0.0
41.7645,-81.2632,0.0
41.7554,-81.2633,0.0
41.7555,-81.2754,0.0
41.7555,-81.2875,0.0
41.7556,-81.2997,0.0
41.7465,-81.2997,0.0
41.7466,-81.3118,0.0
41.7466,-81.3240,0.0
41.7376,-81.3240,0.0
41.7376,-81.3361,0.0
41.7377,-81.3482,0.0
41.7286,-81.3483,0.0
41.7287,-81.3604,0.0
41.7287,-81.3725,0.0
41.7197,-81.3726,0.0
41.7197,-81.3847,0.0
41.7107,-81.3847,0.0
41.7107,-81.3968,0.0
41.7107,-81.4090,0.0
41.7017,-81.4090,0.0
41.6926,-81.4090,0.0
41.6927,-81.4211,0.0
41.6836,-81.4212,0.0
41.6837,-81.4333,0.0
41.6837,-81.4454,0.0
41.6747,-81.4454,0.0
41.6747,-81.4575,0.0
41.6657,-81.4576,0.0
41.6657,-81.4697,0.0
41.6566,-81.4697,0.0
41.6476,-81.4698,0.0
41.6476,-81.4819,0.0
41.6386,-81.4819,0.0
41.6386,-81.4940,0.0
41.6296,-81.4940,0.0
41.6296,-81.5061,0.0
41.6206,-81.5062,0.0
41.6206,-81.5182,0.0
41.6206,-81.5303,0.0
41.6116,-81.5304,0.0
41.6116,-81.5425,0.0
41.6026,-81.5425,0.0
41.6026,-81.5546,0.0
41.5935,-81.5546,0.0
41.5936,-81.5667,0.0
41.5845,-81.5667,0.0
41.5845,-81.5788,0.0
41.5755,-81.5788,0.0
41.5755,-81.5909,0.0
41.5665,-81.5909,0.0
41.5665,-81.6030,0.0
41.5665,-81.6151,0.0
41.5575,-81.6151,0.0
41.5575,-81.6272,0.0
41.5484,-81.6272,0.0
41.5484,-81.6393,0.0
41.5394,-81.6393,0.0
41.5394,-81.6514,0.0
41.5304,-81.6514,0.0
41.5304,-81.6635,0.0
41.5213,-81.6635,0.0
41.5213,-81.6755,0.0
41.5214,-81.6876,0.0
41.5123,-81.6876,0.0
41.5123,-81.6997,0.0
41.5033,-81.6997,0.0
41.5033,-81.7118,0.0
41.5033,-81.7238,0.0
41.4942,-81.7238,0.0
41.4942,-81.7359,0.0
41.4942,-81.7480,0.0
41.4942,-81.7600,0.0
41.4942,-81.7721,0.0
41.4942,-81.7842,0.0
41.4942,-81.7963,0.0
41.4942,-81.8083,0.0
41.4942,-81.8204,0.0
41.4942,-81.8325,0.0
41.4942,-81.8445,0.0
41.4852,-81.8445,0.0
41.4851,-81.8566,0.0
41.4851,-81.8686,0.0
41.4851,-81.8807,0.0
41.4851,-81.8928,0.0
41.4851,-81.9048,0.0
41.4851,-81.9169,0.0
41.4851,-81.9290,0.0
41.4850,-81.9410,0.0
41.4850,-81.9531,0.0
41.4941,-81.9531,0.0
41.4940,-81.9652,0.0
41.5031,-81.9652,0.0
41.5030,-81.9773,0.0
41.5030,-81.9894,0.0
41.5121,-81.9894,0.0
41.5120,-82.0015,0.0
41.5120,-82.0136,0.0
41.5120,-82.0256,0.0
41.5119,-82.0377,0.0
41.5119,-82.0498,0.0
41.5029,-82.0497,0.0
41.5028,-82.0618,0.0
41.5028,-82.0739,0.0
41.5028,-82.0859,0.0
41.4937,-82.0859,0.0
41.4937,-82.0980,0.0
41.4937,-82.1100,0.0
41.4936,-82.1221,0.0
41.4846,-82.1220,0.0
41.4845,-82.1341,0.0
41.4845,-82.1462,0.0
41.4755,-82.1461,0.0
41.4754,-82.1582,0.0
41.4754,-82.1703,0.0
41.4753,-82.1823,0.0
41.4663,-82.1823,0.0
41.4662,-82.1943,0.0
41.4572,-82.1943,0.0
41.4571,-82.2063,0.0
41.4571,-82.2184,0.0
41.4481,-82.2183,0.0
41.4480,-82.2304,0.0
41.4480,-82.2424,0.0
41.4389,-82.2424,0.0
41.4389,-82.2544,0.0
41.4388,-82.2665,0.0
41.4298,-82.2664,0.0
41.4297,-82.2785,0.0
41.4297,-82.2905,0.0
41.4296,-82.3026,0.0
41.4295,-82.3146,0.0
41.4295,-82.3267,0.0
41.4294,-82.3387,0.0
41.4294,-82.3508,0.0
41.4293,-82.3629,0.0
41.4292,-82.3749,0.0
41.4292,-82.3870,0.0
41.4291,-82.3990,0.0
41.4201,-82.3989,0.0
41.4200,-82.4110,0.0
41.4109,-82.4109,0.0
41.4109,-82.4229,0.0
41.4108,-82.4350,0.0
41.4018,-82.4349,0.0
41.4017,-82.4470,0.0
41.3926,-82.4469,0.0
41.3926,-82.4589,0.0
41.3925,-82.4710,0.0
41.3835,-82.4709,0.0
41.3834,-82.4829,0.0
41.3833,-82.4949,0.0
41.3832,-82.5070,0.0
41.3831,-82.5190,0.0
41.3831,-82.5311,0.0
41.3830,-82.5431,0.0
42.0453,-83.2088,1.0
42.0544,-83.2091,1.0
42.0634,-83.2093,1.0
42.0633,-83.2214,1.0
42.0723,-83.2216,1.0
42.0813,-83.2219,1.0
42.0812,-83.2340,1.0
42.0902,-83.2342,1.0
42.0992,-83.2345,1.0
42.0991,-83.2466,1.0
42.1081,-83.2469,1.0
42.1172,-83.2471,1.0
42.1262,-83.2473,1.0
42.1260,-83.2595,1.0
42.1351,-83.2597,1.0
42.1349,-83.2719,1.0
42.1439,-83.2721,1.0
42.1438,-83.2843,1.0
42.1528,-83.2845,1.0
42.1527,-83.2967,1.0
42.1617,-83.2969,1.0
42.1615,-83.3091,1.0
42.1706,-83.3093,1.0
42.1704,-83.3215,1.0
42.1702,-83.3337,1.0
42.1612,-83.3335,1.0
42.1610,-83.3457,1.0
42.1701,-83.3459,1.0
42.1699,-83.3581,1.0
42.1697,-83.3703,1.0
42.1695,-83.3825,1.0
42.1694,-83.3947,1.0
42.1692,-83.4069,1.0
42.1782,-83.4071,1.0
42.1781,-83.4193,1.0
42.1871,-83.4196,1.0
42.1869,-83.4318,1.0
42.1959,-83.4320,1.0
42.2050,-83.4322,1.0
42.2140,-83.4325,1.0
42.2138,-83.4447,1.0
42.2229,-83.4449,1.0
42.2319,-83.4452,1.0
42.2317,-83.4574,1.0
42.2315,-83.4696,1.0
42.2314,-83.4818,1.0
42.2312,-83.4940,1.0
42.2310,-83.5062,1.0
42.2400,-83.5065,1.0
42.2398,-83.5187,1.0
42.2396,-83.5309,1.0
42.2395,-83.5431,1.0
42.2485,-83.5433,1.0
42.2483,-83.5556,1.0
42.2573,-83.5558,1.0
42.2571,-83.5680,1.0
42.2662,-83.5683,1.0
42.2660,-83.5805,1.0
42.2658,-83.5927,1.0
42.2748,-83.5930,1.0
42.2839,-83.5932,1.0
42.2837,-83.6055,1.0
42.2927,-83.6057,1.0
42.2925,-83.6179,1.0
42.2923,-83.6302,1.0
42.3013,-83.6304,1.0
42.3011,-83.6427,1.0
42.3009,-83.6549,1.0
42.3100,-83.6551,1.0
42.3102,-83.6429,1.0
42.3192,-83.6432,1.0
42.3194,-83.6310,1.0
42.3196,-83.6188,1.0
42.3286,-83.6190,1.0
42.3288,-83.6068,1.0
42.3379,-83.6071,1.0
42.3381,-83.5948,1.0
42.3471,-83.5951,1.0
42.3473,-83.5829,1.0
42.3563,-83.5831,1.0
42.3654,-83.5834,1.0
42.3652,-83.5956,1.0
42.3742,-83.5959,1.0
42.3832,-83.5962,1.0
42.3830,-83.6084,1.0
42.3828,-83.6206,1.0
42.3826,-83.6329,1.0
42.3824,-83.6451,1.0
42.3734,-83.6448,1.0
42.3732,-83.6571,1.0
42.3730,-83.6693,1.0
42.3820,-83.6696,1.0
42.3911,-83.6699,1.0
42.3913,-83.6576,1.0
42.4003,-83.6579,1.0
42.4005,-83.6457,1.0
42.4007,-83.6334,1.0
42.4097,-83.6337,1.0
42.4099,-83.6215,1.0
42.4101,-83.6092,1.0
42.4192,-83.6095,1.0
42.4194,-83.5972,1.0
42.4196,-83.5850,1.0
42.4286,-83.5853,1.0
42.4288,-83.5730,1.0
42.4378,-83.5733,1.0
42.4380,-83.5610,1.0
42.4382,-83.5488,1.0
42.4473,-83.5491,1.0
42.4475,-83.5368,1.0
42.4476,-83.5246,1.0
42.4478,-83.5123,1.0
42.4569,-83.5126,1.0
42.4659,-83.5128,1.0
42.4661,-83.5006,1.0
42.4751,-83.5008,1.0
42.4749,-83.5131,1.0
42.4840,-83.5133,1.0
42.4930,-83.5136,1.0
42.4928,-83.5259,1.0
42.5019,-83.5261,1.0
42.5017,-83.5384,1.0
42.5107,-83.5386,1.0
42.5109,-83.5264,1.0
42.5199,-83.5266,1.0
42.5201,-83.5144,1.0
42.5292,-83.5146,1.0
42.5293,-83.5024,1.0
42.5384,-83.5026,1.0
42.5386,-83.4903,1.0
42.5388,-83.4781,1.0
42.5478,-83.4783,1.0
42.5480,-83.4661,1.0
42.5482,-83.4538,1.0
42.5572,-83.4540,1.0
42.5574,-83.4418,1.0
42.5576,-83.4295,1.0
42.5666,-83.4297,1.0
42.5668,-83.4175,1.0
42.5669,-83.4052,1.0
42.5671,-83.3929,1.0
42.5673,-83.3807,1.0
42.5675,-83.3684,1.0
42.5676,-83.3561,1.0
42.5678,-83.3438,1.0
42.5769,-83.3441,1.0
42.5770,-83.3318,1.0
42.5772,-83.3195,1.0
42.5682,-83.3193,1.0
42.5683,-83.3070,1.0
42.5685,-83.2948,1.0
42.5687,-83.2825,1.0
42.5777,-83.2827,1.0
42.5867,-83.2829,1.0
42.5958,-83.2832,1.0
42.5959,-83.2709,1.0
42.6050,-83.2711,1.0
42.6140,-83.2713,1.0
42.6142,-83.2590,1.0
42.6232,-83.2593,1.0
42.6234,-83.2470,1.0
42.6143,-83.2468,1.0
42.6145,-83.2345,1.0
42.6146,-83.2222,1.0
42.6148,-83.2099,1.0
42.6150,-83.1976,1.0
42.6151,-83.1854,1.0
42.6061,-83.1851,1.0
42.5970,-83.1849,1.0
42.5880,-83.1847,1.0
42.5790,-83.1845,1.0
42.5699,-83.1843,1.0
42.5609,-83.1841,1.0
42.5519,-83.1839,1.0
42.5428,-83.1837,1.0
42.5338,-83.1835,1.0
42.5247,-83.1833,1.0
42.5249,-83.1710,1.0
42.5251,-83.1587,1.0
42.5160,-83.1585,1.0
42.5162,-83.1463,1.0
42.5071,-83.1461,1.0
42.5073,-83.1338,1.0
42.4982,-83.1336,1.0
42.4892,-83.1334,1.0
42.4802,-83.1332,1.0
42.4803,-83.1209,1.0
42.4713,-83.1207,1.0
42.4622,-83.1205,1.0
42.4624,-83.1083,1.0
42.4534,-83.1081,1.0
42.4443,-83.1079,1.0
42.4445,-83.0956,1.0
42.4354,-83.0955,1.0
42.4264,-83.0953,1.0
42.4265,-83.0830,1.0
42.4175,-83.0828,1.0
42.4085,-83.0826,1.0
42.4086,-83.0704,1.0
42.3996,-83.0702,1.0
42.3997,-83.0580,1.0
42.3998,-83.0457,1.0
42.3908,-83.0455,1.0
42.3909,-83.0333,1.0
42.3911,-83.0211,1.0
42.3912,-83.0088,1.0
42.3913,-82.9966,1.0
42.3823,-82.9964,1.0
42.3824,-82.9842,1.0
42.3826,-82.9719,1.0
42.3735,-82.9717,1.0
42.3737,-82.9595,1.0
42.3646,-82.9593,1.0
42.3648,-82.9471,1.0
42.3557,-82.9469,1.0
42.3556,-82.9592,1.0
42.3555,-82.9714,1.0
42.3553,-82.9836,1.0
42.3552,-82.9959,1.0
42.3462,-82.9957,1.0
42.3460,-83.0079,1.0
42.3370,-83.0077,1.0
42.3369,-83.0199,1.0
42.3367,-83.0322,1.0
42.3277,-83.0320,1.0
42.3275,-83.0442,1.0
42.3274,-83.0564,1.0
42.3184,-83.0562,1.0
42.3182,-83.0685,1.0
42.3181,-83.0807,1.0
42.3090,-83.0805,1.0
42.3089,-83.0927,1.0
42.2999,-83.0925,1.0
42.2997,-83.1048,1.0
42.2907,-83.1046,1.0
42.2905,-83.1168,1.0
42.2815,-83.1166,1.0
42.2725,-83.1164,1.0
42.2723,-83.1286,1.0
42.2633,-83.1284,1.0
42.2542,-83.1282,1.0
42.2452,-83.1280,1.0
42.2451,-83.1402,1.0
42.2449,-83.1524,1.0
42.2359,-83.1522,1.0
42.2268,-83.1520,1.0
42.2178,-83.1518,1.0
42.2088,-83.1516,1.0
42.1997,-83.1514,1.0
42.1996,-83.1636,1.0
42.1905,-83.1634,1.0
42.1815,-83.1632,1.0
42.1814,-83.1754,1.0
42.1723,-83.1752,1.0
42.1633,-83.1750,1.0
42.1542,-83.1748,1.0
42.1541,-83.1870,1.0
42.1451,-83.1868,1.0
42.1360,-83.1866,1.0
42.1270,-83.1864,1.0
42.1179,-83.1861,1.0
42.1181,-83.1740,1.0
42.1271,-83.1742,1.0
42.1362,-83.1744,1.0
42.1452,-83.1746,1.0
42.1542,-83.1748,1.0
42.1544,-83.1626,1.0
42.1634,-83.1628,1.0
42.1725,-83.1630,1.0
42.1815,-83.1632,1.0
42.1817,-83.1510,1.0
42.1726,-83.1508,1.0
42.1636,-83.1506,1.0
42.1637,-83.1384,1.0
42.1547,-83.1382,1.0
42.1457,-83.1380,1.0
42.1455,-83.1502,1.0
42.1365,-83.1500,1.0
42.1274,-83.1498,1.0
42.1184,-83.1496,1.0
42.1094,-83.1494,1.0
42.1003,-83.1492,1.0
42.1002,-83.1614,1.0
42.0911,-83.1612,1.0
42.0910,-83.1733,1.0
42.1000,-83.1736,1.0
42.0999,-83.1857,1.0
42.1089,-83.1859,1.0
42.1179,-83.1861,1.0
42.1178,-83.1983,1.0
42.1088,-83.1981,1.0
42.0997,-83.1979,1.0
42.0907,-83.1977,1.0
42.0816,-83.1975,1.0
42.0815,-83.2097,1.0
42.0724,-83.2095,1.0
42.0726,-83.1973,1.0
42.0636,-83.1971,1.0
42.0545,-83.1969,1.0
42.0455,-83.1967,1.0
42.0453,-83.2088,1.0
42.0271,-83.2206,2.0
42.0361,-83.2208,2.0
42.0360,-83.2330,2.0
42.0450,-83.2332,2.0
42.0449,-83.2454,2.0
42.0447,-83.2575,2.0
42.0537,-83.2577,2.0
42.0536,-83.2699,2.0
42.0626,-83.2701,2.0
42.0625,-83.2823,2.0
42.0623,-83.2945,2.0
42.0621,-83.3067,2.0
42.0620,-83.3188,2.0
42.0710,-83.3191,2.0
42.0708,-83.3312,2.0
42.0707,-83.3434,2.0
42.0797,-83.3436,2.0
42.0795,-83.3558,2.0
42.0886,-83.3560,2.0
42.0976,-83.3563,2.0
42.0974,-83.3684,2.0
42.1065,-83.3687,2.0
42.1063,-83.3809,2.0
42.1153,-83.3811,2.0
42.1244,-83.3813,2.0
42.1334,-83.3816,2.0
42.1332,-83.3938,2.0
42.1423,-83.3940,2.0
42.1421,-83.4062,2.0
42.1511,-83.4064,2.0
42.1509,-83.4186,2.0
42.1508,-83.4308,2.0
42.1598,-83.4310,2.0
42.1596,-83.4432,2.0
42.1594,-83.4554,2.0
42.1593,-83.4676,2.0
42.1591,-83.4798,2.0
42.1589,-83.4920,2.0
42.1679,-83.4922,2.0
42.1677,-83.5044,2.0
42.1676,-83.5166,2.0
42.1674,-83.5288,2.0
42.1672,-83.5410,2.0
42.1670,-83.5532,2.0
42.1760,-83.5535,2.0
42.1758,-83.5657,2.0
42.1756,-83.5779,2.0
42.1847,-83.5781,2.0
42.1845,-83.5903,2.0
42.1935,-83.5906,2.0
42.1933,-83.6028,2.0
42.2023,-83.6031,2.0
42.2021,-83.6153,2.0
42.2112,-83.6155,2.0
42.2110,-83.6277,2.0
42.2108,-83.6399,2.0
42.2198,-83.6402,2.0
42.2196,-83.6524,2.0
42.2194,-83.6646,2.0
42.2284,-83.6649,2.0
42.2282,-83.6771,2.0
42.2280,-83.6893,2.0
42.2190,-83.6890,2.0
42.2188,-83.7012,2.0
42.2186,-83.7134,2.0
42.2184,-83.7256,2.0
42.2182,-83.7378,2.0
42.2180,-83.7500,2.0
42.2177,-83.7622,2.0
42.2175,-83.7744,2.0
42.2173,-83.7866,2.0
42.2171,-83.7988,2.0
42.2169,-83.8110,2.0
42.2166,-83.8232,2.0
42.2164,-83.8354,2.0
42.2162,-83.8476,2.0
42.2160,-83.8598,2.0
42.2158,-83.8720,2.0
42.2067,-83.8717,2.0
42.2065,-83.8839,2.0
42.2063,-83.8961,2.0
42.1972,-83.8958,2.0
42.1970,-83.9080,2.0
42.1880,-83.9077,2.0
42.1877,-83.9199,2.0
42.1787,-83.9196,2.0
42.1785,-83.9318,2.0
42.1694,-83.9315,2.0
42.1692,-83.9437,2.0
42.1690,-83.9559,2.0
42.1780,-83.9562,2.0
42.1778,-83.9684,2.0
42.1868,-83.9687,2.0
42.1866,-83.9809,2.0
42.1863,-83.9931,2.0
42.1861,-84.0053,2.0
42.1859,-84.0175,2.0
42.1856,-84.0297,2.0
42.1854,-84.0419,2.0
42.1851,-84.0541,2.0
42.1942,-84.0544,2.0
42.1939,-84.0666,2.0
42.1937,-84.0788,2.0
42.1934,-84.0910,2.0
42.1932,-84.1032,2.0
42.2022,-84.1035,2.0
42.2019,-84.1157,2.0
42.2017,-84.1279,2.0
42.2014,-84.1401,2.0
42.2105,-84.1405,2.0
42.2102,-84.1527,2.0
42.2193,-84.1530,2.0
42.2283,-84.1533,2.0
42.2285,-84.1411,2.0
42.2376,-84.1415,2.0
42.2466,-84.1418,2.0
42.2469,-84.1296,2.0
42.2559,-84.1300,2.0
42.2561,-84.1178,2.0
42.2652,-84.1181,2.0
42.2742,-84.1184,2.0
42.2832,-84.1188,2.0
42.2923,-84.1191,2.0
42.3013,-84.1195,2.0
42.3010,-84.1317,2.0
42.3101,-84.1320,2.0
42.3191,-84.1324,2.0
42.3194,-84.1202,2.0
42.3284,-84.1205,2.0
42.3286,-84.1083,2.0
42.3377,-84.1086,2.0
42.3379,-84.0964,2.0
42.3382,-84.0842,2.0
42.3472,-84.0845,2.0
42.3470,-84.0967,2.0
42.3560,-84.0971,2.0
42.3650,-84.0974,2.0
42.3648,-84.1096,2.0
42.3738,-84.1100,2.0
42.3828,-84.1103,2.0
42.3919,-84.1107,2.0
42.3916,-84.1229,2.0
42.4006,-84.1232,2.0
42.4097,-84.1236,2.0
42.4094,-84.1358,2.0
42.4185,-84.1362,2.0
42.4182,-84.1484,2.0
42.4179,-84.1606,2.0
42.4089,-84.1603,2.0
42.4087,-84.1725,2.0
42.4084,-84.1848,2.0
42.4081,-84.1970,2.0
42.4172,-84.1974,2.0
42.4169,-84.2096,2.0
42.4259,-84.2100,2.0
42.4350,-84.2103,2.0
42.4440,-84.2107,2.0
42.4443,-84.1984,2.0
42.4533,-84.1988,2.0
42.4623,-84.1991,2.0
42.4714,-84.1995,2.0
42.4804,-84.1998,2.0
42.4894,-84.2002,2.0
42.4984,-84.2006,2.0
42.4987,-84.1883,2.0
42.5077,-84.1887,2.0
42.5080,-84.1764,2.0
42.5083,-84.1641,2.0
42.5085,-84.1519,2.0
42.4995,-84.1515,2.0
42.4997,-84.1393,2.0
42.4907,-84.1389,2.0
42.4910,-84.1267,2.0
42.4912,-84.1144,2.0
42.4915,-84.1022,2.0
42.4917,-84.0899,2.0
42.4920,-84.0777,2.0
42.4922,-84.0654,2.0
42.5013,-84.0657,2.0
42.5015,-84.0535,2.0
42.5017,-84.0412,2.0
42.5108,-84.0416,2.0
42.5110,-84.0293,2.0
42.5201,-84.0296,2.0
42.5203,-84.0174,2.0
42.5113,-84.0170,2.0
42.5022,-84.0167,2.0
42.5025,-84.0045,2.0
42.4934,-84.0041,2.0
42.4844,-84.0038,2.0
42.4847,-83.9915,2.0
42.4937,-83.9919,2.0
42.4939,-83.9796,2.0
42.4942,-83.9674,2.0
42.4944,-83.9551,2.0
42.4946,-83.9428,2.0
42.5037,-83.9432,2.0
42.5039,-83.9309,2.0
42.5041,-83.9187,2.0
42.5132,-83.9190,2.0
42.5134,-83.9067,2.0
42.5224,-83.9070,2.0
42.5315,-83.9073,2.0
42.5317,-83.8951,2.0
42.5407,-83.8954,2.0
42.5410,-83.8831,2.0
42.5500,-83.8834,2.0
42.5502,-83.8712,2.0
42.5504,-83.8589,2.0
42.5595,-83.8592,2.0
42.5597,-83.8469,2.0
42.5599,-83.8347,2.0
42.5601,-83.8224,2.0
42.5692,-83.8227,2.0
42.5694,-83.8104,2.0
42.5784,-83.8107,2.0
42.5875,-83.8110,2.0
42.5965,-83.8113,2.0
42.6055,-83.8116,2.0
42.6146,-83.8119,2.0
42.6148,-83.7996,2.0
42.6238,-83.7999,2.0
42.6240,-83.7877,2.0
42.6243,-83.7754,2.0
42.6245,-83.7631,2.0
42.6247,-83.7508,2.0
42.6249,-83.7385,2.0
42.6251,-83.7263,2.0
42.6253,-83.7140,2.0
42.6255,-83.7017,2.0
42.6258,-83.6894,2.0
42.6260,-83.6771,2.0
42.6350,-83.6774,2.0
42.6352,-83.6651,2.0
42.6442,-83.6654,2.0
42.6444,-83.6531,2.0
42.6535,-83.6534,2.0
42.6537,-83.6411,2.0
42.6627,-83.6414,2.0
42.6629,-83.6291,2.0
42.6720,-83.6294,2.0
42.6722,-83.6171,2.0
42.6812,-83.6174,2.0
42.6814,-83.6051,2.0
42.6816,-83.5928,2.0
42.6906,-83.5930,2.0
42.6908,-83.5807,2.0
42.6999,-83.5810,2.0
42.7001,-83.5687,2.0
42.7091,-83.5690,2.0
42.7181,-83.5692,2.0
42.7183,-83.5569,2.0
42.7274,-83.5572,2.0
42.7275,-83.5449,2.0
42.7366,-83.5452,2.0
42.7368,-83.5329,2.0
42.7458,-83.5331,2.0
42.7460,-83.5208,2.0
42.7370,-83.5206,2.0
42.7372,-83.5083,2.0
42.7373,-83.4959,2.0
42.7283,-83.4957,2.0
42.7285,-83.4834,2.0
42.7195,-83.4831,2.0
42.7196,-83.4708,2.0
42.7106,-83.4706,2.0
42.7016,-83.4703,2.0
42.7018,-83.4580,2.0
42.6927,-83.4578,2.0
42.6837,-83.4575,2.0
42.6839,-83.4452,2.0
42.6748,-83.4450,2.0
42.6658,-83.4447,2.0
42.6568,-83.4445,2.0
42.6477,-83.4442,2.0
42.6387,-83.4440,2.0
42.6297,-83.4438,2.0
42.6206,-83.4435,2.0
42.6116,-83.4433,2.0
42.6118,-83.4310,2.0
42.6027,-83.4307,2.0
42.6029,-83.4185,2.0
42.5939,-83.4182,2.0
42.5941,-83.4059,2.0
42.5850,-83.4057,2.0
42.5852,-83.3934,2.0
42.5762,-83.3932,2.0
42.5671,-83.3929,2.0
42.5669,-83.4052,2.0
42.5668,-83.4175,2.0
42.5666,-83.4297,2.0
42.5576,-83.4295,2.0
42.5574,-83.4418,2.0
42.5572,-83.4540,2.0
42.5482,-83.4538,2.0
42.5480,-83.4661,2.0
42.5478,-83.4783,2.0
42.5388,-83.4781,2.0
42.5386,-83.4903,2.0
42.5384,-83.5026,2.0
42.5293,-83.5024,2.0
42.5292,-83.5146,2.0
42.5201,-83.5144,2.0
42.5199,-83.5266,2.0
42.5109,-83.5264,2.0
42.5107,-83.5386,2.0
42.5017,-83.5384,2.0
42.5019,-83.5261,2.0
42.4928,-83.5259,2.0
42.4930,-83.5136,2.0
42.4840,-83.5133,2.0
42.4749,-83.5131,2.0
42.4751,-83.5008,2.0
42.4661,-83.5006,2.0
42.4659,-83.5128,2.0
42.4569,-83.5126,2.0
42.4478,-83.5123,2.0
42.4476,-83.5246,2.0
42.4475,-83.5368,2.0
42.4473,-83.5491,2.0
42.4382,-83.5488,2.0
42.4380,-83.5610,2.0
42.4378,-83.5733,2.0
42.4288,-83.5730,2.0
42.4286,-83.5853,2.0
42.4196,-83.5850,2.0
42.4194,-83.5972,2.0
42.4192,-83.6095,2.0
42.4101,-83.6092,2.0
42.4099,-83.6215,2.0
42.4097,-83.6337,2.0
42.4007,-83.6334,2.0
42.4005,-83.6457,2.0
42.4003,-83.6579,2.0
42.3913,-83.6576,2.0
42.3911,-83.6699,2.0
42.3820,-83.6696,2.0
42.3730,-83.6693,2.0
42.3732,-83.6571,2.0
42.3734,-83.6448,2.0
42.3824,-83.6451,2.0
42.3826,-83.6329,2.0
42.3828,-83.6206,2.0
42.3830,-83.6084,2.0
42.3832,-83.5962,2.0
42.3742,-83.5959,2.0
42.3652,-83.5956,2.0
42.3654,-83.5834,2.0
42.3563,-83.5831,2.0
42.3473,-83.5829,2.0
42.3471,-83.5951,2.0
42.3381,-83.5948,2.0
42.3379,-83.6071,2.0
42.3288,-83.6068,2.0
42.3286,-83.6190,2.0
42.3196,-83.6188,2.0
42.3194,-83.6310,2.0
42.3192,-83.6432,2.0
42.3102,-83.6429,2.0
42.3100,-83.6551,2.0
42.3009,-83.6549,2.0
42.3011,-83.6427,2.0
42.3013,-83.6304,2.0
42.2923,-83.6302,2.0
42.2925,-83.6179,2.0
42.2927,-83.6057,2.0
42.2837,-83.6055,2.0
42.2839,-83.5932,2.0
42.2748,-83.5930,2.0
42.2658,-83.5927,2.0
42.2660,-83.5805,2.0
42.2662,-83.5683,2.0
42.2571,-83.5680,2.0
42.2573,-83.5558,2.0
42.2483,-83.5556,2.0
42.2485,-83.5433,2.0
42.2395,-83.5431,2.0
42.2396,-83.5309,2.0
42.2398,-83.5187,2.0
42.2400,-83.5065,2.0
42.2310,-83.5062,2.0
42.2312,-83.4940,2.0
42.2314,-83.4818,2.0
42.2315,-83.4696,2.0
42.2317,-83.4574,2.0
42.2319,-83.4452,2.0
42.2229,-83.4449,2.0
42.2138,-83.4447,2.0
42.2140,-83.4325,2.0
42.2050,-83.4322,2.0
42.1959,-83.4320,2.0
42.1869,-83.4318,2.0
42.1871,-83.4196,2.0
42.1781,-83.4193,2.0
42.1782,-83.4071,2.0
42.1692,-83.4069,2.0
42.1694,-83.3947,2.0
42.1695,-83.3825,2.0
42.1697,-83.3703,2.0
42.1699,-83.3581,2.0
42.1701,-83.3459,2.0
42.1610,-83.3457,2.0
42.1612,-83.3335,2.0
42.1702,-83.3337,2.0
42.1704,-83.3215,2.0
42.1706,-83.3093,2.0
42.1615,-83.3091,2.0
42.1617,-83.2969,2.0
42.1527,-83.2967,2.0
42.1528,-83.2845,2.0
42.1438,-83.2843,2.0
42.1439,-83.2721,2.0
42.1349,-83.2719,2.0
42.1351,-83.2597,2.0
42.1260,-83.2595,2.0
42.1262,-83.2473,2.0
42.1172,-83.2471,2.0
42.1081,-83.2469,2.0
42.0991,-83.2466,2.0
42.0992,-83.2345,2.0
42.0902,-83.2342,2.0
42.0812,-83.2340,2.0
42.0813,-83.2219,2.0
42.0723,-83.2216,2.0
42.0633,-83.2214,2.0
42.0634,-83.2093,2.0
42.0544,-83.2091,2.0
42.0453,-83.2088,2.0
42.0363,-83.2086,2.0
42.0273,-83.2084,2.0
42.0271,-83.2206,2.0
41.8986,-83.3634,3.0
41.9077,-83.3636,3.0
41.9075,-83.3757,3.0
41.9165,-83.3760,3.0
41.9256,-83.3762,3.0
41.9254,-83.3884,3.0
41.9344,-83.3886,3.0
41.9343,-83.4007,3.0
41.9433,-83.4010,3.0
41.9431,-83.4131,3.0
41.9522,-83.4134,3.0
41.9520,-83.4255,3.0
41.9518,-83.4377,3.0
41.9516,-83.4498,3.0
41.9607,-83.4501,3.0
41.9605,-83.4622,3.0
41.9603,-83.4744,3.0
41.9693,-83.4746,3.0
41.9691,-83.4868,3.0
41.9690,-83.4989,3.0
41.9780,-83.4992,3.0
41.9778,-83.5113,3.0
41.9776,-83.5235,3.0
41.9867,-83.5237,3.0
41.9865,-83.5359,3.0
41.9863,-83.5481,3.0
41.9861,-83.5602,3.0
41.9859,-83.5724,3.0
41.9857,-83.5845,3.0
41.9855,-83.5967,3.0
41.9945,-83.5970,3.0
41.9943,-83.6091,3.0
42.0034,-83.6094,3.0
42.0124,-83.6096,3.0
42.0215,-83.6099,3.0
42.0213,-83.6221,3.0
42.0303,-83.6223,3.0
42.0393,-83.6226,3.0
42.0391,-83.6348,3.0
42.0482,-83.6351,3.0
42.0480,-83.6472,3.0
42.0570,-83.6475,3.0
42.0660,-83.6478,3.0
42.0658,-83.6599,3.0
42.0749,-83.6602,3.0
42.0839,-83.6605,3.0
42.0929,-83.6608,3.0
42.0927,-83.6729,3.0
42.1018,-83.6732,3.0
42.1016,-83.6854,3.0
42.1013,-83.6976,3.0
42.1011,-83.7098,3.0
42.1102,-83.7100,3.0
42.1192,-83.7103,3.0
42.1282,-83.7106,3.0
42.1284,-83.6984,3.0
42.1375,-83.6987,3.0
42.1465,-83.6990,3.0
42.1556,-83.6993,3.0
42.1553,-83.7114,3.0
42.1644,-83.7117,3.0
42.1734,-83.7120,3.0
42.1824,-83.7123,3.0
42.1915,-83.7126,3.0
42.1917,-83.7004,3.0
42.2007,-83.7007,3.0
42.2098,-83.7009,3.0
42.2188,-83.7012,3.0
42.2190,-83.6890,3.0
42.2280,-83.6893,3.0
42.2282,-83.6771,3.0
42.2284,-83.6649,3.0
42.2194,-83.6646,3.0
42.2196,-83.6524,3.0
42.2198,-83.6402,3.0
42.2108,-83.6399,3.0
42.2110,-83.6277,3.0
42.2112,-83.6155,3.0
42.2021,-83.6153,3.0
42.2023,-83.6031,3.0
42.1933,-83.6028,3.0
42.1935,-83.5906,3.0
42.1845,-83.5903,3.0
42.1847,-83.5781,3.0
42.1756,-83.5779,3.0
42.1758,-83.5657,3.0
42.1760,-83.5535,3.0
42.1670,-83.5532,3.0
42.1672,-83.5410,3.0
42.1674,-83.5288,3.0
42.1676,-83.5166,3.0
42.1677,-83.5044,3.0
42.1679,-83.4922,3.0
42.1589,-83.4920,3.0
42.1591,-83.4798,3.0
42.1593,-83.4676,3.0
42.1594,-83.4554,3.0
42.1596,-83.4432,3.0
42.1598,-83.4310,3.0
42.1508,-83.4308,3.0
42.1509,-83.4186,3.0
42.1511,-83.4064,3.0
42.1421,-83.4062,3.0
42.1423,-83.3940,3.0
42.1332,-83.3938,3.0
42.1334,-83.3816,3.0
42.1244,-83.3813,3.0
42.1153,-83.3811,3.0
42.1063,-83.3809,3.0
42.1065,-83.3687,3.0
42.0974,-83.3684,3.0
42.0976,-83.3563,3.0
42.0886,-83.3560,3.0
42.0795,-83.3558,3.0
42.0797,-83.3436,3.0
42.0707,-83.3434,3.0
42.0708,-83.3312,3.0
42.0710,-83.3191,3.0
42.0620,-83.3188,3.0
42.0621,-83.3067,3.0
42.0623,-83.2945,3.0
42.0625,-83.2823,3.0
42.0626,-83.2701,3.0
42.0536,-83.2699,3.0
42.0537,-83.2577,3.0
42.0447,-83.2575,3.0
42.0449,-83.2454,3.0
42.0450,-83.2332,3.0
42.0360,-83.2330,3.0
42.0361,-83.2208,3.0
42.0271,-83.2206,3.0
42.0273,-83.2084,3.0
42.0182,-83.2082,3.0
42.0092,-83.2080,3.0
42.0002,-83.2078,3.0
41.9911,-83.2076,3.0
41.9910,-83.2198,3.0
41.9908,-83.2319,3.0
41.9818,-83.2317,3.0
41.9816,-83.2439,3.0
41.9815,-83.2560,3.0
41.9724,-83.2558,3.0
41.9723,-83.2680,3.0
41.9632,-83.2677,3.0
41.9542,-83.2675,3.0
41.9451,-83.2673,3.0
41.9361,-83.2671,3.0
41.9359,-83.2792,3.0
41.9358,-83.2914,3.0
41.9448,-83.2916,3.0
41.9447,-83.3038,3.0
41.9445,-83.3159,3.0
41.9355,-83.3157,3.0
41.9353,-83.3278,3.0
41.9263,-83.3276,3.0
41.9172,-83.3274,3.0
41.9171,-83.3395,3.0
41.9080,-83.3393,3.0
41.8990,-83.3391,3.0
41.8988,-83.3512,3.0
41.8986,-83.3634,3.0
41.6405,-84.1675,4.0
41.6495,-84.1678,4.0
41.6585,-84.1682,4.0
41.6676,-84.1685,4.0
41.6766,-84.1689,4.0
41.6856,-84.1692,4.0
41.6947,-84.1695,4.0
41.6949,-84.1574,4.0
41.7039,-84.1578,4.0
41.7130,-84.1581,4.0
41.7132,-84.1460,4.0
41.7223,-84.1464,4.0
41.7220,-84.1585,4.0
41.7310,-84.1588,4.0
41.7308,-84.1709,4.0
41.7398,-84.1713,4.0
41.7488,-84.1716,4.0
41.7579,-84.1719,4.0
41.7669,-84.1723,4.0
41.7667,-84.1844,4.0
41.7757,-84.1847,4.0
41.7754,-84.1969,4.0
41.7752,-84.2090,4.0
41.7842,-84.2093,4.0
41.7839,-84.2214,4.0
41.7837,-84.2336,4.0
41.7927,-84.2339,4.0
41.7924,-84.2460,4.0
41.8015,-84.2464,4.0
41.8012,-84.2585,4.0
41.8102,-84.2589,4.0
41.8100,-84.2710,4.0
41.8190,-84.2713,4.0
41.8187,-84.2835,4.0
41.8278,-84.2838,4.0
41.8275,-84.2959,4.0
41.8365,-84.2963,4.0
41.8368,-84.2842,4.0
41.8458,-84.2845,4.0
41.8549,-84.2849,4.0
41.8639,-84.2853,4.0
41.8636,-84.2974,4.0
41.8727,-84.2977,4.0
41.8817,-84.2981,4.0
41.8820,-84.2860,4.0
41.8910,-84.2863,4.0
41.9000,-84.2867,4.0
41.9003,-84.2746,4.0
41.9093,-84.2749,4.0
41.9183,-84.2753,4.0
41.9274,-84.2756,4.0
41.9364,-84.2760,4.0
41.9454,-84.2764,4.0
41.9457,-84.2642,4.0
41.9547,-84.2646,4.0
41.9550,-84.2524,4.0
41.9640,-84.2528,4.0
41.9731,-84.2531,4.0
41.9821,-84.2535,4.0
41.9818,-84.2656,4.0
41.9909,-84.2660,4.0
41.9906,-84.2782,4.0
41.9996,-84.2785,4.0
41.9994,-84.2907,4.0
42.0084,-84.2910,4.0
42.0081,-84.3032,4.0
42.0078,-84.3154,4.0
42.0076,-84.3275,4.0
42.0166,-84.3279,4.0
42.0163,-84.3400,4.0
42.0161,-84.3522,4.0
42.0158,-84.3644,4.0
42.0155,-84.3765,4.0
42.0152,-84.3887,4.0
42.0062,-84.3883,4.0
42.0059,-84.4005,4.0
41.9969,-84.4001,4.0
41.9966,-84.4122,4.0
41.9963,-84.4244,4.0
41.9960,-84.4366,4.0
41.9957,-84.4487,4.0
41.9867,-84.4483,4.0
41.9864,-84.4605,4.0
41.9955,-84.4609,4.0
42.0045,-84.4613,4.0
42.0135,-84.4617,4.0
42.0132,-84.4738,4.0
42.0223,-84.4742,4.0
42.0220,-84.4864,4.0
42.0310,-84.4868,4.0
42.0313,-84.4746,4.0
42.0403,-84.4750,4.0
42.0406,-84.4628,4.0
42.0409,-84.4506,4.0
42.0412,-84.4385,4.0
42.0415,-84.4263,4.0
42.0505,-84.4267,4.0
42.0508,-84.4145,4.0
42.0511,-84.4024,4.0
42.0601,-84.4027,4.0
42.0604,-84.3906,4.0
42.0694,-84.3909,4.0
42.0697,-84.3788,4.0
42.0787,-84.3792,4.0
42.0790,-84.3670,4.0
42.0880,-84.3674,4.0
42.0970,-84.3677,4.0
42.0973,-84.3556,4.0
42.1064,-84.3559,4.0
42.1154,-84.3563,4.0
42.1244,-84.3567,4.0
42.1247,-84.3445,4.0
42.1337,-84.3449,4.0
42.1340,-84.3327,4.0
42.1430,-84.3330,4.0
42.1433,-84.3209,4.0
42.1523,-84.3212,4.0
42.1526,-84.3090,4.0
42.1616,-84.3094,4.0
42.1619,-84.2972,4.0
42.1622,-84.2850,4.0
42.1624,-84.2728,4.0
42.1627,-84.2606,4.0
42.1630,-84.2485,4.0
42.1632,-84.2363,4.0
42.1723,-84.2366,4.0
42.1725,-84.2244,4.0
42.1728,-84.2122,4.0
42.1818,-84.2126,4.0
42.1821,-84.2004,4.0
42.1824,-84.1882,4.0
42.1914,-84.1886,4.0
42.2004,-84.1889,4.0
42.2007,-84.1767,4.0
42.2097,-84.1771,4.0
42.2100,-84.1649,4.0
42.2102,-84.1527,4.0
42.2105,-84.1405,4.0
42.2014,-84.1401,4.0
42.2017,-84.1279,4.0
42.2019,-84.1157,4.0
42.2022,-84.1035,4.0
42.1932,-84.1032,4.0
42.1934,-84.0910,4.0
42.1937,-84.0788,4.0
42.1939,-84.0666,4.0
42.1942,-84.0544,4.0
42.1851,-84.0541,4.0
42.1854,-84.0419,4.0
42.1856,-84.0297,4.0
42.1859,-84.0175,4.0
42.1861,-84.0053,4.0
42.1863,-83.9931,4.0
42.1866,-83.9809,4.0
42.1868,-83.9687,4.0
42.1778,-83.9684,4.0
42.1780,-83.9562,4.0
42.1690,-83.9559,4.0
42.1692,-83.9437,4.0
42.1694,-83.9315,4.0
42.1785,-83.9318,4.0
42.1787,-83.9196,4.0
42.1877,-83.9199,4.0
42.1880,-83.9077,4.0
42.1970,-83.9080,4.0
42.1972,-83.8958,4.0
42.2063,-83.8961,4.0
42.2065,-83.8839,4.0
42.2067,-83.8717,4.0
42.2158,-83.8720,4.0
42.2160,-83.8598,4.0
42.2162,-83.8476,4.0
42.2164,-83.8354,4.0
42.2166,-83.8232,4.0
42.2169,-83.8110,4.0
42.2171,-83.7988,4.0
42.2173,-83.7866,4.0
42.2175,-83.7744,4.0
42.2177,-83.7622,4.0
42.2180,-83.7500,4.0
42.2182,-83.7378,4.0
42.2184,-83.7256,4.0
42.2186,-83.7134,4.0
42.2188,-83.7012,4.0
42.2098,-83.7009,4.0
42.2007,-83.7007,4.0
42.1917,-83.7004,4.0
42.1915,-83.7126,4.0
42.1824,-83.7123,4.0
42.1734,-83.7120,4.0
42.1644,-83.7117,4.0
42.1553,-83.7114,4.0
42.1556,-83.6993,4.0
42.1465,-83.6990,4.0
42.1375,-83.6987,4.0
42.1284,-83.6984,4.0
42.1282,-83.7106,4.0
42.1192,-83.7103,4.0
42.1102,-83.7100,4.0
42.1011,-83.7098,4.0
42.1013,-83.6976,4.0
42.1016,-83.6854,4.0
42.1018,-83.6732,4.0
42.0927,-83.6729,4.0
42.0929,-83.6608,4.0
42.0839,-83.6605,4.0
42.0749,-83.6602,4.0
42.0658,-83.6599,4.0
42.0660,-83.6478,4.0
42.0570,-83.6475,4.0
42.0480,-83.6472,4.0
42.0482,-83.6351,4.0
42.0391,-83.6348,4.0
42.0393,-83.6226,4.0
42.0303,-83.6223,4.0
42.0213,-83.6221,4.0
42.0215,-83.6099,4.0
42.0124,-83.6096,4.0
42.0034,-83.6094,4.0
41.9943,-83.6091,4.0
41.9945,-83.5970,4.0
41.9855,-83.5967,4.0
41.9857,-83.5845,4.0
41.9859,-83.5724,4.0
41.9861,-83.5602,4.0
41.9863,-83.5481,4.0
41.9865,-83.5359,4.0
41.9867,-83.5237,4.0
41.9776,-83.5235,4.0
41.9778,-83.5113,4.0
41.9780,-83.4992,4.0
41.9690,-83.4989,4.0
41.9691,-83.4868,4.0
41.9693,-83.4746,4.0
41.9603,-83.4744,4.0
41.9605,-83.4622,4.0
41.9607,-83.4501,4.0
41.9516,-83.4498,4.0
41.9518,-83.4377,4.0
41.9520,-83.4255,4.0
41.9522,-83.4134,4.0
41.9431,-83.4131,4.0
41.9433,-83.4010,4.0
41.9343,-83.4007,4.0
41.9344,-83.3886,4.0
41.9254,-83.3884,4.0
41.9256,-83.3762,4.0
41.9165,-83.3760,4.0
41.9075,-83.3757,4.0
41.9077,-83.3636,4.0
41.8986,-83.3634,4.0
41.8988,-83.3512,4.0
41.8990,-83.3391,4.0
41.8899,-83.3389,4.0
41.8898,-83.3510,4.0
41.8896,-83.3631,4.0
41.8894,-83.3753,4.0
41.8985,-83.3755,4.0
41.8983,-83.3877,4.0
41.8981,-83.3998,4.0
41.9072,-83.4000,4.0
41.9070,-83.4122,4.0
41.9068,-83.4243,4.0
41.9066,-83.4365,4.0
41.9064,-83.4486,4.0
41.9155,-83.4488,4.0
41.9153,-83.4610,4.0
41.9151,-83.4731,4.0
41.9149,-83.4853,4.0
41.9148,-83.4974,4.0
41.9238,-83.4977,4.0
41.9236,-83.5098,4.0
41.9326,-83.5101,4.0
41.9324,-83.5222,4.0
41.9323,-83.5344,4.0
41.9413,-83.5346,4.0
41.9411,-83.5468,4.0
41.9409,-83.5589,4.0
41.9407,-83.5711,4.0
41.9498,-83.5713,4.0
41.9496,-83.5835,4.0
41.9494,-83.5956,4.0
41.9584,-83.5959,4.0
41.9582,-83.6081,4.0
41.9580,-83.6202,4.0
41.9578,-83.6324,4.0
41.9488,-83.6321,4.0
41.9486,-83.6442,4.0
41.9395,-83.6440,4.0
41.9393,-83.6561,4.0
41.9303,-83.6559,4.0
41.9213,-83.6556,4.0
41.9211,-83.6677,4.0
41.9120,-83.6675,4.0
41.9030,-83.6672,4.0
41.9028,-83.6793,4.0
41.8938,-83.6791,4.0
41.8847,-83.6788,4.0
41.8845,-83.6909,4.0
41.8755,-83.6906,4.0
41.8665,-83.6904,4.0
41.8662,-83.7025,4.0
41.8572,-83.7022,4.0
41.8570,-83.7144,4.0
41.8480,-83.7141,4.0
41.8478,-83.7262,4.0
41.8476,-83.7383,4.0
41.8473,-83.7505,4.0
41.8383,-83.7502,4.0
41.8381,-83.7623,4.0
41.8291,-83.7620,4.0
41.8288,-83.7742,4.0
41.8198,-83.7739,4.0
41.8108,-83.7736,4.0
41.8017,-83.7733,4.0
41.7927,-83.7730,4.0
41.7837,-83.7727,4.0
41.7746,-83.7724,4.0
41.7744,-83.7846,4.0
41.7742,-83.7967,4.0
41.7652,-83.7964,4.0
41.7650,-83.8085,4.0
41.7647,-83.8206,4.0
41.7645,-83.8327,4.0
41.7643,-83.8448,4.0
41.7553,-83.8446,4.0
41.7551,-83.8567,4.0
41.7460,-83.8564,4.0
41.7458,-83.8685,4.0
41.7456,-83.8806,4.0
41.7365,-83.8803,4.0
41.7363,-83.8924,4.0
41.7361,-83.9045,4.0
41.7271,-83.9042,4.0
41.7268,-83.9163,4.0
41.7266,-83.9284,4.0
41.7176,-83.9281,4.0
41.7173,-83.9402,4.0
41.7171,-83.9523,4.0
41.7081,-83.9520,4.0
41.7078,-83.9641,4.0
41.7169,-83.9644,4.0
41.7166,-83.9765,4.0
41.7164,-83.9886,4.0
41.7074,-83.9883,4.0
41.7071,-84.0004,4.0
41.6981,-84.0001,4.0
41.6979,-84.0122,4.0
41.6888,-84.0119,4.0
41.6886,-84.0240,4.0
41.6796,-84.0237,4.0
41.6793,-84.0358,4.0
41.6703,-84.0355,4.0
41.6700,-84.0476,4.0
41.6698,-84.0597,4.0
41.6696,-84.0717,4.0
41.6693,-84.0838,4.0
41.6603,-84.0835,4.0
41.6600,-84.0956,4.0
41.6510,-84.0953,4.0
41.6508,-84.1074,4.0
41.6505,-84.1195,4.0
41.6415,-84.1191,4.0
41.6412,-84.1312,4.0
41.6410,-84.1433,4.0
41.6407,-84.1554,4.0
41.6405,-84.1675,4.0
41.6221,-83.7071,5.0
41.6311,-83.7074,5.0
41.6309,-83.7195,5.0
41.6307,-83.7316,5.0
41.6305,-83.7437,5.0
41.6396,-83.7440,5.0
41.6393,-83.7561,5.0
41.6391,-83.7682,5.0
41.6389,-83.7802,5.0
41.6480,-83.7805,5.0
41.6477,-83.7926,5.0
41.6475,-83.8047,5.0
41.6473,-83.8168,5.0
41.6471,-83.8289,5.0
41.6469,-83.8410,5.0
41.6467,-83.8531,5.0
41.6464,-83.8652,5.0
41.6462,-83.8773,5.0
41.6460,-83.8894,5.0
41.6458,-83.9015,5.0
41.6455,-83.9136,5.0
41.6546,-83.9139,5.0
41.6543,-83.9260,5.0
41.6634,-83.9263,5.0
41.6631,-83.9384,5.0
41.6722,-83.9387,5.0
41.6719,-83.9508,5.0
41.6717,-83.9629,5.0
41.6627,-83.9626,5.0
41.6624,-83.9747,5.0
41.6534,-83.9743,5.0
41.6532,-83.9864,5.0
41.6529,-83.9985,5.0
41.6439,-83.9982,5.0
41.6437,-84.0103,5.0
41.6434,-84.0224,5.0
41.6432,-84.0345,5.0
41.6429,-84.0466,5.0
41.6427,-84.0587,5.0
41.6517,-84.0590,5.0
41.6515,-84.0711,5.0
41.6512,-84.0832,5.0
41.6510,-84.0953,5.0
41.6600,-84.0956,5.0
41.6603,-84.0835,5.0
41.6693,-84.0838,5.0
41.6696,-84.0717,5.0
41.6698,-84.0597,5.0
41.6700,-84.0476,5.0
41.6703,-84.0355,5.0
41.6793,-84.0358,5.0
41.6796,-84.0237,5.0
41.6886,-84.0240,5.0
41.6888,-84.0119,5.0
41.6979,-84.0122,5.0
41.6981,-84.0001,5.0
41.7071,-84.0004,5.0
41.7074,-83.9883,5.0
41.7164,-83.9886,5.0
41.7166,-83.9765,5.0
41.7169,-83.9644,5.0
41.7078,-83.9641,5.0
41.7081,-83.9520,5.0
41.7171,-83.9523,5.0
41.7173,-83.9402,5.0
41.7176,-83.9281,5.0
41.7266,-83.9284,5.0
41.7268,-83.9163,5.0
41.7271,-83.9042,5.0
41.7361,-83.9045,5.0
41.7363,-83.8924,5.0
41.7365,-83.8803,5.0
41.7456,-83.8806,5.0
41.7458,-83.8685,5.0
41.7460,-83.8564,5.0
41.7551,-83.8567,5.0
41.7553,-83.8446,5.0
41.7643,-83.8448,5.0
41.7645,-83.8327,5.0
41.7647,-83.8206,5.0
41.7650,-83.8085,5.0
41.7652,-83.7964,5.0
41.7742,-83.7967,5.0
41.7744,-83.7846,5.0
41.7746,-83.7724,5.0
41.7837,-83.7727,5.0
41.7927,-83.7730,5.0
41.8017,-83.7733,5.0
41.8108,-83.7736,5.0
41.8198,-83.7739,5.0
41.8288,-83.7742,5.0
41.8291,-83.7620,5.0
41.8381,-83.7623,5.0
41.8383,-83.7502,5.0
41.8473,-83.7505,5.0
41.8476,-83.7383,5.0
41.8478,-83.7262,5.0
41.8480,-83.7141,5.0
41.8570,-83.7144,5.0
41.8572,-83.7022,5.0
41.8662,-83.7025,5.0
41.8665,-83.6904,5.0
41.8755,-83.6906,5.0
41.8845,-83.6909,5.0
41.8847,-83.6788,5.0
41.8938,-83.6791,5.0
41.9028,-83.6793,5.0
41.9030,-83.6672,5.0
41.9120,-83.6675,5.0
41.9211,-83.6677,5.0
41.9213,-83.6556,5.0
41.9303,-83.6559,5.0
41.9393,-83.6561,5.0
41.9395,-83.6440,5.0
41.9486,-83.6442,5.0
41.9488,-83.6321,5.0
41.9578,-83.6324,5.0
41.9580,-83.6202,5.0
41.9582,-83.6081,5.0
41.9584,-83.5959,5.0
41.9494,-83.5956,5.0
41.9496,-83.5835,5.0
41.9498,-83.5713,5.0
41.9407,-83.5711,5.0
41.9409,-83.5589,5.0
41.9411,-83.5468,5.0
41.9413,-83.5346,5.0
41.9323,-83.5344,5.0
41.9324,-83.5222,5.0
41.9326,-83.5101,5.0
41.9236,-83.5098,5.0
41.9238,-83.4977,5.0
41.9148,-83.4974,5.0
41.9149,-83.4853,5.0
41.9151,-83.4731,5.0
41.9153,-83.4610,5.0
41.9155,-83.4488,5.0
41.9064,-83.4486,5.0
41.9066,-83.4365,5.0
41.9068,-83.4243,5.0
41.9070,-83.4122,5.0
41.9072,-83.4000,5.0
41.8981,-83.3998,5.0
41.8983,-83.3877,5.0
41.8893,-83.3874,5.0
41.8894,-83.3753,5.0
41.8804,-83.3750,5.0
41.8806,-83.3629,5.0
41.8715,-83.3627,5.0
41.8714,-83.3748,5.0
41.8712,-83.3870,5.0
41.8622,-83.3867,5.0
41.8620,-83.3989,5.0
41.8529,-83.3986,5.0
41.8528,-83.4108,5.0
41.8437,-83.4105,5.0
41.8347,-83.4103,5.0
41.8345,-83.4224,5.0
41.8255,-83.4222,5.0
41.8164,-83.4219,5.0
41.8163,-83.4341,5.0
41.8161,-83.4462,5.0
41.8071,-83.4460,5.0
41.7980,-83.4457,5.0
41.7978,-83.4578,5.0
41.7888,-83.4576,5.0
41.7890,-83.4455,5.0
41.7799,-83.4452,5.0
41.7709,-83.4450,5.0
41.7711,-83.4329,5.0
41.7621,-83.4326,5.0
41.7530,-83.4324,5.0
41.7440,-83.4322,5.0
41.7349,-83.4319,5.0
41.7348,-83.4440,5.0
41.7438,-83.4443,5.0
41.7528,-83.4445,5.0
41.7619,-83.4448,5.0
41.7709,-83.4450,5.0
41.7707,-83.4571,5.0
41.7798,-83.4574,5.0
41.7796,-83.4695,5.0
41.7706,-83.4692,5.0
41.7707,-83.4571,5.0
41.7617,-83.4569,5.0
41.7527,-83.4566,5.0
41.7525,-83.4687,5.0
41.7615,-83.4690,5.0
41.7613,-83.4811,5.0
41.7523,-83.4809,5.0
41.7433,-83.4806,5.0
41.7342,-83.4804,5.0
41.7252,-83.4801,5.0
41.7254,-83.4680,5.0
41.7344,-83.4683,5.0
41.7346,-83.4561,5.0
41.7256,-83.4559,5.0
41.7163,-83.4678,5.0
41.7344,-83.4683,5.0
41.7346,-83.4561,5.0
41.7256,-83.4559,5.0
41.7254,-83.4680,5.0
41.7163,-83.4678,5.0
41.7162,-83.4799,5.0
41.7071,-83.4796,5.0
41.6981,-83.4794,5.0
41.6890,-83.4791,5.0
41.6889,-83.4912,5.0
41.6887,-83.5033,5.0
41.6796,-83.5031,5.0
41.6795,-83.5152,5.0
41.6793,-83.5273,5.0
41.6702,-83.5270,5.0
41.6701,-83.5391,5.0
41.6610,-83.5389,5.0
41.6608,-83.5510,5.0
41.6518,-83.5507,5.0
41.6516,-83.5628,5.0
41.6514,-83.5749,5.0
41.6424,-83.5747,5.0
41.6422,-83.5868,5.0
41.6331,-83.5865,5.0
41.6330,-83.5986,5.0
41.6328,-83.6107,5.0
41.6326,-83.6228,5.0
41.6235,-83.6225,5.0
41.6233,-83.6346,5.0
41.6231,-83.6467,5.0
41.6229,-83.6588,5.0
41.6227,-83.6709,5.0
41.6225,-83.6830,5.0
41.6223,-83.6951,5.0
41.6221,-83.7071,5.0
40.4037,-84.5023,6.0
40.4128,-84.5027,6.0
40.4218,-84.5031,6.0
40.4215,-84.5149,6.0
40.4306,-84.5153,6.0
40.4396,-84.5157,6.0
40.4486,-84.5161,6.0
40.4576,-84.5164,6.0
40.4667,-84.5168,6.0
40.4757,-84.5172,6.0
40.4847,-84.5176,6.0
40.4850,-84.5057,6.0
40.4940,-84.5061,6.0
40.5031,-84.5064,6.0
40.5121,-84.5068,6.0
40.5211,-84.5072,6.0
40.5302,-84.5075,6.0
40.5392,-84.5079,6.0
40.5482,-84.5083,6.0
40.5479,-84.5202,6.0
40.5570,-84.5206,6.0
40.5567,-84.5325,6.0
40.5564,-84.5443,6.0
40.5561,-84.5562,6.0
40.5558,-84.5681,6.0
40.5555,-84.5800,6.0
40.5645,-84.5804,6.0
40.5643,-84.5923,6.0
40.5640,-84.6042,6.0
40.5637,-84.6161,6.0
40.5634,-84.6280,6.0
40.5631,-84.6399,6.0
40.5721,-84.6403,6.0
40.5718,-84.6522,6.0
40.5808,-84.6525,6.0
40.5805,-84.6644,6.0
40.5802,-84.6763,6.0
40.5893,-84.6767,6.0
40.5890,-84.6886,6.0
40.5887,-84.7005,6.0
40.5977,-84.7009,6.0
40.5974,-84.7128,6.0
40.5971,-84.7247,6.0
40.5968,-84.7366,6.0
40.5877,-84.7362,6.0
40.5874,-84.7481,6.0
40.5871,-84.7600,6.0
40.5868,-84.7719,6.0
40.5865,-84.7838,6.0
40.5862,-84.7957,6.0
40.5952,-84.7961,6.0
40.5949,-84.8080,6.0
40.6039,-84.8084,6.0
40.6036,-84.8203,6.0
40.6033,-84.8322,6.0
40.6123,-84.8326,6.0
40.6120,-84.8445,6.0
40.6210,-84.8450,6.0
40.6207,-84.8569,6.0
40.6117,-84.8564,6.0
40.6114,-84.8683,6.0
40.6110,-84.8802,6.0
40.6201,-84.8807,6.0
40.6197,-84.8926,6.0
40.6194,-84.9045,6.0
40.6284,-84.9049,6.0
40.6281,-84.9168,6.0
40.6372,-84.9172,6.0
40.6462,-84.9177,6.0
40.6458,-84.9296,6.0
40.6549,-84.9300,6.0
40.6545,-84.9419,6.0
40.6542,-84.9538,6.0
40.6539,-84.9657,6.0
40.6536,-84.9776,6.0
40.6626,-84.9781,6.0
40.6622,-84.9900,6.0
40.6713,-84.9904,6.0
40.6709,-85.0023,6.0
40.6706,-85.0142,6.0
40.6796,-85.0147,6.0
40.6887,-85.0151,6.0
40.6883,-85.0270,6.0
40.6973,-85.0275,6.0
40.6970,-85.0394,6.0
40.6967,-85.0513,6.0
40.7057,-85.0518,6.0
40.7053,-85.0637,6.0
40.7144,-85.0641,6.0
40.7140,-85.0760,6.0
40.7231,-85.0765,6.0
40.7227,-85.0884,6.0
40.7317,-85.0889,6.0
40.7408,-85.0893,6.0
40.7411,-85.0774,6.0
40.7501,-85.0779,6.0
40.7591,-85.0783,6.0
40.7682,-85.0788,6.0
40.7772,-85.0792,6.0
40.7862,-85.0797,6.0
40.7952,-85.0801,6.0
40.8043,-85.0806,6.0
40.8133,-85.0810,6.0
40.8223,-85.0815,6.0
40.8313,-85.0819,6.0
40.8404,-85.0824,6.0
40.8494,-85.0829,6.0
40.8490,-85.0948,6.0
40.8581,-85.0953,6.0
40.8671,-85.0957,6.0
40.8667,-85.1077,6.0
40.8758,-85.1081,6.0
40.8754,-85.1201,6.0
40.8751,-85.1320,6.0
40.8747,-85.1440,6.0
40.8837,-85.1444,6.0
40.8834,-85.1564,6.0
40.8924,-85.1568,6.0
40.8921,-85.1688,6.0
40.9011,-85.1693,6.0
40.9007,-85.1812,6.0
40.9004,-85.1932,6.0
40.9000,-85.2051,6.0
40.9090,-85.2056,6.0
40.9094,-85.1936,6.0
40.9184,-85.1941,6.0
40.9274,-85.1946,6.0
40.9365,-85.1950,6.0
40.9368,-85.1831,6.0
40.9459,-85.1836,6.0
40.9549,-85.1840,6.0
40.9639,-85.1845,6.0
40.9635,-85.1965,6.0
40.9726,-85.1969,6.0
40.9816,-85.1974,6.0
40.9906,-85.1979,6.0
40.9996,-85.1984,6.0
41.0087,-85.1988,6.0
41.0177,-85.1993,6.0
41.0173,-85.2113,6.0
41.0263,-85.2118,6.0
41.0260,-85.2237,6.0
41.0350,-85.2242,6.0
41.0354,-85.2122,6.0
41.0444,-85.2127,6.0
41.0534,-85.2132,6.0
41.0624,-85.2137,6.0
41.0628,-85.2017,6.0
41.0718,-85.2022,6.0
41.0808,-85.2026,6.0
41.0899,-85.2031,6.0
41.0989,-85.2036,6.0
41.0985,-85.2156,6.0
41.1076,-85.2160,6.0
41.1166,-85.2165,6.0
41.1256,-85.2170,6.0
41.1346,-85.2175,6.0
41.1350,-85.2055,6.0
41.1440,-85.2060,6.0
41.1444,-85.1940,6.0
41.1534,-85.1944,6.0
41.1624,-85.1949,6.0
41.1628,-85.1829,6.0
41.1718,-85.1834,6.0
41.1721,-85.1714,6.0
41.1812,-85.1719,6.0
41.1815,-85.1599,6.0
41.1906,-85.1603,6.0
41.1996,-85.1608,6.0
41.1992,-85.1728,6.0
41.2082,-85.1733,6.0
41.2079,-85.1853,6.0
41.2075,-85.1973,6.0
41.2072,-85.2093,6.0
41.2068,-85.2213,6.0
41.2158,-85.2218,6.0
41.2155,-85.2338,6.0
41.2245,-85.2343,6.0
41.2335,-85.2348,6.0
41.2331,-85.2468,6.0
41.2328,-85.2588,6.0
41.2324,-85.2708,6.0
41.2414,-85.2713,6.0
41.2411,-85.2833,6.0
41.2407,-85.2953,6.0
41.2497,-85.2958,6.0
41.2494,-85.3078,6.0
41.2584,-85.3083,6.0
41.2674,-85.3088,6.0
41.2670,-85.3208,6.0
41.2761,-85.3213,6.0
41.2757,-85.3333,6.0
41.2847,-85.3338,6.0
41.2937,-85.3343,6.0
41.2941,-85.3223,6.0
41.3031,-85.3228,6.0
41.3027,-85.3348,6.0
41.3118,-85.3353,6.0
41.3208,-85.3358,6.0
41.3212,-85.3238,6.0
41.3302,-85.3243,6.0
41.3306,-85.3123,6.0
41.3309,-85.3002,6.0
41.3399,-85.3007,6.0
41.3403,-85.2887,6.0
41.3493,-85.2892,6.0
41.3497,-85.2772,6.0
41.3587,-85.2777,6.0
41.3678,-85.2781,6.0
41.3768,-85.2786,6.0
41.3858,-85.2791,6.0
41.3948,-85.2796,6.0
41.3952,-85.2676,6.0
41.4042,-85.2681,6.0
41.4046,-85.2560,6.0
41.4049,-85.2440,6.0
41.4140,-85.2445,6.0
41.4143,-85.2324,6.0
41.4234,-85.2329,6.0
41.4237,-85.2209,6.0
41.4327,-85.2214,6.0
41.4331,-85.2093,6.0
41.4421,-85.2098,6.0
41.4512,-85.2103,6.0
41.4602,-85.2108,6.0
41.4598,-85.2228,6.0
41.4688,-85.2233,6.0
41.4779,-85.2238,6.0
41.4782,-85.2117,6.0
41.4872,-85.2122,6.0
41.4876,-85.2002,6.0
41.4966,-85.2006,6.0
41.5057,-85.2011,6.0
41.5060,-85.1891,6.0
41.5064,-85.1770,6.0
41.5067,-85.1649,6.0
41.5071,-85.1529,6.0
41.4981,-85.1524,6.0
41.4984,-85.1403,6.0
41.4988,-85.1283,6.0
41.4991,-85.1162,6.0
41.4995,-85.1042,6.0
41.4998,-85.0921,6.0
41.5002,-85.0800,6.0
41.5005,-85.0680,6.0
41.5096,-85.0684,6.0
41.5099,-85.0564,6.0
41.5189,-85.0568,6.0
41.5193,-85.0448,6.0
41.5196,-85.0327,6.0
41.5106,-85.0323,6.0
41.5109,-85.0202,6.0
41.5200,-85.0206,6.0
41.5203,-85.0086,6.0
41.5293,-85.0090,6.0
41.5297,-84.9970,6.0
41.5387,-84.9974,6.0
41.5477,-84.9979,6.0
41.5567,-84.9983,6.0
41.5571,-84.9863,6.0
41.5574,-84.9742,6.0
41.5578,-84.9621,6.0
41.5668,-84.9626,6.0
41.5671,-84.9505,6.0
41.5675,-84.9384,6.0
41.5765,-84.9389,6.0
41.5768,-84.9268,6.0
41.5858,-84.9272,6.0
41.5862,-84.9152,6.0
41.5952,-84.9156,6.0
41.6042,-84.9161,6.0
41.6046,-84.9040,6.0
41.6136,-84.9044,6.0
41.6139,-84.8923,6.0
41.6229,-84.8928,6.0
41.6233,-84.8807,6.0
41.6323,-84.8811,6.0
41.6320,-84.8932,6.0
41.6410,-84.8937,6.0
41.6500,-84.8941,6.0
41.6590,-84.8945,6.0
41.6594,-84.8825,6.0
41.6684,-84.8829,6.0
41.6774,-84.8833,6.0
41.6777,-84.8712,6.0
41.6781,-84.8591,6.0
41.6871,-84.8596,6.0
41.6874,-84.8475,6.0
41.6965,-84.8479,6.0
41.7055,-84.8484,6.0
41.7052,-84.8605,6.0
41.7142,-84.8609,6.0
41.7139,-84.8730,6.0
41.7229,-84.8734,6.0
41.7319,-84.8739,6.0
41.7409,-84.8743,6.0
41.7413,-84.8622,6.0
41.7503,-84.8627,6.0
41.7593,-84.8631,6.0
41.7683,-84.8635,6.0
41.7687,-84.8514,6.0
41.7777,-84.8519,6.0
41.7867,-84.8523,6.0
41.7870,-84.8402,6.0
41.7874,-84.8281,6.0
41.7964,-84.8285,6.0
41.7961,-84.8406,6.0
41.8051,-84.8411,6.0
41.8054,-84.8289,6.0
41.8144,-84.8294,6.0
41.8235,-84.8298,6.0
41.8232,-84.8419,6.0
41.8322,-84.8424,6.0
41.8412,-84.8428,6.0
41.8415,-84.8307,6.0
41.8506,-84.8311,6.0
41.8509,-84.8190,6.0
41.8419,-84.8186,6.0
41.8422,-84.8064,6.0
41.8331,-84.8060,6.0
41.8335,-84.7939,6.0
41.8244,-84.7934,6.0
41.8154,-84.7930,6.0
41.8157,-84.7809,6.0
41.8161,-84.7688,6.0
41.8164,-84.7566,6.0
41.8254,-84.7571,6.0
41.8257,-84.7449,6.0
41.8347,-84.7454,6.0
41.8438,-84.7458,6.0
41.8441,-84.7337,6.0
41.8531,-84.7341,6.0
41.8621,-84.7345,6.0
41.8625,-84.7224,6.0
41.8715,-84.7228,6.0
41.8805,-84.7232,6.0
41.8808,-84.7111,6.0
41.8811,-84.6990,6.0
41.8902,-84.6994,6.0
41.8905,-84.6872,6.0
41.8995,-84.6877,6.0
41.8998,-84.6755,6.0
41.8908,-84.6751,6.0
41.8911,-84.6630,6.0
41.8821,-84.6626,6.0
41.8730,-84.6621,6.0
41.8640,-84.6617,6.0
41.8643,-84.6496,6.0
41.8553,-84.6492,6.0
41.8556,-84.6371,6.0
41.8559,-84.6249,6.0
41.8562,-84.6128,6.0
41.8472,-84.6124,6.0
41.8475,-84.6003,6.0
41.8384,-84.5999,6.0
41.8387,-84.5877,6.0
41.8390,-84.5756,6.0
41.8481,-84.5760,6.0
41.8484,-84.5639,6.0
41.8574,-84.5643,6.0
41.8664,-84.5647,6.0
41.8755,-84.5651,6.0
41.8752,-84.5772,6.0
41.8842,-84.5776,6.0
41.8932,-84.5780,6.0
41.9022,-84.5784,6.0
41.9025,-84.5663,6.0
41.9028,-84.5541,6.0
41.9031,-84.5420,6.0
41.9034,-84.5299,6.0
41.9037,-84.5177,6.0
41.9040,-84.5056,6.0
41.9130,-84.5060,6.0
41.9133,-84.4938,6.0
41.9136,-84.4817,6.0
41.9139,-84.4696,6.0
41.9229,-84.4699,6.0
41.9232,-84.4578,6.0
41.9323,-84.4582,6.0
41.9413,-84.4586,6.0
41.9503,-84.4589,6.0
41.9593,-84.4593,6.0
41.9684,-84.4597,6.0
41.9774,-84.4601,6.0
41.9864,-84.4605,6.0
41.9867,-84.4483,6.0
41.9957,-84.4487,6.0
41.9960,-84.4366,6.0
41.9963,-84.4244,6.0
41.9966,-84.4122,6.0
41.9969,-84.4001,6.0
42.0059,-84.4005,6.0
42.0062,-84.3883,6.0
42.0152,-84.3887,6.0
42.0155,-84.3765,6.0
42.0158,-84.3644,6.0
42.0161,-84.3522,6.0
42.0163,-84.3400,6.0
42.0166,-84.3279,6.0
42.0076,-84.3275,6.0
42.0078,-84.3154,6.0
42.0081,-84.3032,6.0
42.0084,-84.2910,6.0
41.9994,-84.2907,6.0
41.9996,-84.2785,6.0
41.9906,-84.2782,6.0
41.9909,-84.2660,6.0
41.9818,-84.2656,6.0
41.9821,-84.2535,6.0
41.9731,-84.2531,6.0
41.9640,-84.2528,6.0
41.9550,-84.2524,6.0
41.9547,-84.2646,6.0
41.9457,-84.2642,6.0
41.9454,-84.2764,6.0
41.9364,-84.2760,6.0
41.9274,-84.2756,6.0
41.9183,-84.2753,6.0
41.9093,-84.2749,6.0
41.9003,-84.2746,6.0
41.9000,-84.2867,6.0
41.8910,-84.2863,6.0
41.8820,-84.2860,6.0
41.8817,-84.2981,6.0
41.8727,-84.2977,6.0
41.8636,-84.2974,6.0
41.8639,-84.2853,6.0
41.8549,-84.2849,6.0
41.8458,-84.2845,6.0
41.8368,-84.2842,6.0
41.8365,-84.2963,6.0
41.8275,-84.2959,6.0
41.8278,-84.2838,6.0
41.8187,-84.2835,6.0
41.8190,-84.2713,6.0
41.8100,-84.2710,6.0
41.8102,-84.2589,6.0
41.8012,-84.2585,6.0
41.8015,-84.2464,6.0
41.7924,-84.2460,6.0
41.7927,-84.2339,6.0
41.7837,-84.2336,6.0
41.7839,-84.2214,6.0
41.7842,-84.2093,6.0
41.7752,-84.2090,6.0
41.7754,-84.1969,6.0
41.7757,-84.1847,6.0
41.7667,-84.1844,6.0
41.7669,-84.1723,6.0
41.7579,-84.1719,6.0
41.7488,-84.1716,6.0
41.7398,-84.1713,6.0
41.7308,-84.1709,6.0
41.7310,-84.1588,6.0
41.7220,-84.1585,6.0
41.7223,-84.1464,6.0
41.7132,-84.1460,6.0
41.7130,-84.1581,6.0
41.7039,-84.1578,6.0
41.6949,-84.1574,6.0
41.6947,-84.1695,6.0
41.6856,-84.1692,6.0
41.6766,-84.1689,6.0
41.6676,-84.1685,6.0
41.6585,-84.1682,6.0
41.6495,-84.1678,6.0
41.6405,-84.1675,6.0
41.6407,-84.1554,6.0
41.6410,-84.1433,6.0
41.6412,-84.1312,6.0
41.6415,-84.1191,6.0
41.6505,-84.1195,6.0
41.6508,-84.1074,6.0
41.6510,-84.0953,6.0
41.6512,-84.0832,6.0
41.6515,-84.0711,6.0
41.6517,-84.0590,6.0
41.6427,-84.0587,6.0
41.6429,-84.0466,6.0
41.6432,-84.0345,6.0
41.6434,-84.0224,6.0
41.6437,-84.0103,6.0
41.6439,-83.9982,6.0
41.6529,-83.9985,6.0
41.6532,-83.9864,6.0
41.6534,-83.9743,6.0
41.6624,-83.9747,6.0
41.6627,-83.9626,6.0
41.6717,-83.9629,6.0
41.6719,-83.9508,6.0
41.6722,-83.9387,6.0
41.6631,-83.9384,6.0
41.6634,-83.9263,6.0
41.6543,-83.9260,6.0
41.6546,-83.9139,6.0
41.6455,-83.9136,6.0
41.6458,-83.9015,6.0
41.6460,-83.8894,6.0
41.6462,-83.8773,6.0
41.6464,-83.8652,6.0
41.6467,-83.8531,6.0
41.6469,-83.8410,6.0
41.6471,-83.8289,6.0
41.6473,-83.8168,6.0
41.6475,-83.8047,6.0
41.6477,-83.7926,6.0
41.6480,-83.7805,6.0
41.6389,-83.7802,6.0
41.6391,-83.7682,6.0
41.6393,-83.7561,6.0
41.6396,-83.7440,6.0
41.6305,-83.7437,6.0
41.6307,-83.7316,6.0
41.6309,-83.7195,6.0
41.6311,-83.7074,6.0
41.6221,-83.7071,6.0
41.6223,-83.6951,6.0
41.6225,-83.6830,6.0
41.6227,-83.6709,6.0
41.6229,-83.6588,6.0
41.6231,-83.6467,6.0
41.6233,-83.6346,6.0
41.6235,-83.6225,6.0
41.6326,-83.6228,6.0
41.6328,-83.6107,6.0
41.6330,-83.5986,6.0
41.6331,-83.5865,6.0
41.6422,-83.5868,6.0
41.6424,-83.5747,6.0
41.6514,-83.5749,6.0
41.6516,-83.5628,6.0
41.6518,-83.5507,6.0
41.6608,-83.5510,6.0
41.6610,-83.5389,6.0
41.6701,-83.5391,6.0
41.6702,-83.5270,6.0
41.6793,-83.5273,6.0
41.6795,-83.5152,6.0
41.6796,-83.5031,6.0
41.6887,-83.5033,6.0
41.6889,-83.4912,6.0
41.6890,-83.4791,6.0
41.6892,-83.4670,6.0
41.6802,-83.4668,6.0
41.6712,-83.4666,6.0
41.6710,-83.4787,6.0
41.6619,-83.4784,6.0
41.6618,-83.4905,6.0
41.6527,-83.4903,6.0
41.6437,-83.4900,6.0
41.6347,-83.4898,6.0
41.6345,-83.5019,6.0
41.6254,-83.5016,6.0
41.6252,-83.5137,6.0
41.6162,-83.5135,6.0
41.6160,-83.5255,6.0
41.6070,-83.5253,6.0
41.6068,-83.5374,6.0
41.5978,-83.5371,6.0
41.5976,-83.5492,6.0
41.5885,-83.5490,6.0
41.5884,-83.5610,6.0
41.5793,-83.5608,6.0
41.5703,-83.5605,6.0
41.5701,-83.5726,6.0
41.5611,-83.5724,6.0
41.5520,-83.5721,6.0
41.5518,-83.5842,6.0
41.5428,-83.5839,6.0
41.5426,-83.5960,6.0
41.5336,-83.5957,6.0
41.5245,-83.5955,6.0
41.5243,-83.6075,6.0
41.5241,-83.6196,6.0
41.5151,-83.6194,6.0
41.5149,-83.6314,6.0
41.5059,-83.6312,6.0
41.4968,-83.6309,6.0
41.4966,-83.6430,6.0
41.4876,-83.6427,6.0
41.4786,-83.6424,6.0
41.4695,-83.6422,6.0
41.4693,-83.6542,6.0
41.4603,-83.6540,6.0
41.4513,-83.6537,6.0
41.4515,-83.6416,6.0
41.4424,-83.6414,6.0
41.4334,-83.6411,6.0
41.4332,-83.6532,6.0
41.4242,-83.6529,6.0
41.4151,-83.6526,6.0
41.4061,-83.6524,6.0
41.4059,-83.6644,6.0
41.3969,-83.6641,6.0
41.3878,-83.6639,6.0
41.3788,-83.6636,6.0
41.3786,-83.6757,6.0
41.3696,-83.6754,6.0
41.3605,-83.6751,6.0
41.3515,-83.6749,6.0
41.3513,-83.6869,6.0
41.3423,-83.6866,6.0
41.3421,-83.6987,6.0
41.3330,-83.6984,6.0
41.3328,-83.7104,6.0
41.3326,-83.7225,6.0
41.3236,-83.7222,6.0
41.3234,-83.7342,6.0
41.3143,-83.7339,6.0
41.3141,-83.7460,6.0
41.3051,-83.7457,6.0
41.3049,-83.7577,6.0
41.2958,-83.7574,6.0
41.2956,-83.7695,6.0
41.2866,-83.7692,6.0
41.2864,-83.7812,6.0
41.2774,-83.7809,6.0
41.2771,-83.7930,6.0
41.2769,-83.8050,6.0
41.2679,-83.8047,6.0
41.2589,-83.8044,6.0
41.2586,-83.8164,6.0
41.2496,-83.8161,6.0
41.2494,-83.8282,6.0
41.2404,-83.8279,6.0
41.2313,-83.8276,6.0
41.2223,-83.8273,6.0
41.2221,-83.8393,6.0
41.2130,-83.8390,6.0
41.2040,-83.8387,6.0
41.1950,-83.8384,6.0
41.1859,-83.8382,6.0
41.1769,-83.8379,6.0
41.1767,-83.8499,6.0
41.1677,-83.8496,6.0
41.1586,-83.8493,6.0
41.1496,-83.8490,6.0
41.1406,-83.8487,6.0
41.1315,-83.8484,6.0
41.1225,-83.8481,6.0
41.1135,-83.8478,6.0
41.1044,-83.8475,6.0
41.0954,-83.8473,6.0
41.0864,-83.8470,6.0
41.0773,-83.8467,6.0
41.0775,-83.8347,6.0
41.0778,-83.8227,6.0
41.0687,-83.8224,6.0
41.0689,-83.8104,6.0
41.0692,-83.7984,6.0
41.0694,-83.7865,6.0
41.0696,-83.7745,6.0
41.0698,-83.7625,6.0
41.0788,-83.7628,6.0
41.0790,-83.7508,6.0
41.0792,-83.7388,6.0
41.0883,-83.7391,6.0
41.0885,-83.7271,6.0
41.0887,-83.7151,6.0
41.0977,-83.7153,6.0
41.0979,-83.7034,6.0
41.0981,-83.6914,6.0
41.0983,-83.6794,6.0
41.0985,-83.6674,6.0
41.0987,-83.6554,6.0
41.0989,-83.6434,6.0
41.0899,-83.6431,6.0
41.0901,-83.6311,6.0
41.0903,-83.6191,6.0
41.0905,-83.6072,6.0
41.0814,-83.6069,6.0
41.0816,-83.5949,6.0
41.0726,-83.5947,6.0
41.0728,-83.5827,6.0
41.0730,-83.5707,6.0
41.0639,-83.5704,6.0
41.0641,-83.5584,6.0
41.0643,-83.5465,6.0
41.0553,-83.5462,6.0
41.0555,-83.5342,6.0
41.0645,-83.5345,6.0
41.0647,-83.5225,6.0
41.0649,-83.5105,6.0
41.0739,-83.5107,6.0
41.0741,-83.4987,6.0
41.0651,-83.4985,6.0
41.0652,-83.4865,6.0
41.0562,-83.4863,6.0
41.0564,-83.4743,6.0
41.0474,-83.4741,6.0
41.0475,-83.4621,6.0
41.0385,-83.4618,6.0
41.0387,-83.4499,6.0
41.0388,-83.4379,6.0
41.0479,-83.4381,6.0
41.0481,-83.4261,6.0
41.0482,-83.4141,6.0
41.0392,-83.4139,6.0
41.0394,-83.4019,6.0
41.0484,-83.4022,6.0
41.0486,-83.3902,6.0
41.0487,-83.3782,6.0
41.0397,-83.3780,6.0
41.0307,-83.3777,6.0
41.0216,-83.3775,6.0
41.0215,-83.3895,6.0
41.0124,-83.3893,6.0
41.0034,-83.3890,6.0
40.9944,-83.3888,6.0
40.9853,-83.3886,6.0
40.9763,-83.3884,6.0
40.9761,-83.4003,6.0
40.9671,-83.4001,6.0
40.9669,-83.4121,6.0
40.9579,-83.4118,6.0
40.9577,-83.4238,6.0
40.9575,-83.4358,6.0
40.9485,-83.4355,6.0
40.9395,-83.4353,6.0
40.9304,-83.4351,6.0
40.9302,-83.4470,6.0
40.9212,-83.4468,6.0
40.9210,-83.4588,6.0
40.9120,-83.4585,6.0
40.9030,-83.4583,6.0
40.8939,-83.4581,6.0
40.8937,-83.4700,6.0
40.8847,-83.4698,6.0
40.8757,-83.4695,6.0
40.8755,-83.4815,6.0
40.8665,-83.4813,6.0
40.8666,-83.4693,6.0
40.8576,-83.4691,6.0
40.8486,-83.4688,6.0
40.8487,-83.4569,6.0
40.8397,-83.4567,6.0
40.8307,-83.4564,6.0
40.8309,-83.4445,6.0
40.8218,-83.4442,6.0
40.8128,-83.4440,6.0
40.8037,-83.4438,6.0
40.7947,-83.4436,6.0
40.7945,-83.4555,6.0
40.7855,-83.4553,6.0
40.7853,-83.4672,6.0
40.7763,-83.4670,6.0
40.7761,-83.4789,6.0
40.7759,-83.4908,6.0
40.7669,-83.4906,6.0
40.7667,-83.5025,6.0
40.7577,-83.5023,6.0
40.7575,-83.5142,6.0
40.7573,-83.5261,6.0
40.7483,-83.5259,6.0
40.7481,-83.5378,6.0
40.7391,-83.5376,6.0
40.7300,-83.5373,6.0
40.7298,-83.5493,6.0
40.7208,-83.5490,6.0
40.7118,-83.5488,6.0
40.7116,-83.5607,6.0
40.7025,-83.5605,6.0
40.6935,-83.5602,6.0
40.6845,-83.5600,6.0
40.6843,-83.5719,6.0
40.6753,-83.5716,6.0
40.6751,-83.5835,6.0
40.6660,-83.5833,6.0
40.6658,-83.5952,6.0
40.6568,-83.5950,6.0
40.6566,-83.6069,6.0
40.6564,-83.6188,6.0
40.6562,-83.6307,6.0
40.6653,-83.6310,6.0
40.6651,-83.6429,6.0
40.6649,-83.6548,6.0
40.6739,-83.6550,6.0
40.6737,-83.6670,6.0
40.6827,-83.6672,6.0
40.6825,-83.6791,6.0
40.6916,-83.6794,6.0
40.6914,-83.6913,6.0
40.7004,-83.6916,6.0
40.7002,-83.7035,6.0
40.7000,-83.7154,6.0
40.6998,-83.7273,6.0
40.6996,-83.7393,6.0
40.6994,-83.7512,6.0
40.6992,-83.7631,6.0
40.6990,-83.7750,6.0
40.6988,-83.7869,6.0
40.6986,-83.7989,6.0
40.7076,-83.7991,6.0
40.7074,-83.8111,6.0
40.7072,-83.8230,6.0
40.7162,-83.8233,6.0
40.7160,-83.8352,6.0
40.7158,-83.8471,6.0
40.7155,-83.8590,6.0
40.7246,-83.8593,6.0
40.7244,-83.8713,6.0
40.7153,-83.8710,6.0
40.7151,-83.8829,6.0
40.7149,-83.8948,6.0
40.7059,-83.8945,6.0
40.6968,-83.8942,6.0
40.6878,-83.8939,6.0
40.6880,-83.8820,6.0
40.6790,-83.8817,6.0
40.6788,-83.8936,6.0
40.6697,-83.8934,6.0
40.6607,-83.8931,6.0
40.6605,-83.9050,6.0
40.6514,-83.9047,6.0
40.6424,-83.9044,6.0
40.6334,-83.9041,6.0
40.6331,-83.9160,6.0
40.6329,-83.9279,6.0
40.6327,-83.9398,6.0
40.6325,-83.9517,6.0
40.6322,-83.9636,6.0
40.6232,-83.9633,6.0
40.6230,-83.9752,6.0
40.6139,-83.9749,6.0
40.6137,-83.9868,6.0
40.6047,-83.9865,6.0
40.6045,-83.9984,6.0
40.6042,-84.0103,6.0
40.6040,-84.0222,6.0
40.5950,-84.0219,6.0
40.5947,-84.0338,6.0
40.5857,-84.0335,6.0
40.5855,-84.0454,6.0
40.5764,-84.0451,6.0
40.5762,-84.0570,6.0
40.5671,-84.0567,6.0
40.5669,-84.0686,6.0
40.5667,-84.0805,6.0
40.5576,-84.0802,6.0
40.5486,-84.0799,6.0
40.5488,-84.0680,6.0
40.5398,-84.0676,6.0
40.5401,-84.0558,6.0
40.5310,-84.0554,6.0
40.5220,-84.0551,6.0
40.5218,-84.0670,6.0
40.5127,-84.0667,6.0
40.5037,-84.0664,6.0
40.5034,-84.0783,6.0
40.5032,-84.0902,6.0
40.5030,-84.1020,6.0
40.4939,-84.1017,6.0
40.4937,-84.1136,6.0
40.4934,-84.1255,6.0
40.4932,-84.1374,6.0
40.4842,-84.1371,6.0
40.4839,-84.1489,6.0
40.4837,-84.1608,6.0
40.4834,-84.1727,6.0
40.4744,-84.1724,6.0
40.4741,-84.1842,6.0
40.4739,-84.1961,6.0
40.4649,-84.1958,6.0
40.4646,-84.2077,6.0
40.4644,-84.2195,6.0
40.4553,-84.2192,6.0
40.4551,-84.2311,6.0
40.4460,-84.2308,6.0
40.4458,-84.2426,6.0
40.4455,-84.2545,6.0
40.4365,-84.2542,6.0
40.4362,-84.2660,6.0
40.4272,-84.2657,6.0
40.4270,-84.2776,6.0
40.4267,-84.2894,6.0
40.4177,-84.2891,6.0
40.4174,-84.3010,6.0
40.4171,-84.3128,6.0
40.4169,-84.3247,6.0
40.4166,-84.3366,6.0
40.4163,-84.3484,6.0
40.4161,-84.3603,6.0
40.4070,-84.3600,6.0
40.4068,-84.3718,6.0
40.4065,-84.3837,6.0
40.4062,-84.3955,6.0
40.4060,-84.4074,6.0
40.4057,-84.4193,6.0
40.4054,-84.4311,6.0
40.4051,-84.4430,6.0
40.4049,-84.4549,6.0
40.4046,-84.4667,6.0
40.4043,-84.4786,6.0
40.4040,-84.4905,6.0
40.4037,-84.5023,6.0
41.0385,-83.4618,7.0
41.0475,-83.4621,7.0
41.0474,-83.4741,7.0
41.0564,-83.4743,7.0
41.0562,-83.4863,7.0
41.0652,-83.4865,7.0
41.0651,-83.4985,7.0
41.0741,-83.4987,7.0
41.0739,-83.5107,7.0
41.0649,-83.5105,7.0
41.0647,-83.5225,7.0
41.0645,-83.5345,7.0
41.0555,-83.5342,7.0
41.0553,-83.5462,7.0
41.0643,-83.5465,7.0
41.0641,-83.5584,7.0
41.0639,-83.5704,7.0
41.0730,-83.5707,7.0
41.0728,-83.5827,7.0
41.0726,-83.5947,7.0
41.0816,-83.5949,7.0
41.0814,-83.6069,7.0
41.0905,-83.6072,7.0
41.0903,-83.6191,7.0
41.0901,-83.6311,7.0
41.0899,-83.6431,7.0
41.0989,-83.6434,7.0
41.0987,-83.6554,7.0
41.0985,-83.6674,7.0
41.0983,-83.6794,7.0
41.0981,-83.6914,7.0
41.0979,-83.7034,7.0
41.0977,-83.7153,7.0
41.0887,-83.7151,7.0
41.0885,-83.7271,7.0
41.0883,-83.7391,7.0
41.0792,-83.7388,7.0
41.0790,-83.7508,7.0
41.0788,-83.7628,7.0
41.0698,-83.7625,7.0
41.0696,-83.7745,7.0
41.0694,-83.7865,7.0
41.0692,-83.7984,7.0
41.0689,-83.8104,7.0
41.0687,-83.8224,7.0
41.0778,-83.8227,7.0
41.0775,-83.8347,7.0
41.0773,-83.8467,7.0
41.0864,-83.8470,7.0
41.0954,-83.8473,7.0
41.1044,-83.8475,7.0
41.1135,-83.8478,7.0
41.1225,-83.8481,7.0
41.1315,-83.8484,7.0
41.1406,-83.8487,7.0
41.1496,-83.8490,7.0
41.1586,-83.8493,7.0
41.1677,-83.8496,7.0
41.1767,-83.8499,7.0
41.1769,-83.8379,7.0
41.1859,-83.8382,7.0
41.1950,-83.8384,7.0
41.2040,-83.8387,7.0
41.2130,-83.8390,7.0
41.2221,-83.8393,7.0
41.2223,-83.8273,7.0
41.2313,-83.8276,7.0
41.2404,-83.8279,7.0
41.2494,-83.8282,7.0
41.2496,-83.8161,7.0
41.2586,-83.8164,7.0
41.2589,-83.8044,7.0
41.2679,-83.8047,7.0
41.2769,-83.8050,7.0
41.2771,-83.7930,7.0
41.2774,-83.7809,7.0
41.2864,-83.7812,7.0
41.2866,-83.7692,7.0
41.2956,-83.7695,7.0
41.2958,-83.7574,7.0
41.3049,-83.7577,7.0
41.3051,-83.7457,7.0
41.3141,-83.7460,7.0
41.3143,-83.7339,7.0
41.3234,-83.7342,7.0
41.3236,-83.7222,7.0
41.3326,-83.7225,7.0
41.3328,-83.7104,7.0
41.3330,-83.6984,7.0
41.3421,-83.6987,7.0
41.3423,-83.6866,7.0
41.3513,-83.6869,7.0
41.3515,-83.6749,7.0
41.3605,-83.6751,7.0
41.3696,-83.6754,7.0
41.3786,-83.6757,7.0
41.3788,-83.6636,7.0
41.3878,-83.6639,7.0
41.3969,-83.6641,7.0
41.4059,-83.6644,7.0
41.4061,-83.6524,7.0
41.4151,-83.6526,7.0
41.4242,-83.6529,7.0
41.4332,-83.6532,7.0
41.4334,-83.6411,7.0
41.4424,-83.6414,7.0
41.4515,-83.6416,7.0
41.4513,-83.6537,7.0
41.4603,-83.6540,7.0
41.4693,-83.6542,7.0
41.4695,-83.6422,7.0
41.4786,-83.6424,7.0
41.4876,-83.6427,7.0
41.4966,-83.6430,7.0
41.4968,-83.6309,7.0
41.5059,-83.6312,7.0
41.5149,-83.6314,7.0
41.5151,-83.6194,7.0
41.5241,-83.6196,7.0
41.5243,-83.6075,7.0
41.5245,-83.5955,7.0
41.5336,-83.5957,7.0
41.5426,-83.5960,7.0
41.5428,-83.5839,7.0
41.5518,-83.5842,7.0
41.5520,-83.5721,7.0
41.5611,-83.5724,7.0
41.5701,-83.5726,7.0
41.5703,-83.5605,7.0
41.5793,-83.5608,7.0
41.5884,-83.5610,7.0
41.5885,-83.5490,7.0
41.5976,-83.5492,7.0
41.5978,-83.5371,7.0
41.6068,-83.5374,7.0
41.6070,-83.5253,7.0
41.6160,-83.5255,7.0
41.6162,-83.5135,7.0
41.6252,-83.5137,7.0
41.6254,-83.5016,7.0
41.6345,-83.5019,7.0
41.6347,-83.4898,7.0
41.6437,-83.4900,7.0
41.6527,-83.4903,7.0
41.6618,-83.4905,7.0
41.6619,-83.4784,7.0
41.6710,-83.4787,7.0
41.6712,-83.4666,7.0
41.6802,-83.4668,7.0
41.6892,-83.4670,7.0
41.6894,-83.4549,7.0
41.6896,-83.4428,7.0
41.6898,-83.4307,7.0
41.6899,-83.4186,7.0
41.6901,-83.4065,7.0
41.6811,-83.4063,7.0
41.6813,-83.3942,7.0
41.6814,-83.3821,7.0
41.6816,-83.3700,7.0
41.6818,-83.3579,7.0
41.6908,-83.3581,7.0
41.6910,-83.3460,7.0
41.7000,-83.3462,7.0
41.7002,-83.3341,7.0
41.6911,-83.3339,7.0
41.6913,-83.3218,7.0
41.6823,-83.3216,7.0
41.6732,-83.3214,7.0
41.6734,-83.3093,7.0
41.6644,-83.3090,7.0
41.6645,-83.2969,7.0
41.6736,-83.2972,7.0
41.6737,-83.2851,7.0
41.6647,-83.2848,7.0
41.6649,-83.2727,7.0
41.6558,-83.2725,7.0
41.6560,-83.2604,7.0
41.6469,-83.2602,7.0
41.6471,-83.2481,7.0
41.6473,-83.2360,7.0
41.6382,-83.2358,7.0
41.6384,-83.2237,7.0
41.6293,-83.2235,7.0
41.6295,-83.2114,7.0
41.6297,-83.1993,7.0
41.6298,-83.1872,7.0
41.6208,-83.1870,7.0
41.6209,-83.1749,7.0
41.6211,-83.1629,7.0
41.6120,-83.1627,7.0
41.6122,-83.1506,7.0
41.6123,-83.1385,7.0
41.6125,-83.1264,7.0
41.6126,-83.1143,7.0
41.6036,-83.1141,7.0
41.6037,-83.1020,7.0
41.6039,-83.0899,7.0
41.5948,-83.0897,7.0
41.5950,-83.0777,7.0
41.5859,-83.0775,7.0
41.5769,-83.0773,7.0
41.5770,-83.0652,7.0
41.5680,-83.0650,7.0
41.5681,-83.0529,7.0
41.5591,-83.0527,7.0
41.5592,-83.0407,7.0
41.5502,-83.0405,7.0
41.5503,-83.0284,7.0
41.5413,-83.0282,7.0
41.5414,-83.0162,7.0
41.5416,-83.0041,7.0
41.5325,-83.0039,7.0
41.5327,-82.9918,7.0
41.5236,-82.9917,7.0
41.5238,-82.9796,7.0
41.5239,-82.9675,7.0
41.5240,-82.9554,7.0
41.5150,-82.9553,7.0
41.5151,-82.9432,7.0
41.5152,-82.9311,7.0
41.5153,-82.9191,7.0
41.5155,-82.9070,7.0
41.5156,-82.8949,7.0
41.5246,-82.8951,7.0
41.5247,-82.8830,7.0
41.5338,-82.8832,7.0
41.5339,-82.8711,7.0
41.5429,-82.8712,7.0
41.5520,-82.8714,7.0
41.5521,-82.8593,7.0
41.5611,-82.8595,7.0
41.5610,-82.8716,7.0
41.5701,-82.8717,7.0
41.5791,-82.8719,7.0
41.5792,-82.8598,7.0
41.5882,-82.8599,7.0
41.5884,-82.8479,7.0
41.5793,-82.8477,7.0
41.5794,-82.8356,7.0
41.5704,-82.8355,7.0
41.5614,-82.8353,7.0
41.5615,-82.8232,7.0
41.5616,-82.8112,7.0
41.5526,-82.8110,7.0
41.5527,-82.7989,7.0
41.5436,-82.7988,7.0
41.5346,-82.7986,7.0
41.5347,-82.7866,7.0
41.5348,-82.7745,7.0
41.5438,-82.7746,7.0
41.5440,-82.7625,7.0
41.5441,-82.7505,7.0
41.5442,-82.7384,7.0
41.5443,-82.7263,7.0
41.5352,-82.7262,7.0
41.5353,-82.7141,7.0
41.5263,-82.7140,7.0
41.5262,-82.7260,7.0
41.5172,-82.7259,7.0
41.5171,-82.7380,7.0
41.5169,-82.7500,7.0
41.5260,-82.7502,7.0
41.5259,-82.7623,7.0
41.5258,-82.7743,7.0
41.5257,-82.7864,7.0
41.5166,-82.7863,7.0
41.5165,-82.7983,7.0
41.5164,-82.8104,7.0
41.5163,-82.8225,7.0
41.5162,-82.8345,7.0
41.5161,-82.8466,7.0
41.5159,-82.8587,7.0
41.5069,-82.8585,7.0
41.5068,-82.8706,7.0
41.5067,-82.8827,7.0
41.4976,-82.8825,7.0
41.4975,-82.8946,7.0
41.4974,-82.9067,7.0
41.4973,-82.9187,7.0
41.4971,-82.9308,7.0
41.4970,-82.9429,7.0
41.4969,-82.9549,7.0
41.4968,-82.9670,7.0
41.4877,-82.9668,7.0
41.4876,-82.9789,7.0
41.4875,-82.9910,7.0
41.4873,-83.0030,7.0
41.4783,-83.0028,7.0
41.4782,-83.0149,7.0
41.4780,-83.0270,7.0
41.4779,-83.0390,7.0
41.4778,-83.0511,7.0
41.4687,-83.0509,7.0
41.4686,-83.0630,7.0
41.4685,-83.0750,7.0
41.4683,-83.0871,7.0
41.4682,-83.0992,7.0
41.4680,-83.1112,7.0
41.4679,-83.1233,7.0
41.4677,-83.1354,7.0
41.4587,-83.1352,7.0
41.4586,-83.1472,7.0
41.4584,-83.1593,7.0
41.4583,-83.1713,7.0
41.4492,-83.1711,7.0
41.4491,-83.1832,7.0
41.4489,-83.1953,7.0
41.4399,-83.1951,7.0
41.4397,-83.2071,7.0
41.4307,-83.2069,7.0
41.4305,-83.2190,7.0
41.4304,-83.2310,7.0
41.4213,-83.2308,7.0
41.4212,-83.2429,7.0
41.4122,-83.2427,7.0
41.4120,-83.2547,7.0
41.4030,-83.2545,7.0
41.4028,-83.2665,7.0
41.3938,-83.2663,7.0
41.3847,-83.2661,7.0
41.3846,-83.2782,7.0
41.3755,-83.2780,7.0
41.3754,-83.2900,7.0
41.3663,-83.2898,7.0
41.3662,-83.3018,7.0
41.3571,-83.3016,7.0
41.3570,-83.3136,7.0
41.3568,-83.3257,7.0
41.3478,-83.3255,7.0
41.3387,-83.3252,7.0
41.3297,-83.3250,7.0
41.3295,-83.3371,7.0
41.3205,-83.3368,7.0
41.3115,-83.3366,7.0
41.3113,-83.3487,7.0
41.3111,-83.3607,7.0
41.3021,-83.3605,7.0
41.3019,-83.3725,7.0
41.3018,-83.3845,7.0
41.3016,-83.3966,7.0
41.2925,-83.3963,7.0
41.2924,-83.4084,7.0
41.2833,-83.4081,7.0
41.2743,-83.4079,7.0
41.2741,-83.4199,7.0
41.2651,-83.4197,7.0
41.2561,-83.4195,7.0
41.2559,-83.4315,7.0
41.2468,-83.4312,7.0
41.2378,-83.4310,7.0
41.2288,-83.4308,7.0
41.2197,-83.4305,7.0
41.2196,-83.4426,7.0
41.2105,-83.4423,7.0
41.2015,-83.4421,7.0
41.1925,-83.4418,7.0
41.1834,-83.4416,7.0
41.1744,-83.4414,7.0
41.1746,-83.4294,7.0
41.1655,-83.4291,7.0
41.1657,-83.4171,7.0
41.1567,-83.4169,7.0
41.1476,-83.4167,7.0
41.1386,-83.4164,7.0
41.1296,-83.4162,7.0
41.1205,-83.4160,7.0
41.1115,-83.4157,7.0
41.1024,-83.4155,7.0
41.0934,-83.4153,7.0
41.0932,-83.4273,7.0
41.0842,-83.4270,7.0
41.0752,-83.4268,7.0
41.0661,-83.4266,7.0
41.0571,-83.4264,7.0
41.0481,-83.4261,7.0
41.0479,-83.4381,7.0
41.0388,-83.4379,7.0
41.0387,-83.4499,7.0
41.0385,-83.4618,7.0
41.6245,-82.8485,7.2
41.6336,-82.8486,7.2
41.6426,-82.8488,7.2
41.6516,-82.8489,7.2
41.6517,-82.8369,7.2
41.6519,-82.8248,7.2
41.6520,-82.8127,7.2
41.6610,-82.8128,7.2
41.6611,-82.8007,7.2
41.6521,-82.8006,7.2
41.6429,-82.8125,7.2
41.6610,-82.8128,7.2
41.6611,-82.8007,7.2
41.6521,-82.8006,7.2
41.6520,-82.8127,7.2
41.6429,-82.8125,7.2
41.6428,-82.8246,7.2
41.6338,-82.8244,7.2
41.6337,-82.8365,7.2
41.6246,-82.8364,7.2
41.6245,-82.8485,7.2
41.5805,-82.7148,7.3
41.5896,-82.7149,7.3
41.5895,-82.7270,7.3
41.5894,-82.7391,7.3
41.5984,-82.7392,7.3
41.6074,-82.7394,7.3
41.6075,-82.7273,7.3
41.6166,-82.7274,7.3
41.6167,-82.7153,7.3
41.6076,-82.7152,7.3
41.6077,-82.7031,7.3
41.6078,-82.6910,7.3
41.6169,-82.6911,7.3
41.6170,-82.6791,7.3
41.6079,-82.6789,7.3
41.5988,-82.6909,7.3
41.6169,-82.6911,7.3
41.6170,-82.6791,7.3
41.6079,-82.6789,7.3
41.6078,-82.6910,7.3
41.5988,-82.6909,7.3
41.5898,-82.6907,7.3
41.5807,-82.6906,7.3
41.5806,-82.7027,7.3
41.5805,-82.7148,7.3
41.6699,-82.8251,7.4
41.6790,-82.8252,7.4
41.6789,-82.8373,7.4
41.6879,-82.8375,7.4
41.6880,-82.8254,7.4
41.6881,-82.8133,7.4
41.6972,-82.8134,7.4
41.6973,-82.8013,7.4
41.6882,-82.8012,7.4
41.6791,-82.8131,7.4
41.6972,-82.8134,7.4
41.6973,-82.8013,7.4
41.6882,-82.8012,7.4
41.6881,-82.8133,7.4
41.6791,-82.8131,7.4
41.6701,-82.8130,7.4
41.6699,-82.8251,7.4
41.7061,-82.8257,7.5
41.7060,-82.8378,7.5
41.7150,-82.8379,7.5
41.7241,-82.8381,7.5
41.7242,-82.8260,7.5
41.7151,-82.8258,7.5
41.7061,-82.8257,7.5
40.5979,-83.2956,8.0
40.6070,-83.2958,8.0
40.6068,-83.3078,8.0
40.6066,-83.3197,8.0
40.6065,-83.3316,8.0
40.6063,-83.3435,8.0
40.6062,-83.3554,8.0
40.6060,-83.3673,8.0
40.6150,-83.3675,8.0
40.6149,-83.3794,8.0
40.6147,-83.3913,8.0
40.6145,-83.4032,8.0
40.6236,-83.4034,8.0
40.6234,-83.4153,8.0
40.6232,-83.4273,8.0
40.6230,-83.4392,8.0
40.6321,-83.4394,8.0
40.6319,-83.4513,8.0
40.6317,-83.4632,8.0
40.6315,-83.4751,8.0
40.6314,-83.4870,8.0
40.6312,-83.4989,8.0
40.6310,-83.5108,8.0
40.6308,-83.5228,8.0
40.6399,-83.5230,8.0
40.6397,-83.5349,8.0
40.6395,-83.5468,8.0
40.6393,-83.5587,8.0
40.6483,-83.5590,8.0
40.6481,-83.5709,8.0
40.6480,-83.5828,8.0
40.6478,-83.5947,8.0
40.6476,-83.6066,8.0
40.6566,-83.6069,8.0
40.6568,-83.5950,8.0
40.6658,-83.5952,8.0
40.6660,-83.5833,8.0
40.6751,-83.5835,8.0
40.6753,-83.5716,8.0
40.6843,-83.5719,8.0
40.6845,-83.5600,8.0
40.6935,-83.5602,8.0
40.7025,-83.5605,8.0
40.7116,-83.5607,8.0
40.7118,-83.5488,8.0
40.7208,-83.5490,8.0
40.7298,-83.5493,8.0
40.7300,-83.5373,8.0
40.7391,-83.5376,8.0
40.7481,-83.5378,8.0
40.7483,-83.5259,8.0
40.7573,-83.5261,8.0
40.7575,-83.5142,8.0
40.7577,-83.5023,8.0
40.7667,-83.5025,8.0
40.7669,-83.4906,8.0
40.7759,-83.4908,8.0
40.7761,-83.4789,8.0
40.7763,-83.4670,8.0
40.7853,-83.4672,8.0
40.7855,-83.4553,8.0
40.7945,-83.4555,8.0
40.7947,-83.4436,8.0
40.8037,-83.4438,8.0
40.8128,-83.4440,8.0
40.8218,-83.4442,8.0
40.8309,-83.4445,8.0
40.8307,-83.4564,8.0
40.8397,-83.4567,8.0
40.8487,-83.4569,8.0
40.8486,-83.4688,8.0
40.8576,-83.4691,8.0
40.8666,-83.4693,8.0
40.8665,-83.4813,8.0
40.8755,-83.4815,8.0
40.8757,-83.4695,8.0
40.8847,-83.4698,8.0
40.8937,-83.4700,8.0
40.8939,-83.4581,8.0
40.9030,-83.4583,8.0
40.9120,-83.4585,8.0
40.9210,-83.4588,8.0
40.9212,-83.4468,8.0
40.9302,-83.4470,8.0
40.9304,-83.4351,8.0
40.9395,-83.4353,8.0
40.9485,-83.4355,8.0
40.9575,-83.4358,8.0
40.9577,-83.4238,8.0
40.9579,-83.4118,8.0
40.9669,-83.4121,8.0
40.9671,-83.4001,8.0
40.9761,-83.4003,8.0
40.9763,-83.3884,8.0
40.9853,-83.3886,8.0
40.9944,-83.3888,8.0
41.0034,-83.3890,8.0
41.0124,-83.3893,8.0
41.0215,-83.3895,8.0
41.0216,-83.3775,8.0
41.0307,-83.3777,8.0
41.0397,-83.3780,8.0
41.0487,-83.3782,8.0
41.0486,-83.3902,8.0
41.0484,-83.4022,8.0
41.0394,-83.4019,8.0
41.0392,-83.4139,8.0
41.0482,-83.4141,8.0
41.0481,-83.4261,8.0
41.0571,-83.4264,8.0
41.0661,-83.4266,8.0
41.0752,-83.4268,8.0
41.0842,-83.4270,8.0
41.0932,-83.4273,8.0
41.0934,-83.4153,8.0
41.1024,-83.4155,8.0
41.1115,-83.4157,8.0
41.1205,-83.4160,8.0
41.1296,-83.4162,8.0
41.1386,-83.4164,8.0
41.1476,-83.4167,8.0
41.1567,-83.4169,8.0
41.1657,-83.4171,8.0
41.1655,-83.4291,8.0
41.1746,-83.4294,8.0
41.1744,-83.4414,8.0
41.1834,-83.4416,8.0
41.1925,-83.4418,8.0
41.2015,-83.4421,8.0
41.2105,-83.4423,8.0
41.2196,-83.4426,8.0
41.2197,-83.4305,8.0
41.2288,-83.4308,8.0
41.2378,-83.4310,8.0
41.2468,-83.4312,8.0
41.2559,-83.4315,8.0
41.2561,-83.4195,8.0
41.2651,-83.4197,8.0
41.2741,-83.4199,8.0
41.2743,-83.4079,8.0
41.2833,-83.4081,8.0
41.2924,-83.4084,8.0
41.2925,-83.3963,8.0
41.3016,-83.3966,8.0
41.3018,-83.3845,8.0
41.3019,-83.3725,8.0
41.3021,-83.3605,8.0
41.3111,-83.3607,8.0
41.3113,-83.3487,8.0
41.3115,-83.3366,8.0
41.3205,-83.3368,8.0
41.3295,-83.3371,8.0
41.3297,-83.3250,8.0
41.3387,-83.3252,8.0
41.3478,-83.3255,8.0
41.3568,-83.3257,8.0
41.3570,-83.3136,8.0
41.3571,-83.3016,8.0
41.3662,-83.3018,8.0
41.3663,-83.2898,8.0
41.3754,-83.2900,8.0
41.3755,-83.2780,8.0
41.3846,-83.2782,8.0
41.3847,-83.2661,8.0
41.3938,-83.2663,8.0
41.4028,-83.2665,8.0
41.4030,-83.2545,8.0
41.4120,-83.2547,8.0
41.4122,-83.2427,8.0
41.4212,-83.2429,8.0
41.4213,-83.2308,8.0
41.4304,-83.2310,8.0
41.4305,-83.2190,8.0
41.4307,-83.2069,8.0
41.4397,-83.2071,8.0
41.4399,-83.1951,8.0
41.4489,-83.1953,8.0
41.4491,-83.1832,8.0
41.4492,-83.1711,8.0
41.4583,-83.1713,8.0
41.4584,-83.1593,8.0
41.4586,-83.1472,8.0
41.4587,-83.1352,8.0
41.4677,-83.1354,8.0
41.4679,-83.1233,8.0
41.4680,-83.1112,8.0
41.4682,-83.0992,8.0
41.4683,-83.0871,8.0
41.4685,-83.0750,8.0
41.4686,-83.0630,8.0
41.4687,-83.0509,8.0
41.4778,-83.0511,8.0
41.4779,-83.0390,8.0
41.4780,-83.0270,8.0
41.4782,-83.0149,8.0
41.4783,-83.0028,8.0
41.4873,-83.0030,8.0
41.4875,-82.9910,8.0
41.4876,-82.9789,8.0
41.4877,-82.9668,8.0
41.4968,-82.9670,8.0
41.4969,-82.9549,8.0
41.4970,-82.9429,8.0
41.4971,-82.9308,8.0
41.4973,-82.9187,8.0
41.4974,-82.9067,8.0
41.4975,-82.8946,8.0
41.4976,-82.8825,8.0
41.5067,-82.8827,8.0
41.5068,-82.8706,8.0
41.5069,-82.8585,8.0
41.5159,-82.8587,8.0
41.5161,-82.8466,8.0
41.5162,-82.8345,8.0
41.5163,-82.8225,8.0
41.5164,-82.8104,8.0
41.5165,-82.7983,8.0
41.5166,-82.7863,8.0
41.5257,-82.7864,8.0
41.5258,-82.7743,8.0
41.5259,-82.7623,8.0
41.5260,-82.7502,8.0
41.5169,-82.7500,8.0
41.5171,-82.7380,8.0
41.5080,-82.7378,8.0
41.5081,-82.7258,8.0
41.4991,-82.7256,8.0
41.4990,-82.7377,8.0
41.5079,-82.7499,8.0
41.5081,-82.7258,8.0
41.4991,-82.7256,8.0
41.4990,-82.7377,8.0
41.5080,-82.7378,8.0
41.5079,-82.7499,8.0
41.5078,-82.7620,8.0
41.5077,-82.7740,8.0
41.4987,-82.7739,8.0
41.4985,-82.7860,8.0
41.5076,-82.7861,8.0
41.5075,-82.7982,8.0
41.5074,-82.8103,8.0
41.4983,-82.8101,8.0
41.4982,-82.8222,8.0
41.4981,-82.8342,8.0
41.4891,-82.8341,8.0
41.4889,-82.8462,8.0
41.4980,-82.8463,8.0
41.4979,-82.8584,8.0
41.4888,-82.8582,8.0
41.4887,-82.8703,8.0
41.4886,-82.8824,8.0
41.4885,-82.8944,8.0
41.4884,-82.9065,8.0
41.4882,-82.9186,8.0
41.4881,-82.9306,8.0
41.4880,-82.9427,8.0
41.4879,-82.9548,8.0
41.4877,-82.9668,8.0
41.4787,-82.9667,8.0
41.4786,-82.9787,8.0
41.4695,-82.9785,8.0
41.4694,-82.9906,8.0
41.4604,-82.9904,8.0
41.4602,-83.0025,8.0
41.4601,-83.0146,8.0
41.4600,-83.0266,8.0
41.4509,-83.0264,8.0
41.4511,-83.0144,8.0
41.4420,-83.0142,8.0
41.4419,-83.0263,8.0
41.4328,-83.0261,8.0
41.4330,-83.0140,8.0
41.4331,-83.0020,8.0
41.4332,-82.9899,8.0
41.4334,-82.9779,8.0
41.4335,-82.9658,8.0
41.4245,-82.9656,8.0
41.4246,-82.9536,8.0
41.4156,-82.9534,8.0
41.4157,-82.9413,8.0
41.4158,-82.9293,8.0
41.4248,-82.9295,8.0
41.4250,-82.9174,8.0
41.4251,-82.9054,8.0
41.4341,-82.9055,8.0
41.4342,-82.8935,8.0
41.4344,-82.8814,8.0
41.4345,-82.8693,8.0
41.4435,-82.8695,8.0
41.4436,-82.8574,8.0
41.4438,-82.8454,8.0
41.4528,-82.8455,8.0
41.4618,-82.8457,8.0
41.4619,-82.8336,8.0
41.4710,-82.8338,8.0
41.4711,-82.8217,8.0
41.4712,-82.8097,8.0
41.4622,-82.8095,8.0
41.4623,-82.7974,8.0
41.4532,-82.7973,8.0
41.4534,-82.7852,8.0
41.4443,-82.7851,8.0
41.4444,-82.7730,8.0
41.4445,-82.7610,8.0
41.4446,-82.7489,8.0
41.4447,-82.7369,8.0
41.4538,-82.7370,8.0
41.4539,-82.7249,8.0
41.4540,-82.7129,8.0
41.4541,-82.7008,8.0
41.4542,-82.6888,8.0
41.4543,-82.6767,8.0
41.4453,-82.6766,8.0
41.4362,-82.6764,8.0
41.4363,-82.6644,8.0
41.4453,-82.6645,8.0
41.4544,-82.6646,8.0
41.4543,-82.6767,8.0
41.4633,-82.6768,8.0
41.4724,-82.6770,8.0
41.4723,-82.6890,8.0
41.4722,-82.7011,8.0
41.4812,-82.7012,8.0
41.4902,-82.7014,8.0
41.4903,-82.6893,8.0
41.4813,-82.6892,8.0
41.4814,-82.6771,8.0
41.4724,-82.6770,8.0
41.4725,-82.6649,8.0
41.4634,-82.6648,8.0
41.4544,-82.6646,8.0
41.4545,-82.6526,8.0
41.4454,-82.6525,8.0
41.4455,-82.6404,8.0
41.4365,-82.6403,8.0
41.4366,-82.6282,8.0
41.4276,-82.6281,8.0
41.4276,-82.6160,8.0
41.4186,-82.6159,8.0
41.4187,-82.6039,8.0
41.4097,-82.6037,8.0
41.4006,-82.6036,8.0
41.3916,-82.6035,8.0
41.3825,-82.6034,8.0
41.3735,-82.6033,8.0
41.3734,-82.6153,8.0
41.3644,-82.6152,8.0
41.3553,-82.6151,8.0
41.3552,-82.6271,8.0
41.3462,-82.6270,8.0
41.3372,-82.6269,8.0
41.3281,-82.6267,8.0
41.3280,-82.6388,8.0
41.3279,-82.6508,8.0
41.3189,-82.6507,8.0
41.3188,-82.6627,8.0
41.3187,-82.6747,8.0
41.3186,-82.6868,8.0
41.3185,-82.6988,8.0
41.3184,-82.7109,8.0
41.3183,-82.7229,8.0
41.3093,-82.7228,8.0
41.3092,-82.7348,8.0
41.3001,-82.7346,8.0
41.2911,-82.7345,8.0
41.2821,-82.7344,8.0
41.2820,-82.7464,8.0
41.2818,-82.7584,8.0
41.2728,-82.7583,8.0
41.2727,-82.7703,8.0
41.2637,-82.7702,8.0
41.2636,-82.7822,8.0
41.2634,-82.7942,8.0
41.2544,-82.7941,8.0
41.2543,-82.8061,8.0
41.2542,-82.8181,8.0
41.2452,-82.8180,8.0
41.2450,-82.8300,8.0
41.2360,-82.8298,8.0
41.2270,-82.8297,8.0
41.2268,-82.8417,8.0
41.2178,-82.8416,8.0
41.2177,-82.8536,8.0
41.2087,-82.8534,8.0
41.1996,-82.8533,8.0
41.1995,-82.8653,8.0
41.1905,-82.8651,8.0
41.1814,-82.8650,8.0
41.1724,-82.8648,8.0
41.1634,-82.8647,8.0
41.1632,-82.8767,8.0
41.1542,-82.8765,8.0
41.1541,-82.8885,8.0
41.1450,-82.8884,8.0
41.1360,-82.8882,8.0
41.1270,-82.8880,8.0
41.1268,-82.9000,8.0
41.1178,-82.8999,8.0
41.1177,-82.9119,8.0
41.1086,-82.9117,8.0
41.0996,-82.9116,8.0
41.0906,-82.9114,8.0
41.0907,-82.8994,8.0
41.0817,-82.8992,8.0
41.0818,-82.8872,8.0
41.0727,-82.8871,8.0
41.0729,-82.8751,8.0
41.0638,-82.8749,8.0
41.0639,-82.8630,8.0
41.0641,-82.8510,8.0
41.0550,-82.8508,8.0
41.0551,-82.8388,8.0
41.0552,-82.8268,8.0
41.0554,-82.8149,8.0
41.0463,-82.8147,8.0
41.0464,-82.8027,8.0
41.0465,-82.7907,8.0
41.0466,-82.7788,8.0
41.0376,-82.7786,8.0
41.0377,-82.7666,8.0
41.0287,-82.7665,8.0
41.0196,-82.7663,8.0
41.0106,-82.7662,8.0
41.0016,-82.7661,8.0
40.9925,-82.7659,8.0
40.9926,-82.7539,8.0
40.9836,-82.7538,8.0
40.9746,-82.7537,8.0
40.9655,-82.7535,8.0
40.9654,-82.7655,8.0
40.9564,-82.7654,8.0
40.9473,-82.7652,8.0
40.9383,-82.7651,8.0
40.9293,-82.7649,8.0
40.9202,-82.7648,8.0
40.9203,-82.7528,8.0
40.9113,-82.7527,8.0
40.9022,-82.7526,8.0
40.9021,-82.7645,8.0
40.8931,-82.7644,8.0
40.8930,-82.7763,8.0
40.8840,-82.7762,8.0
40.8749,-82.7761,8.0
40.8750,-82.7641,8.0
40.8751,-82.7521,8.0
40.8661,-82.7520,8.0
40.8662,-82.7401,8.0
40.8572,-82.7399,8.0
40.8573,-82.7280,8.0
40.8574,-82.7160,8.0
40.8483,-82.7159,8.0
40.8393,-82.7158,8.0
40.8394,-82.7038,8.0
40.8395,-82.6919,8.0
40.8304,-82.6917,8.0
40.8305,-82.6798,8.0
40.8215,-82.6797,8.0
40.8216,-82.6677,8.0
40.8126,-82.6676,8.0
40.8127,-82.6556,8.0
40.8036,-82.6555,8.0
40.7946,-82.6554,8.0
40.7855,-82.6553,8.0
40.7854,-82.6672,8.0
40.7764,-82.6671,8.0
40.7763,-82.6790,8.0
40.7673,-82.6789,8.0
40.7672,-82.6908,8.0
40.7671,-82.7028,8.0
40.7670,-82.7147,8.0
40.7579,-82.7146,8.0
40.7578,-82.7265,8.0
40.7577,-82.7384,8.0
40.7576,-82.7504,8.0
40.7575,-82.7623,8.0
40.7574,-82.7742,8.0
40.7665,-82.7744,8.0
40.7664,-82.7863,8.0
40.7754,-82.7864,8.0
40.7753,-82.7984,8.0
40.7843,-82.7985,8.0
40.7842,-82.8105,8.0
40.7933,-82.8106,8.0
40.7931,-82.8225,8.0
40.7930,-82.8345,8.0
40.8021,-82.8346,8.0
40.8020,-82.8466,8.0
40.8018,-82.8585,8.0
40.8017,-82.8705,8.0
40.7927,-82.8703,8.0
40.7926,-82.8822,8.0
40.7924,-82.8942,8.0
40.7923,-82.9061,8.0
40.7922,-82.9181,8.0
40.8012,-82.9182,8.0
40.8011,-82.9302,8.0
40.8010,-82.9421,8.0
40.8009,-82.9540,8.0
40.8007,-82.9660,8.0
40.8006,-82.9779,8.0
40.8005,-82.9899,8.0
40.8004,-83.0018,8.0
40.7913,-83.0016,8.0
40.7912,-83.0136,8.0
40.7911,-83.0255,8.0
40.7820,-83.0253,8.0
40.7819,-83.0373,8.0
40.7729,-83.0371,8.0
40.7638,-83.0369,8.0
40.7637,-83.0488,8.0
40.7546,-83.0487,8.0
40.7545,-83.0606,8.0
40.7455,-83.0604,8.0
40.7453,-83.0724,8.0
40.7363,-83.0722,8.0
40.7362,-83.0841,8.0
40.7271,-83.0839,8.0
40.7270,-83.0958,8.0
40.7268,-83.1078,8.0
40.7178,-83.1076,8.0
40.7177,-83.1195,8.0
40.7175,-83.1314,8.0
40.7085,-83.1312,8.0
40.7083,-83.1432,8.0
40.6993,-83.1430,8.0
40.6992,-83.1549,8.0
40.6901,-83.1547,8.0
40.6900,-83.1666,8.0
40.6809,-83.1664,8.0
40.6719,-83.1662,8.0
40.6718,-83.1782,8.0
40.6627,-83.1780,8.0
40.6626,-83.1899,8.0
40.6535,-83.1897,8.0
40.6534,-83.2016,8.0
40.6444,-83.2014,8.0
40.6442,-83.2133,8.0
40.6352,-83.2131,8.0
40.6261,-83.2129,8.0
40.6260,-83.2248,8.0
40.6169,-83.2246,8.0
40.6079,-83.2244,8.0
40.6078,-83.2363,8.0
40.6076,-83.2482,8.0
40.5986,-83.2480,8.0
40.5984,-83.2599,8.0
40.5982,-83.2718,8.0
40.5981,-83.2837,8.0
40.5979,-83.2956,8.0
40.9113,-82.7527,9.0
40.9203,-82.7528,9.0
40.9202,-82.7648,9.0
40.9293,-82.7649,9.0
40.9383,-82.7651,9.0
40.9473,-82.7652,9.0
40.9564,-82.7654,9.0
40.9654,-82.7655,9.0
40.9655,-82.7535,9.0
40.9746,-82.7537,9.0
40.9836,-82.7538,9.0
40.9926,-82.7539,9.0
40.9925,-82.7659,9.0
41.0016,-82.7661,9.0
41.0106,-82.7662,9.0
41.0196,-82.7663,9.0
41.0287,-82.7665,9.0
41.0377,-82.7666,9.0
41.0376,-82.7786,9.0
41.0466,-82.7788,9.0
41.0465,-82.7907,9.0
41.0464,-82.8027,9.0
41.0463,-82.8147,9.0
41.0554,-82.8149,9.0
41.0552,-82.8268,9.0
41.0551,-82.8388,9.0
41.0550,-82.8508,9.0
41.0641,-82.8510,9.0
41.0639,-82.8630,9.0
41.0638,-82.8749,9.0
41.0729,-82.8751,9.0
41.0727,-82.8871,9.0
41.0818,-82.8872,9.0
41.0817,-82.8992,9.0
41.0907,-82.8994,9.0
41.0906,-82.9114,9.0
41.0996,-82.9116,9.0
41.1086,-82.9117,9.0
41.1177,-82.9119,9.0
41.1178,-82.8999,9.0
41.1268,-82.9000,9.0
41.1270,-82.8880,9.0
41.1360,-82.8882,9.0
41.1450,-82.8884,9.0
41.1541,-82.8885,9.0
41.1542,-82.8765,9.0
41.1632,-82.8767,9.0
41.1634,-82.8647,9.0
41.1724,-82.8648,9.0
41.1814,-82.8650,9.0
41.1905,-82.8651,9.0
41.1995,-82.8653,9.0
41.1996,-82.8533,9.0
41.2087,-82.8534,9.0
41.2177,-82.8536,9.0
41.2178,-82.8416,9.0
41.2268,-82.8417,9.0
41.2270,-82.8297,9.0
41.2360,-82.8298,9.0
41.2450,-82.8300,9.0
41.2452,-82.8180,9.0
41.2542,-82.8181,9.0
41.2543,-82.8061,9.0
41.2544,-82.7941,9.0
41.2634,-82.7942,9.0
41.2636,-82.7822,9.0
41.2637,-82.7702,9.0
41.2727,-82.7703,9.0
41.2728,-82.7583,9.0
41.2818,-82.7584,9.0
41.2820,-82.7464,9.0
41.2821,-82.7344,9.0
41.2911,-82.7345,9.0
41.3001,-82.7346,9.0
41.3092,-82.7348,9.0
41.3093,-82.7228,9.0
41.3183,-82.7229,9.0
41.3184,-82.7109,9.0
41.3185,-82.6988,9.0
41.3186,-82.6868,9.0
41.3187,-82.6747,9.0
41.3188,-82.6627,9.0
41.3189,-82.6507,9.0
41.3279,-82.6508,9.0
41.3280,-82.6388,9.0
41.3281,-82.6267,9.0
41.3372,-82.6269,9.0
41.3462,-82.6270,9.0
41.3552,-82.6271,9.0
41.3553,-82.6151,9.0
41.3644,-82.6152,9.0
41.3734,-82.6153,9.0
41.3735,-82.6033,9.0
41.3825,-82.6034,9.0
41.3916,-82.6035,9.0
41.4006,-82.6036,9.0
41.4097,-82.6037,9.0
41.4098,-82.5917,9.0
41.4098,-82.5796,9.0
41.4008,-82.5795,9.0
41.4009,-82.5675,9.0
41.3918,-82.5673,9.0
41.3919,-82.5553,9.0
41.3920,-82.5432,9.0
41.3830,-82.5431,9.0
41.3831,-82.5311,9.0
41.3831,-82.5190,9.0
41.3832,-82.5070,9.0
41.3833,-82.4949,9.0
41.3834,-82.4829,9.0
41.3835,-82.4709,9.0
41.3925,-82.4710,9.0
41.3926,-82.4589,9.0
41.3926,-82.4469,9.0
41.4017,-82.4470,9.0
41.4018,-82.4349,9.0
41.4108,-82.4350,9.0
41.4109,-82.4229,9.0
41.4109,-82.4109,9.0
41.4200,-82.4110,9.0
41.4201,-82.3989,9.0
41.4291,-82.3990,9.0
41.4292,-82.3870,9.0
41.4292,-82.3749,9.0
41.4293,-82.3629,9.0
41.4203,-82.3628,9.0
41.4203,-82.3507,9.0
41.4204,-82.3387,9.0
41.4113,-82.3386,9.0
41.4114,-82.3265,9.0
41.4024,-82.3264,9.0
41.4024,-82.3144,9.0
41.3934,-82.3143,9.0
41.3843,-82.3142,9.0
41.3753,-82.3142,9.0
41.3754,-82.3021,9.0
41.3663,-82.3020,9.0
41.3573,-82.3020,9.0
41.3573,-82.2899,9.0
41.3483,-82.2898,9.0
41.3393,-82.2898,9.0
41.3393,-82.2777,9.0
41.3303,-82.2776,9.0
41.3212,-82.2776,9.0
41.3122,-82.2775,9.0
41.3032,-82.2774,9.0
41.2941,-82.2773,9.0
41.2851,-82.2773,9.0
41.2850,-82.2893,9.0
41.2760,-82.2892,9.0
41.2670,-82.2891,9.0
41.2579,-82.2891,9.0
41.2580,-82.2770,9.0
41.2489,-82.2770,9.0
41.2399,-82.2769,9.0
41.2309,-82.2768,9.0
41.2218,-82.2767,9.0
41.2128,-82.2767,9.0
41.2127,-82.2887,9.0
41.2037,-82.2886,9.0
41.1946,-82.2885,9.0
41.1946,-82.3006,9.0
41.1855,-82.3005,9.0
41.1855,-82.3125,9.0
41.1764,-82.3124,9.0
41.1764,-82.3244,9.0
41.1763,-82.3364,9.0
41.1673,-82.3363,9.0
41.1672,-82.3484,9.0
41.1582,-82.3483,9.0
41.1491,-82.3482,9.0
41.1491,-82.3602,9.0
41.1400,-82.3601,9.0
41.1310,-82.3600,9.0
41.1309,-82.3720,9.0
41.1219,-82.3719,9.0
41.1129,-82.3718,9.0
41.1038,-82.3718,9.0
41.0948,-82.3717,9.0
41.0948,-82.3597,9.0
41.0858,-82.3596,9.0
41.0768,-82.3595,9.0
41.0677,-82.3594,9.0
41.0678,-82.3474,9.0
41.0588,-82.3473,9.0
41.0588,-82.3354,9.0
41.0498,-82.3353,9.0
41.0498,-82.3233,9.0
41.0499,-82.3113,9.0
41.0409,-82.3112,9.0
41.0409,-82.2992,9.0
41.0410,-82.2873,9.0
41.0319,-82.2872,9.0
41.0229,-82.2871,9.0
41.0230,-82.2751,9.0
41.0139,-82.2751,9.0
41.0049,-82.2750,9.0
41.0048,-82.2870,9.0
41.0048,-82.2989,9.0
40.9957,-82.2989,9.0
40.9957,-82.3108,9.0
40.9956,-82.3228,9.0
40.9955,-82.3348,9.0
40.9865,-82.3347,9.0
40.9775,-82.3346,9.0
40.9684,-82.3345,9.0
40.9594,-82.3345,9.0
40.9503,-82.3344,9.0
40.9503,-82.3463,9.0
40.9412,-82.3463,9.0
40.9322,-82.3462,9.0
40.9321,-82.3581,9.0
40.9321,-82.3701,9.0
40.9411,-82.3702,9.0
40.9410,-82.3822,9.0
40.9410,-82.3941,9.0
40.9500,-82.3942,9.0
40.9500,-82.4062,9.0
40.9499,-82.4182,9.0
40.9498,-82.4301,9.0
40.9497,-82.4421,9.0
40.9497,-82.4541,9.0
40.9587,-82.4542,9.0
40.9586,-82.4661,9.0
40.9677,-82.4662,9.0
40.9676,-82.4782,9.0
40.9675,-82.4902,9.0
40.9766,-82.4903,9.0
40.9765,-82.5022,9.0
40.9855,-82.5024,9.0
40.9854,-82.5143,9.0
40.9764,-82.5142,9.0
40.9763,-82.5262,9.0
40.9762,-82.5382,9.0
40.9762,-82.5501,9.0
40.9761,-82.5621,9.0
40.9760,-82.5741,9.0
40.9759,-82.5861,9.0
40.9758,-82.5980,9.0
40.9668,-82.5979,9.0
40.9667,-82.6099,9.0
40.9666,-82.6219,9.0
40.9576,-82.6217,9.0
40.9575,-82.6337,9.0
40.9574,-82.6457,9.0
40.9573,-82.6576,9.0
40.9482,-82.6575,9.0
40.9481,-82.6695,9.0
40.9480,-82.6814,9.0
40.9479,-82.6934,9.0
40.9478,-82.7054,9.0
40.9388,-82.7053,9.0
40.9387,-82.7172,9.0
40.9297,-82.7171,9.0
40.9296,-82.7290,9.0
40.9205,-82.7289,9.0
40.9204,-82.7409,9.0
40.9114,-82.7407,9.0
40.9113,-82.7527,9.0
40.9960,-82.2270,10.0
41.0051,-82.2271,10.0
41.0141,-82.2271,10.0
41.0141,-82.2391,10.0
41.0140,-82.2511,10.0
41.0140,-82.2631,10.0
41.0139,-82.2751,10.0
41.0230,-82.2751,10.0
41.0229,-82.2871,10.0
41.0319,-82.2872,10.0
41.0410,-82.2873,10.0
41.0409,-82.2992,10.0
41.0409,-82.3112,10.0
41.0499,-82.3113,10.0
41.0498,-82.3233,10.0
41.0498,-82.3353,10.0
41.0588,-82.3354,10.0
41.0588,-82.3473,10.0
41.0678,-82.3474,10.0
41.0677,-82.3594,10.0
41.0768,-82.3595,10.0
41.0858,-82.3596,10.0
41.0948,-82.3597,10.0
41.0948,-82.3717,10.0
41.1038,-82.3718,10.0
41.1129,-82.3718,10.0
41.1219,-82.3719,10.0
41.1309,-82.3720,10.0
41.1310,-82.3600,10.0
41.1400,-82.3601,10.0
41.1491,-82.3602,10.0
41.1491,-82.3482,10.0
41.1582,-82.3483,10.0
41.1672,-82.3484,10.0
41.1673,-82.3363,10.0
41.1763,-82.3364,10.0
41.1764,-82.3244,10.0
41.1764,-82.3124,10.0
41.1855,-82.3125,10.0
41.1855,-82.3005,10.0
41.1946,-82.3006,10.0
41.1946,-82.2885,10.0
41.2037,-82.2886,10.0
41.2127,-82.2887,10.0
41.2128,-82.2767,10.0
41.2218,-82.2767,10.0
41.2309,-82.2768,10.0
41.2399,-82.2769,10.0
41.2489,-82.2770,10.0
41.2580,-82.2770,10.0
41.2579,-82.2891,10.0
41.2670,-82.2891,10.0
41.2760,-82.2892,10.0
41.2850,-82.2893,10.0
41.2851,-82.2773,10.0
41.2941,-82.2773,10.0
41.3032,-82.2774,10.0
41.3122,-82.2775,10.0
41.3212,-82.2776,10.0
41.3303,-82.2776,10.0
41.3393,-82.2777,10.0
41.3393,-82.2898,10.0
41.3483,-82.2898,10.0
41.3573,-82.2899,10.0
41.3573,-82.3020,10.0
41.3663,-82.3020,10.0
41.3754,-82.3021,10.0
41.3753,-82.3142,10.0
41.3843,-82.3142,10.0
41.3934,-82.3143,10.0
41.4024,-82.3144,10.0
41.4024,-82.3264,10.0
41.4114,-82.3265,10.0
41.4113,-82.3386,10.0
41.4204,-82.3387,10.0
41.4203,-82.3507,10.0
41.4203,-82.3628,10.0
41.4293,-82.3629,10.0
41.4294,-82.3508,10.0
41.4294,-82.3387,10.0
41.4295,-82.3267,10.0
41.4295,-82.3146,10.0
41.4296,-82.3026,10.0
41.4297,-82.2905,10.0
41.4297,-82.2785,10.0
41.4298,-82.2664,10.0
41.4388,-82.2665,10.0
41.4389,-82.2544,10.0
41.4389,-82.2424,10.0
41.4480,-82.2424,10.0
41.4480,-82.2304,10.0
41.4481,-82.2183,10.0
41.4571,-82.2184,10.0
41.4571,-82.2063,10.0
41.4572,-82.1943,10.0
41.4662,-82.1943,10.0
41.4663,-82.1823,10.0
41.4753,-82.1823,10.0
41.4754,-82.1703,10.0
41.4754,-82.1582,10.0
41.4755,-82.1461,10.0
41.4845,-82.1462,10.0
41.4845,-82.1341,10.0
41.4846,-82.1220,10.0
41.4936,-82.1221,10.0
41.4937,-82.1100,10.0
41.4937,-82.0980,10.0
41.4937,-82.0859,10.0
41.5028,-82.0859,10.0
41.5028,-82.0739,10.0
41.5028,-82.0618,10.0
41.5029,-82.0497,10.0
41.5119,-82.0498,10.0
41.5119,-82.0377,10.0
41.5120,-82.0256,10.0
41.5120,-82.0136,10.0
41.5120,-82.0015,10.0
41.5121,-81.9894,10.0
41.5030,-81.9894,10.0
41.5030,-81.9773,10.0
41.5031,-81.9652,10.0
41.4940,-81.9652,10.0
41.4941,-81.9531,10.0
41.4850,-81.9531,10.0
41.4850,-81.9410,10.0
41.4851,-81.9290,10.0
41.4851,-81.9169,10.0
41.4851,-81.9048,10.0
41.4851,-81.8928,10.0
41.4851,-81.8807,10.0
41.4851,-81.8686,10.0
41.4851,-81.8566,10.0
41.4852,-81.8445,10.0
41.4942,-81.8445,10.0
41.4942,-81.8325,10.0
41.4942,-81.8204,10.0
41.4942,-81.8083,10.0
41.4942,-81.7963,10.0
41.4942,-81.7842,10.0
41.4942,-81.7721,10.0
41.4942,-81.7600,10.0
41.4942,-81.7480,10.0
41.4942,-81.7359,10.0
41.4942,-81.7238,10.0
41.5033,-81.7238,10.0
41.5033,-81.7118,10.0
41.4942,-81.7118,10.0
41.4852,-81.7238,10.0
41.5033,-81.7238,10.0
41.5033,-81.7118,10.0
41.4942,-81.7118,10.0
41.4942,-81.7238,10.0
41.4852,-81.7238,10.0
41.4852,-81.7359,10.0
41.4852,-81.7480,10.0
41.4762,-81.7480,10.0
41.4762,-81.7600,10.0
41.4762,-81.7721,10.0
41.4671,-81.7721,10.0
41.4671,-81.7842,10.0
41.4671,-81.7962,10.0
41.4581,-81.7962,10.0
41.4581,-81.8083,10.0
41.4490,-81.8083,10.0
41.4490,-81.8203,10.0
41.4400,-81.8203,10.0
41.4400,-81.8324,10.0
41.4309,-81.8324,10.0
41.4219,-81.8324,10.0
41.4129,-81.8323,10.0
41.4129,-81.8203,10.0
41.4038,-81.8203,10.0
41.4038,-81.8082,10.0
41.3948,-81.8082,10.0
41.3948,-81.7962,10.0
41.3858,-81.7962,10.0
41.3858,-81.7841,10.0
41.3767,-81.7841,10.0
41.3677,-81.7841,10.0
41.3677,-81.7721,10.0
41.3586,-81.7721,10.0
41.3587,-81.7600,10.0
41.3496,-81.7600,10.0
41.3496,-81.7480,10.0
41.3406,-81.7480,10.0
41.3406,-81.7359,10.0
41.3315,-81.7359,10.0
41.3225,-81.7359,10.0
41.3225,-81.7239,10.0
41.3135,-81.7239,10.0
41.3135,-81.7119,10.0
41.3044,-81.7119,10.0
41.3044,-81.6998,10.0
41.2954,-81.6998,10.0
41.2954,-81.6878,10.0
41.2863,-81.6878,10.0
41.2863,-81.6758,10.0
41.2773,-81.6758,10.0
41.2773,-81.6638,10.0
41.2682,-81.6638,10.0
41.2592,-81.6638,10.0
41.2502,-81.6638,10.0
41.2411,-81.6638,10.0
41.2321,-81.6638,10.0
41.2230,-81.6638,10.0
41.2140,-81.6638,10.0
41.2050,-81.6638,10.0
41.2050,-81.6759,10.0
41.1959,-81.6759,10.0
41.1959,-81.6879,10.0
41.1869,-81.6879,10.0
41.1778,-81.6879,10.0
41.1779,-81.6999,10.0
41.1688,-81.6999,10.0
41.1688,-81.7119,10.0
41.1598,-81.7119,10.0
41.1598,-81.7239,10.0
41.1507,-81.7239,10.0
41.1417,-81.7239,10.0
41.1327,-81.7239,10.0
41.1327,-81.7359,10.0
41.1327,-81.7479,10.0
41.1327,-81.7599,10.0
41.1417,-81.7599,10.0
41.1417,-81.7719,10.0
41.1417,-81.7839,10.0
41.1327,-81.7839,10.0
41.1236,-81.7839,10.0
41.1146,-81.7839,10.0
41.1055,-81.7839,10.0
41.0965,-81.7839,10.0
41.0965,-81.7719,10.0
41.0875,-81.7719,10.0
41.0875,-81.7839,10.0
41.0784,-81.7839,10.0
41.0784,-81.7959,10.0
41.0784,-81.8079,10.0
41.0784,-81.8199,10.0
41.0784,-81.8319,10.0
41.0784,-81.8439,10.0
41.0874,-81.8439,10.0
41.0874,-81.8559,10.0
41.0964,-81.8559,10.0
41.0964,-81.8679,10.0
41.1055,-81.8679,10.0
41.1055,-81.8799,10.0
41.1145,-81.8799,10.0
41.1145,-81.8919,10.0
41.1235,-81.8919,10.0
41.1235,-81.9039,10.0
41.1235,-81.9159,10.0
41.1235,-81.9279,10.0
41.1144,-81.9279,10.0
41.1144,-81.9399,10.0
41.1144,-81.9519,10.0
41.1234,-81.9519,10.0
41.1234,-81.9639,10.0
41.1234,-81.9759,10.0
41.1234,-81.9879,10.0
41.1143,-81.9879,10.0
41.1053,-81.9879,10.0
41.0962,-81.9878,10.0
41.0963,-81.9758,10.0
41.0872,-81.9758,10.0
41.0872,-81.9878,10.0
41.0782,-81.9878,10.0
41.0691,-81.9877,10.0
41.0601,-81.9877,10.0
41.0510,-81.9877,10.0
41.0420,-81.9876,10.0
41.0330,-81.9876,10.0
41.0329,-81.9996,10.0
41.0239,-81.9995,10.0
41.0149,-81.9995,10.0
41.0148,-82.0115,10.0
41.0148,-82.0235,10.0
41.0058,-82.0234,10.0
41.0057,-82.0354,10.0
41.0057,-82.0474,10.0
40.9967,-82.0473,10.0
40.9966,-82.0593,10.0
40.9966,-82.0713,10.0
40.9966,-82.0833,10.0
40.9965,-82.0953,10.0
40.9965,-82.1072,10.0
40.9964,-82.1192,10.0
40.9964,-82.1312,10.0
40.9964,-82.1432,10.0
41.0054,-82.1432,10.0
41.0054,-82.1552,10.0
41.0053,-82.1672,10.0
41.0144,-82.1672,10.0
41.0143,-82.1792,10.0
41.0143,-82.1912,10.0
41.0142,-82.2032,10.0
41.0052,-82.2031,10.0
41.0051,-82.2151,10.0
40.9961,-82.2150,10.0
40.9960,-82.2270,10.0
40.9602,-81.3290,11.0
40.9692,-81.3289,11.0
40.9693,-81.3409,11.0
40.9783,-81.3408,11.0
40.9783,-81.3528,11.0
40.9874,-81.3527,11.0
40.9874,-81.3647,11.0
40.9965,-81.3647,11.0
41.0055,-81.3646,11.0
41.0055,-81.3766,11.0
41.0056,-81.3886,11.0
41.0056,-81.4005,11.0
41.0056,-81.4125,11.0
41.0057,-81.4245,11.0
41.0057,-81.4365,11.0
41.0057,-81.4485,11.0
41.0058,-81.4604,11.0
41.0058,-81.4724,11.0
41.0148,-81.4724,11.0
41.0149,-81.4844,11.0
41.0239,-81.4843,11.0
41.0239,-81.4963,11.0
41.0330,-81.4963,11.0
41.0420,-81.4962,11.0
41.0510,-81.4962,11.0
41.0511,-81.5082,11.0
41.0601,-81.5082,11.0
41.0601,-81.5201,11.0
41.0692,-81.5201,11.0
41.0782,-81.5201,11.0
41.0782,-81.5321,11.0
41.0873,-81.5320,11.0
41.0963,-81.5320,11.0
41.0963,-81.5440,11.0
41.1054,-81.5440,11.0
41.1054,-81.5560,11.0
41.1144,-81.5560,11.0
41.1145,-81.5680,11.0
41.1145,-81.5800,11.0
41.1145,-81.5920,11.0
41.1145,-81.6040,11.0
41.1145,-81.6160,11.0
41.1236,-81.6159,11.0
41.1236,-81.6279,11.0
41.1326,-81.6279,11.0
41.1326,-81.6399,11.0
41.1326,-81.6519,11.0
41.1326,-81.6639,11.0
41.1236,-81.6639,11.0
41.1236,-81.6759,11.0
41.1236,-81.6879,11.0
41.1146,-81.6879,11.0
41.1146,-81.6999,11.0
41.1146,-81.7119,11.0
41.1236,-81.7119,11.0
41.1236,-81.7239,11.0
41.1327,-81.7239,11.0
41.1417,-81.7239,11.0
41.1507,-81.7239,11.0
41.1598,-81.7239,11.0
41.1598,-81.7119,11.0
41.1688,-81.7119,11.0
41.1688,-81.6999,11.0
41.1779,-81.6999,11.0
41.1778,-81.6879,11.0
41.1869,-81.6879,11.0
41.1959,-81.6879,11.0
41.1959,-81.6759,11.0
41.2050,-81.6759,11.0
41.2050,-81.6638,11.0
41.2140,-81.6638,11.0
41.2230,-81.6638,11.0
41.2321,-81.6638,11.0
41.2411,-81.6638,11.0
41.2502,-81.6638,11.0
41.2592,-81.6638,11.0
41.2682,-81.6638,11.0
41.2773,-81.6638,11.0
41.2773,-81.6758,11.0
41.2863,-81.6758,11.0
41.2863,-81.6878,11.0
41.2954,-81.6878,11.0
41.2954,-81.6998,11.0
41.3044,-81.6998,11.0
41.3044,-81.7119,11.0
41.3135,-81.7119,11.0
41.3135,-81.7239,11.0
41.3225,-81.7239,11.0
41.3225,-81.7359,11.0
41.3315,-81.7359,11.0
41.3406,-81.7359,11.0
41.3406,-81.7480,11.0
41.3496,-81.7480,11.0
41.3496,-81.7600,11.0
41.3587,-81.7600,11.0
41.3586,-81.7721,11.0
41.3677,-81.7721,11.0
41.3677,-81.7841,11.0
41.3767,-81.7841,11.0
41.3858,-81.7841,11.0
41.3858,-81.7962,11.0
41.3948,-81.7962,11.0
41.3948,-81.8082,11.0
41.4038,-81.8082,11.0
41.4038,-81.8203,11.0
41.4129,-81.8203,11.0
41.4129,-81.8323,11.0
41.4219,-81.8324,11.0
41.4309,-81.8324,11.0
41.4400,-81.8324,11.0
41.4400,-81.8203,11.0
41.4490,-81.8203,11.0
41.4490,-81.8083,11.0
41.4581,-81.8083,11.0
41.4581,-81.7962,11.0
41.4671,-81.7962,11.0
41.4671,-81.7842,11.0
41.4671,-81.7721,11.0
41.4762,-81.7721,11.0
41.4762,-81.7600,11.0
41.4762,-81.7480,11.0
41.4852,-81.7480,11.0
41.4852,-81.7359,11.0
41.4852,-81.7238,11.0
41.4942,-81.7238,11.0
41.4942,-81.7118,11.0
41.5033,-81.7118,11.0
41.5033,-81.6997,11.0
41.4942,-81.6997,11.0
41.4942,-81.6876,11.0
41.4942,-81.6756,11.0
41.4852,-81.6756,11.0
41.4852,-81.6635,11.0
41.4852,-81.6514,11.0
41.4852,-81.6394,11.0
41.4761,-81.6394,11.0
41.4761,-81.6273,11.0
41.4761,-81.6153,11.0
41.4761,-81.6032,11.0
41.4761,-81.5911,11.0
41.4761,-81.5791,11.0
41.4670,-81.5791,11.0
41.4670,-81.5670,11.0
41.4670,-81.5550,11.0
41.4670,-81.5429,11.0
41.4669,-81.5308,11.0
41.4669,-81.5188,11.0
41.4669,-81.5067,11.0
41.4669,-81.4946,11.0
41.4578,-81.4947,11.0
41.4578,-81.4826,11.0
41.4488,-81.4827,11.0
41.4397,-81.4827,11.0
41.4397,-81.4706,11.0
41.4307,-81.4707,11.0
41.4216,-81.4707,11.0
41.4216,-81.4586,11.0
41.4125,-81.4587,11.0
41.4035,-81.4587,11.0
41.4035,-81.4467,11.0
41.3944,-81.4467,11.0
41.3944,-81.4347,11.0
41.3854,-81.4347,11.0
41.3763,-81.4348,11.0
41.3673,-81.4348,11.0
41.3673,-81.4227,11.0
41.3582,-81.4228,11.0
41.3582,-81.4108,11.0
41.3491,-81.4108,11.0
41.3491,-81.3988,11.0
41.3491,-81.3867,11.0
41.3581,-81.3867,11.0
41.3581,-81.3746,11.0
41.3490,-81.3747,11.0
41.3490,-81.3626,11.0
41.3400,-81.3627,11.0
41.3309,-81.3627,11.0
41.3219,-81.3628,11.0
41.3218,-81.3508,11.0
41.3128,-81.3508,11.0
41.3038,-81.3509,11.0
41.2947,-81.3509,11.0
41.2947,-81.3389,11.0
41.2856,-81.3389,11.0
41.2856,-81.3269,11.0
41.2766,-81.3270,11.0
41.2765,-81.3149,11.0
41.2765,-81.3029,11.0
41.2764,-81.2909,11.0
41.2764,-81.2789,11.0
41.2763,-81.2668,11.0
41.2854,-81.2668,11.0
41.2944,-81.2667,11.0
41.3034,-81.2666,11.0
41.3035,-81.2787,11.0
41.3125,-81.2786,11.0
41.3126,-81.2906,11.0
41.3216,-81.2906,11.0
41.3307,-81.2905,11.0
41.3397,-81.2904,11.0
41.3397,-81.2784,11.0
41.3487,-81.2783,11.0
41.3577,-81.2783,11.0
41.3668,-81.2782,11.0
41.3668,-81.2903,11.0
41.3759,-81.2902,11.0
41.3849,-81.2901,11.0
41.3939,-81.2901,11.0
41.3940,-81.3021,11.0
41.4030,-81.3021,11.0
41.4121,-81.3020,11.0
41.4211,-81.3019,11.0
41.4211,-81.2899,11.0
41.4301,-81.2898,11.0
41.4300,-81.2778,11.0
41.4300,-81.2657,11.0
41.4390,-81.2656,11.0
41.4390,-81.2536,11.0
41.4480,-81.2535,11.0
41.4480,-81.2415,11.0
41.4479,-81.2294,11.0
41.4570,-81.2293,11.0
41.4660,-81.2293,11.0
41.4659,-81.2172,11.0
41.4750,-81.2171,11.0
41.4840,-81.2170,11.0
41.4931,-81.2170,11.0
41.5021,-81.2169,11.0
41.5111,-81.2168,11.0
41.5202,-81.2168,11.0
41.5292,-81.2167,11.0
41.5383,-81.2166,11.0
41.5382,-81.2045,11.0
41.5472,-81.2045,11.0
41.5472,-81.1924,11.0
41.5562,-81.1923,11.0
41.5653,-81.1922,11.0
41.5652,-81.1801,11.0
41.5742,-81.1801,11.0
41.5742,-81.1680,11.0
41.5832,-81.1679,11.0
41.5923,-81.1678,11.0
41.5922,-81.1557,11.0
41.6012,-81.1557,11.0
41.6012,-81.1436,11.0
41.6011,-81.1315,11.0
41.6011,-81.1194,11.0
41.5920,-81.1195,11.0
41.5919,-81.1074,11.0
41.5919,-81.0953,11.0
41.6009,-81.0952,11.0
41.6009,-81.0831,11.0
41.6008,-81.0710,11.0
41.5917,-81.0711,11.0
41.5827,-81.0712,11.0
41.5737,-81.0713,11.0
41.5736,-81.0592,11.0
41.5646,-81.0593,11.0
41.5555,-81.0594,11.0
41.5465,-81.0595,11.0
41.5374,-81.0596,11.0
41.5284,-81.0597,11.0
41.5194,-81.0598,11.0
41.5103,-81.0599,11.0
41.5013,-81.0600,11.0
41.5014,-81.0721,11.0
41.4923,-81.0722,11.0
41.4833,-81.0722,11.0
41.4832,-81.0602,11.0
41.4742,-81.0603,11.0
41.4651,-81.0604,11.0
41.4561,-81.0605,11.0
41.4471,-81.0606,11.0
41.4471,-81.0726,11.0
41.4381,-81.0727,11.0
41.4382,-81.0848,11.0
41.4291,-81.0849,11.0
41.4292,-81.0969,11.0
41.4201,-81.0970,11.0
41.4111,-81.0971,11.0
41.4112,-81.1091,11.0
41.4021,-81.1092,11.0
41.3931,-81.1093,11.0
41.3841,-81.1094,11.0
41.3841,-81.1215,11.0
41.3751,-81.1215,11.0
41.3751,-81.1336,11.0
41.3661,-81.1337,11.0
41.3662,-81.1457,11.0
41.3571,-81.1458,11.0
41.3481,-81.1459,11.0
41.3390,-81.1460,11.0
41.3391,-81.1580,11.0
41.3301,-81.1581,11.0
41.3210,-81.1582,11.0
41.3211,-81.1702,11.0
41.3121,-81.1703,11.0
41.3030,-81.1704,11.0
41.3031,-81.1824,11.0
41.3031,-81.1944,11.0
41.2941,-81.1945,11.0
41.2941,-81.2065,11.0
41.2851,-81.2066,11.0
41.2761,-81.2067,11.0
41.2760,-81.1947,11.0
41.2670,-81.1947,11.0
41.2579,-81.1948,11.0
41.2580,-81.2068,11.0
41.2489,-81.2069,11.0
41.2490,-81.2189,11.0
41.2400,-81.2190,11.0
41.2309,-81.2191,11.0
41.2219,-81.2191,11.0
41.2219,-81.2312,11.0
41.2220,-81.2432,11.0
41.2130,-81.2432,11.0
41.2039,-81.2433,11.0
41.1949,-81.2434,11.0
41.1858,-81.2435,11.0
41.1768,-81.2435,11.0
41.1678,-81.2436,11.0
41.1678,-81.2556,11.0
41.1588,-81.2557,11.0
41.1497,-81.2557,11.0
41.1407,-81.2558,11.0
41.1316,-81.2559,11.0
41.1226,-81.2559,11.0
41.1226,-81.2439,11.0
41.1225,-81.2319,11.0
41.1135,-81.2320,11.0
41.1134,-81.2200,11.0
41.1044,-81.2201,11.0
41.0953,-81.2201,11.0
41.0863,-81.2202,11.0
41.0773,-81.2203,11.0
41.0682,-81.2204,11.0
41.0592,-81.2204,11.0
41.0501,-81.2205,11.0
41.0411,-81.2206,11.0
41.0321,-81.2206,11.0
41.0230,-81.2207,11.0
41.0231,-81.2327,11.0
41.0140,-81.2328,11.0
41.0050,-81.2328,11.0
40.9960,-81.2329,11.0
40.9960,-81.2449,11.0
40.9870,-81.2450,11.0
40.9779,-81.2450,11.0
40.9780,-81.2570,11.0
40.9780,-81.2690,11.0
40.9690,-81.2690,11.0
40.9690,-81.2810,11.0
40.9691,-81.2930,11.0
40.9691,-81.3050,11.0
40.9692,-81.3169,11.0
40.9601,-81.3170,11.0
40.9602,-81.3290,11.0
41.2766,-81.3270,12.0
41.2856,-81.3269,12.0
41.2856,-81.3389,12.0
41.2947,-81.3389,12.0
41.2947,-81.3509,12.0
41.3038,-81.3509,12.0
41.3128,-81.3508,12.0
41.3218,-81.3508,12.0
41.3219,-81.3628,12.0
41.3309,-81.3627,12.0
41.3400,-81.3627,12.0
41.3490,-81.3626,12.0
41.3490,-81.3747,12.0
41.3581,-81.3746,12.0
41.3581,-81.3867,12.0
41.3491,-81.3867,12.0
41.3491,-81.3988,12.0
41.3491,-81.4108,12.0
41.3582,-81.4108,12.0
41.3582,-81.4228,12.0
41.3673,-81.4227,12.0
41.3673,-81.4348,12.0
41.3763,-81.4348,12.0
41.3854,-81.4347,12.0
41.3944,-81.4347,12.0
41.3944,-81.4467,12.0
41.4035,-81.4467,12.0
41.4035,-81.4587,12.0
41.4125,-81.4587,12.0
41.4216,-81.4586,12.0
41.4216,-81.4707,12.0
41.4307,-81.4707,12.0
41.4397,-81.4706,12.0
41.4397,-81.4827,12.0
41.4488,-81.4827,12.0
41.4578,-81.4826,12.0
41.4578,-81.4947,12.0
41.4669,-81.4946,12.0
41.4669,-81.5067,12.0
41.4669,-81.5188,12.0
41.4669,-81.5308,12.0
41.4670,-81.5429,12.0
41.4670,-81.5550,12.0
41.4670,-81.5670,12.0
41.4670,-81.5791,12.0
41.4761,-81.5791,12.0
41.4761,-81.5911,12.0
41.4761,-81.6032,12.0
41.4761,-81.6153,12.0
41.4761,-81.6273,12.0
41.4761,-81.6394,12.0
41.4852,-81.6394,12.0
41.4852,-81.6514,12.0
41.4852,-81.6635,12.0
41.4852,-81.6756,12.0
41.4942,-81.6756,12.0
41.4942,-81.6876,12.0
41.4942,-81.6997,12.0
41.5033,-81.6997,12.0
41.5123,-81.6997,12.0
41.5123,-81.6876,12.0
41.5214,-81.6876,12.0
41.5213,-81.6755,12.0
41.5213,-81.6635,12.0
41.5304,-81.6635,12.0
41.5304,-81.6514,12.0
41.5394,-81.6514,12.0
41.5394,-81.6393,12.0
41.5484,-81.6393,12.0
41.5484,-81.6272,12.0
41.5575,-81.6272,12.0
41.5575,-81.6151,12.0
41.5665,-81.6151,12.0
41.5665,-81.6030,12.0
41.5665,-81.5909,12.0
41.5755,-81.5909,12.0
41.5755,-81.5788,12.0
41.5845,-81.5788,12.0
41.5845,-81.5667,12.0
41.5936,-81.5667,12.0
41.5935,-81.5546,12.0
41.6026,-81.5546,12.0
41.6026,-81.5425,12.0
41.6116,-81.5425,12.0
41.6116,-81.5304,12.0
41.6206,-81.5303,12.0
41.6206,-81.5182,12.0
41.6206,-81.5062,12.0
41.6296,-81.5061,12.0
41.6296,-81.4940,12.0
41.6386,-81.4940,12.0
41.6386,-81.4819,12.0
41.6476,-81.4819,12.0
41.6476,-81.4698,12.0
41.6566,-81.4697,12.0
41.6657,-81.4697,12.0
41.6657,-81.4576,12.0
41.6747,-81.4575,12.0
41.6747,-81.4454,12.0
41.6837,-81.4454,12.0
41.6837,-81.4333,12.0
41.6836,-81.4212,12.0
41.6927,-81.4211,12.0
41.6926,-81.4090,12.0
41.7017,-81.4090,12.0
41.7107,-81.4090,12.0
41.7107,-81.3968,12.0
41.7107,-81.3847,12.0
41.7197,-81.3847,12.0
41.7197,-81.3726,12.0
41.7287,-81.3725,12.0
41.7287,-81.3604,12.0
41.7286,-81.3483,12.0
41.7377,-81.3482,12.0
41.7376,-81.3361,12.0
41.7376,-81.3240,12.0
41.7466,-81.3240,12.0
41.7466,-81.3118,12.0
41.7465,-81.2997,12.0
41.7556,-81.2997,12.0
41.7555,-81.2875,12.0
41.7465,-81.2876,12.0
41.7374,-81.2877,12.0
41.7284,-81.2877,12.0
41.7194,-81.2878,12.0
41.7103,-81.2879,12.0
41.7013,-81.2879,12.0
41.6922,-81.2880,12.0
41.6832,-81.2881,12.0
41.6742,-81.2881,12.0
41.6742,-81.3002,12.0
41.6652,-81.3003,12.0
41.6652,-81.3124,12.0
41.6562,-81.3124,12.0
41.6562,-81.3245,12.0
41.6472,-81.3246,12.0
41.6381,-81.3247,12.0
41.6381,-81.3126,12.0
41.6380,-81.3005,12.0
41.6380,-81.2884,12.0
41.6379,-81.2763,12.0
41.6289,-81.2763,12.0
41.6289,-81.2642,12.0
41.6198,-81.2643,12.0
41.6198,-81.2522,12.0
41.6107,-81.2523,12.0
41.6107,-81.2402,12.0
41.6016,-81.2403,12.0
41.5926,-81.2403,12.0
41.5836,-81.2404,12.0
41.5835,-81.2283,12.0
41.5835,-81.2162,12.0
41.5744,-81.2163,12.0
41.5744,-81.2042,12.0
41.5743,-81.1921,12.0
41.5742,-81.1801,12.0
41.5652,-81.1801,12.0
41.5653,-81.1922,12.0
41.5562,-81.1923,12.0
41.5472,-81.1924,12.0
41.5472,-81.2045,12.0
41.5382,-81.2045,12.0
41.5383,-81.2166,12.0
41.5292,-81.2167,12.0
41.5202,-81.2168,12.0
41.5111,-81.2168,12.0
41.5021,-81.2169,12.0
41.4931,-81.2170,12.0
41.4840,-81.2170,12.0
41.4750,-81.2171,12.0
41.4659,-81.2172,12.0
41.4660,-81.2293,12.0
41.4570,-81.2293,12.0
41.4479,-81.2294,12.0
41.4480,-81.2415,12.0
41.4480,-81.2535,12.0
41.4390,-81.2536,12.0
41.4390,-81.2656,12.0
41.4300,-81.2657,12.0
41.4300,-81.2778,12.0
41.4301,-81.2898,12.0
41.4211,-81.2899,12.0
41.4211,-81.3019,12.0
41.4121,-81.3020,12.0
41.4030,-81.3021,12.0
41.3940,-81.3021,12.0
41.3939,-81.2901,12.0
41.3849,-81.2901,12.0
41.3759,-81.2902,12.0
41.3668,-81.2903,12.0
41.3668,-81.2782,12.0
41.3577,-81.2783,12.0
41.3487,-81.2783,12.0
41.3397,-81.2784,12.0
41.3397,-81.2904,12.0
41.3307,-81.2905,12.0
41.3216,-81.2906,12.0
41.3126,-81.2906,12.0
41.3125,-81.2786,12.0
41.3035,-81.2787,12.0
41.3034,-81.2666,12.0
41.2944,-81.2667,12.0
41.2854,-81.2668,12.0
41.2763,-81.2668,12.0
41.2764,-81.2789,12.0
41.2764,-81.2909,12.0
41.2765,-81.3029,12.0
41.2765,-81.3149,12.0
41.2766,-81.3270,12.0
41.2745,-80.9421,13.0
41.2836,-80.9420,13.0
41.2837,-80.9540,13.0
41.2837,-80.9660,13.0
41.2838,-80.9781,13.0
41.2929,-80.9779,13.0
41.2929,-80.9900,13.0
41.3020,-80.9899,13.0
41.3021,-81.0019,13.0
41.3111,-81.0018,13.0
41.3201,-81.0017,13.0
41.3202,-81.0137,13.0
41.3203,-81.0258,13.0
41.3204,-81.0378,13.0
41.3204,-81.0498,13.0
41.3295,-81.0497,13.0
41.3295,-81.0618,13.0
41.3296,-81.0738,13.0
41.3387,-81.0737,13.0
41.3387,-81.0858,13.0
41.3388,-81.0978,13.0
41.3478,-81.0977,13.0
41.3479,-81.1098,13.0
41.3569,-81.1097,13.0
41.3660,-81.1096,13.0
41.3750,-81.1095,13.0
41.3841,-81.1094,13.0
41.3931,-81.1093,13.0
41.4021,-81.1092,13.0
41.4112,-81.1091,13.0
41.4111,-81.0971,13.0
41.4201,-81.0970,13.0
41.4292,-81.0969,13.0
41.4291,-81.0849,13.0
41.4382,-81.0848,13.0
41.4381,-81.0727,13.0
41.4471,-81.0726,13.0
41.4471,-81.0606,13.0
41.4561,-81.0605,13.0
41.4651,-81.0604,13.0
41.4742,-81.0603,13.0
41.4832,-81.0602,13.0
41.4833,-81.0722,13.0
41.4923,-81.0722,13.0
41.5014,-81.0721,13.0
41.5013,-81.0600,13.0
41.5103,-81.0599,13.0
41.5194,-81.0598,13.0
41.5284,-81.0597,13.0
41.5374,-81.0596,13.0
41.5465,-81.0595,13.0
41.5555,-81.0594,13.0
41.5646,-81.0593,13.0
41.5736,-81.0592,13.0
41.5737,-81.0713,13.0
41.5827,-81.0712,13.0
41.5917,-81.0711,13.0
41.6008,-81.0710,13.0
41.6009,-81.0831,13.0
41.6009,-81.0952,13.0
41.5919,-81.0953,13.0
41.5919,-81.1074,13.0
41.5920,-81.1195,13.0
41.6011,-81.1194,13.0
41.6011,-81.1315,13.0
41.6012,-81.1436,13.0
41.6012,-81.1557,13.0
41.5922,-81.1557,13.0
41.5923,-81.1678,13.0
41.5832,-81.1679,13.0
41.5742,-81.1680,13.0
41.5742,-81.1801,13.0
41.5743,-81.1921,13.0
41.5744,-81.2042,13.0
41.5744,-81.2163,13.0
41.5835,-81.2162,13.0
41.5835,-81.2283,13.0
41.5836,-81.2404,13.0
41.5926,-81.2403,13.0
41.6016,-81.2403,13.0
41.6107,-81.2402,13.0
41.6107,-81.2523,13.0
41.6198,-81.2522,13.0
41.6198,-81.2643,13.0
41.6289,-81.2642,13.0
41.6289,-81.2763,13.0
41.6379,-81.2763,13.0
41.6380,-81.2884,13.0
41.6380,-81.3005,13.0
41.6381,-81.3126,13.0
41.6381,-81.3247,13.0
41.6472,-81.3246,13.0
41.6562,-81.3245,13.0
41.6562,-81.3124,13.0
41.6652,-81.3124,13.0
41.6652,-81.3003,13.0
41.6742,-81.3002,13.0
41.6742,-81.2881,13.0
41.6832,-81.2881,13.0
41.6922,-81.2880,13.0
41.7013,-81.2879,13.0
41.7103,-81.2879,13.0
41.7194,-81.2878,13.0
41.7284,-81.2877,13.0
41.7374,-81.2877,13.0
41.7465,-81.2876,13.0
41.7555,-81.2875,13.0
41.7555,-81.2754,13.0
41.7554,-81.2633,13.0
41.7554,-81.2512,13.0
41.7553,-81.2391,13.0
41.7553,-81.2270,13.0
41.7552,-81.2148,13.0
41.7551,-81.2027,13.0
41.7551,-81.1906,13.0
41.7550,-81.1785,13.0
41.7550,-81.1664,13.0
41.7549,-81.1543,13.0
41.7459,-81.1543,13.0
41.7368,-81.1544,13.0
41.7368,-81.1423,13.0
41.7367,-81.1302,13.0
41.7366,-81.1181,13.0
41.7366,-81.1060,13.0
41.7365,-81.0938,13.0
41.7364,-81.0817,13.0
41.7455,-81.0816,13.0
41.7454,-81.0695,13.0
41.7453,-81.0574,13.0
41.7453,-81.0453,13.0
41.7543,-81.0452,13.0
41.7542,-81.0331,13.0
41.7542,-81.0210,13.0
41.7541,-81.0088,13.0
41.7540,-80.9967,13.0
41.7539,-80.9846,13.0
41.7538,-80.9725,13.0
41.7538,-80.9604,13.0
41.7537,-80.9483,13.0
41.7536,-80.9361,13.0
41.7535,-80.9240,13.0
41.7625,-80.9239,13.0
41.7625,-80.9118,13.0
41.7624,-80.8997,13.0
41.7623,-80.8876,13.0
41.7713,-80.8874,13.0
41.7712,-80.8753,13.0
41.7803,-80.8752,13.0
41.7802,-80.8631,13.0
41.7892,-80.8630,13.0
41.7891,-80.8508,13.0
41.7890,-80.8387,13.0
41.7981,-80.8386,13.0
41.7980,-80.8265,13.0
41.8070,-80.8263,13.0
41.8069,-80.8142,13.0
41.8068,-80.8021,13.0
41.8159,-80.8019,13.0
41.8158,-80.7898,13.0
41.8157,-80.7777,13.0
41.8247,-80.7775,13.0
41.8246,-80.7654,13.0
41.8245,-80.7533,13.0
41.8244,-80.7412,13.0
41.8153,-80.7413,13.0
41.8155,-80.7534,13.0
41.8064,-80.7536,13.0
41.7974,-80.7537,13.0
41.7883,-80.7538,13.0
41.7882,-80.7417,13.0
41.7881,-80.7296,13.0
41.7880,-80.7175,13.0
41.7879,-80.7054,13.0
41.7878,-80.6932,13.0
41.7968,-80.6931,13.0
41.7967,-80.6810,13.0
41.7966,-80.6688,13.0
41.7965,-80.6567,13.0
41.7964,-80.6446,13.0
41.7874,-80.6447,13.0
41.7872,-80.6326,13.0
41.7782,-80.6328,13.0
41.7692,-80.6329,13.0
41.7601,-80.6331,13.0
41.7511,-80.6332,13.0
41.7420,-80.6334,13.0
41.7330,-80.6336,13.0
41.7240,-80.6337,13.0
41.7149,-80.6339,13.0
41.7059,-80.6340,13.0
41.6969,-80.6342,13.0
41.6967,-80.6221,13.0
41.6877,-80.6222,13.0
41.6787,-80.6224,13.0
41.6696,-80.6225,13.0
41.6606,-80.6227,13.0
41.6605,-80.6106,13.0
41.6514,-80.6108,13.0
41.6516,-80.6229,13.0
41.6425,-80.6230,13.0
41.6426,-80.6351,13.0
41.6427,-80.6472,13.0
41.6429,-80.6593,13.0
41.6338,-80.6595,13.0
41.6339,-80.6715,13.0
41.6249,-80.6717,13.0
41.6250,-80.6838,13.0
41.6160,-80.6839,13.0
41.6069,-80.6841,13.0
41.6070,-80.6962,13.0
41.5980,-80.6963,13.0
41.5890,-80.6965,13.0
41.5799,-80.6966,13.0
41.5709,-80.6968,13.0
41.5710,-80.7088,13.0
41.5711,-80.7209,13.0
41.5712,-80.7330,13.0
41.5622,-80.7331,13.0
41.5623,-80.7452,13.0
41.5532,-80.7454,13.0
41.5442,-80.7455,13.0
41.5443,-80.7576,13.0
41.5353,-80.7577,13.0
41.5262,-80.7579,13.0
41.5172,-80.7580,13.0
41.5082,-80.7581,13.0
41.4991,-80.7583,13.0
41.4901,-80.7584,13.0
41.4902,-80.7705,13.0
41.4811,-80.7706,13.0
41.4812,-80.7827,13.0
41.4813,-80.7947,13.0
41.4723,-80.7949,13.0
41.4724,-80.8069,13.0
41.4634,-80.8071,13.0
41.4543,-80.8072,13.0
41.4453,-80.8073,13.0
41.4362,-80.8074,13.0
41.4272,-80.8076,13.0
41.4182,-80.8077,13.0
41.4091,-80.8078,13.0
41.4001,-80.8080,13.0
41.3911,-80.8081,13.0
41.3820,-80.8082,13.0
41.3730,-80.8084,13.0
41.3639,-80.8085,13.0
41.3640,-80.8205,13.0
41.3550,-80.8207,13.0
41.3460,-80.8208,13.0
41.3369,-80.8209,13.0
41.3279,-80.8210,13.0
41.3280,-80.8331,13.0
41.3189,-80.8332,13.0
41.3190,-80.8452,13.0
41.3100,-80.8454,13.0
41.3101,-80.8574,13.0
41.3010,-80.8575,13.0
41.3011,-80.8696,13.0
41.2921,-80.8697,13.0
41.2922,-80.8817,13.0
41.2923,-80.8937,13.0
41.2832,-80.8939,13.0
41.2833,-80.9059,13.0
41.2834,-80.9179,13.0
41.2835,-80.9299,13.0
41.2745,-80.9300,13.0
41.2745,-80.9421,13.0
41.6514,-80.6108,14.0
41.6605,-80.6106,14.0
41.6606,-80.6227,14.0
41.6696,-80.6225,14.0
41.6787,-80.6224,14.0
41.6877,-80.6222,14.0
41.6967,-80.6221,14.0
41.6969,-80.6342,14.0
41.7059,-80.6340,14.0
41.7149,-80.6339,14.0
41.7240,-80.6337,14.0
41.7330,-80.6336,14.0
41.7420,-80.6334,14.0
41.7511,-80.6332,14.0
41.7601,-80.6331,14.0
41.7692,-80.6329,14.0
41.7782,-80.6328,14.0
41.7872,-80.6326,14.0
41.7874,-80.6447,14.0
41.7964,-80.6446,14.0
41.7965,-80.6567,14.0
41.7966,-80.6688,14.0
41.7967,-80.6810,14.0
41.7968,-80.6931,14.0
41.7878,-80.6932,14.0
41.7879,-80.7054,14.0
41.7880,-80.7175,14.0
41.7881,-80.7296,14.0
41.7882,-80.7417,14.0
41.7883,-80.7538,14.0
41.7974,-80.7537,14.0
41.8064,-80.7536,14.0
41.8155,-80.7534,14.0
41.8153,-80.7413,14.0
41.8244,-80.7412,14.0
41.8245,-80.7533,14.0
41.8246,-80.7654,14.0
41.8247,-80.7775,14.0
41.8157,-80.7777,14.0
41.8158,-80.7898,14.0
41.8159,-80.8019,14.0
41.8068,-80.8021,14.0
41.8069,-80.8142,14.0
41.8070,-80.8263,14.0
41.7980,-80.8265,14.0
41.7981,-80.8386,14.0
41.7890,-80.8387,14.0
41.7891,-80.8508,14.0
41.7892,-80.8630,14.0
41.7802,-80.8631,14.0
41.7803,-80.8752,14.0
41.7712,-80.8753,14.0
41.7713,-80.8874,14.0
41.7623,-80.8876,14.0
41.7624,-80.8997,14.0
41.7625,-80.9118,14.0
41.7625,-80.9239,14.0
41.7535,-80.9240,14.0
41.7536,-80.9361,14.0
41.7537,-80.9483,14.0
41.7538,-80.9604,14.0
41.7538,-80.9725,14.0
41.7539,-80.9846,14.0
41.7540,-80.9967,14.0
41.7541,-81.0088,14.0
41.7542,-81.0210,14.0
41.7542,-81.0331,14.0
41.7543,-81.0452,14.0
41.7453,-81.0453,14.0
41.7453,-81.0574,14.0
41.7454,-81.0695,14.0
41.7455,-81.0816,14.0
41.7364,-81.0817,14.0
41.7365,-81.0938,14.0
41.7366,-81.1060,14.0
41.7366,-81.1181,14.0
41.7367,-81.1302,14.0
41.7368,-81.1423,14.0
41.7368,-81.1544,14.0
41.7459,-81.1543,14.0
41.7549,-81.1543,14.0
41.7550,-81.1664,14.0
41.7550,-81.1785,14.0
41.7551,-81.1906,14.0
41.7551,-81.2027,14.0
41.7552,-81.2148,14.0
41.7553,-81.2270,14.0
41.7553,-81.2391,14.0
41.7554,-81.2512,14.0
41.7554,-81.2633,14.0
41.7645,-81.2632,14.0
41.7644,-81.2511,14.0
41.7643,-81.2390,14.0
41.7734,-81.2389,14.0
41.7733,-81.2268,14.0
41.7733,-81.2147,14.0
41.7823,-81.2146,14.0
41.7823,-81.2025,14.0
41.7913,-81.2024,14.0
41.7912,-81.1903,14.0
41.7912,-81.1782,14.0
41.7911,-81.1660,14.0
41.8002,-81.1660,14.0
41.8001,-81.1538,14.0
41.8000,-81.1417,14.0
41.8091,-81.1416,14.0
41.8090,-81.1295,14.0
41.8090,-81.1174,14.0
41.8180,-81.1173,14.0
41.8179,-81.1052,14.0
41.8179,-81.0930,14.0
41.8269,-81.0929,14.0
41.8268,-81.0808,14.0
41.8268,-81.0687,14.0
41.8358,-81.0686,14.0
41.8357,-81.0564,14.0
41.8357,-81.0443,14.0
41.8447,-81.0442,14.0
41.8446,-81.0321,14.0
41.8445,-81.0200,14.0
41.8536,-81.0198,14.0
41.8535,-81.0077,14.0
41.8534,-80.9956,14.0
41.8533,-80.9834,14.0
41.8533,-80.9713,14.0
41.8532,-80.9592,14.0
41.8622,-80.9591,14.0
41.8621,-80.9469,14.0
41.8621,-80.9348,14.0
41.8620,-80.9226,14.0
41.8710,-80.9225,14.0
41.8709,-80.9104,14.0
41.8708,-80.8983,14.0
41.8707,-80.8861,14.0
41.8798,-80.8860,14.0
41.8797,-80.8739,14.0
41.8796,-80.8617,14.0
41.8886,-80.8616,14.0
41.8886,-80.8494,14.0
41.8885,-80.8373,14.0
41.8884,-80.8252,14.0
41.8974,-80.8250,14.0
41.8973,-80.8129,14.0
41.8972,-80.8007,14.0
41.8971,-80.7886,14.0
41.8970,-80.7765,14.0
41.8969,-80.7643,14.0
41.8968,-80.7522,14.0
41.8878,-80.7523,14.0
41.8877,-80.7402,14.0
41.8786,-80.7403,14.0
41.8785,-80.7282,14.0
41.8784,-80.7160,14.0
41.8783,-80.7039,14.0
41.8782,-80.6918,14.0
41.8691,-80.6919,14.0
41.8690,-80.6798,14.0
41.8689,-80.6676,14.0
41.8599,-80.6678,14.0
41.8598,-80.6556,14.0
41.8597,-80.6435,14.0
41.8595,-80.6314,14.0
41.8594,-80.6192,14.0
41.8593,-80.6071,14.0
41.8683,-80.6069,14.0
41.8682,-80.5948,14.0
41.8681,-80.5827,14.0
41.8771,-80.5825,14.0
41.8770,-80.5704,14.0
41.8769,-80.5582,14.0
41.8859,-80.5581,14.0
41.8858,-80.5459,14.0
41.8857,-80.5338,14.0
41.8856,-80.5216,14.0
41.8854,-80.5095,14.0
41.8945,-80.5093,14.0
41.8943,-80.4972,14.0
41.8942,-80.4850,14.0
41.9032,-80.4848,14.0
41.9031,-80.4727,14.0
41.8941,-80.4729,14.0
41.8850,-80.4731,14.0
41.8760,-80.4732,14.0
41.8670,-80.4734,14.0
41.8671,-80.4856,14.0
41.8672,-80.4977,14.0
41.8582,-80.4979,14.0
41.8583,-80.5100,14.0
41.8493,-80.5102,14.0
41.8402,-80.5104,14.0
41.8312,-80.5105,14.0
41.8313,-80.5227,14.0
41.8223,-80.5228,14.0
41.8133,-80.5230,14.0
41.8042,-80.5232,14.0
41.7952,-80.5233,14.0
41.7861,-80.5235,14.0
41.7863,-80.5356,14.0
41.7772,-80.5358,14.0
41.7682,-80.5360,14.0
41.7592,-80.5361,14.0
41.7590,-80.5240,14.0
41.7500,-80.5242,14.0
41.7410,-80.5244,14.0
41.7408,-80.5123,14.0
41.7318,-80.5124,14.0
41.7319,-80.5245,14.0
41.7229,-80.5247,14.0
41.7227,-80.5126,14.0
41.7137,-80.5128,14.0
41.7047,-80.5130,14.0
41.6956,-80.5131,14.0
41.6866,-80.5133,14.0
41.6867,-80.5254,14.0
41.6777,-80.5256,14.0
41.6778,-80.5377,14.0
41.6779,-80.5498,14.0
41.6689,-80.5499,14.0
41.6599,-80.5501,14.0
41.6600,-80.5622,14.0
41.6601,-80.5743,14.0
41.6511,-80.5745,14.0
41.6512,-80.5866,14.0
41.6513,-80.5987,14.0
41.6514,-80.6108,14.0
41.6491,-80.3930,15.0
41.6581,-80.3928,15.0
41.6583,-80.4049,15.0
41.6673,-80.4047,15.0
41.6764,-80.4046,15.0
41.6854,-80.4044,15.0
41.6944,-80.4042,15.0
41.7035,-80.4040,15.0
41.7036,-80.4161,15.0
41.7126,-80.4159,15.0
41.7128,-80.4280,15.0
41.7218,-80.4278,15.0
41.7220,-80.4399,15.0
41.7310,-80.4398,15.0
41.7400,-80.4396,15.0
41.7402,-80.4517,15.0
41.7492,-80.4515,15.0
41.7582,-80.4513,15.0
41.7584,-80.4634,15.0
41.7585,-80.4756,15.0
41.7586,-80.4877,15.0
41.7496,-80.4879,15.0
41.7497,-80.5000,15.0
41.7499,-80.5121,15.0
41.7408,-80.5123,15.0
41.7410,-80.5244,15.0
41.7500,-80.5242,15.0
41.7590,-80.5240,15.0
41.7592,-80.5361,15.0
41.7682,-80.5360,15.0
41.7772,-80.5358,15.0
41.7863,-80.5356,15.0
41.7861,-80.5235,15.0
41.7952,-80.5233,15.0
41.8042,-80.5232,15.0
41.8133,-80.5230,15.0
41.8223,-80.5228,15.0
41.8313,-80.5227,15.0
41.8312,-80.5105,15.0
41.8402,-80.5104,15.0
41.8493,-80.5102,15.0
41.8583,-80.5100,15.0
41.8582,-80.4979,15.0
41.8672,-80.4977,15.0
41.8671,-80.4856,15.0
41.8670,-80.4734,15.0
41.8760,-80.4732,15.0
41.8850,-80.4731,15.0
41.8941,-80.4729,15.0
41.9031,-80.4727,15.0
41.9032,-80.4848,15.0
41.8942,-80.4850,15.0
41.8943,-80.4972,15.0
41.8945,-80.5093,15.0
41.8854,-80.5095,15.0
41.8856,-80.5216,15.0
41.8857,-80.5338,15.0
41.8858,-80.5459,15.0
41.8859,-80.5581,15.0
41.8769,-80.5582,15.0
41.8770,-80.5704,15.0
41.8771,-80.5825,15.0
41.8681,-80.5827,15.0
41.8682,-80.5948,15.0
41.8683,-80.6069,15.0
41.8593,-80.6071,15.0
41.8594,-80.6192,15.0
41.8595,-80.6314,15.0
41.8597,-80.6435,15.0
41.8598,-80.6556,15.0
41.8599,-80.6678,15.0
41.8689,-80.6676,15.0
41.8690,-80.6798,15.0
41.8691,-80.6919,15.0
41.8782,-80.6918,15.0
41.8783,-80.7039,15.0
41.8784,-80.7160,15.0
41.8785,-80.7282,15.0
41.8786,-80.7403,15.0
41.8877,-80.7402,15.0
41.8878,-80.7523,15.0
41.8968,-80.7522,15.0
41.8969,-80.7643,15.0
41.8970,-80.7765,15.0
41.8971,-80.7886,15.0
41.9061,-80.7885,15.0
41.9060,-80.7763,15.0
41.9059,-80.7642,15.0
41.9150,-80.7640,15.0
41.9149,-80.7519,15.0
41.9148,-80.7397,15.0
41.9147,-80.7276,15.0
41.9146,-80.7155,15.0
41.9236,-80.7153,15.0
41.9235,-80.7032,15.0
41.9234,-80.6910,15.0
41.9233,-80.6789,15.0
41.9323,-80.6787,15.0
41.9322,-80.6666,15.0
41.9321,-80.6544,15.0
41.9411,-80.6543,15.0
41.9410,-80.6421,15.0
41.9409,-80.6300,15.0
41.9408,-80.6178,15.0
41.9498,-80.6176,15.0
41.9497,-80.6055,15.0
41.9496,-80.5933,15.0
41.9586,-80.5932,15.0
41.9585,-80.5810,15.0
41.9584,-80.5689,15.0
41.9674,-80.5687,15.0
41.9673,-80.5565,15.0
41.9671,-80.5444,15.0
41.9670,-80.5322,15.0
41.9761,-80.5321,15.0
41.9759,-80.5199,15.0
41.9758,-80.5077,15.0
41.9848,-80.5076,15.0
41.9847,-80.4954,15.0
41.9846,-80.4832,15.0
41.9936,-80.4831,15.0
41.9935,-80.4709,15.0
41.9933,-80.4587,15.0
41.9932,-80.4466,15.0
42.0022,-80.4464,15.0
42.0021,-80.4342,15.0
42.0020,-80.4221,15.0
42.0018,-80.4099,15.0
42.0017,-80.3977,15.0
42.0107,-80.3976,15.0
42.0106,-80.3854,15.0
42.0104,-80.3732,15.0
42.0195,-80.3730,15.0
42.0193,-80.3609,15.0
42.0192,-80.3487,15.0
42.0282,-80.3485,15.0
42.0281,-80.3363,15.0
42.0279,-80.3242,15.0
42.0370,-80.3240,15.0
42.0368,-80.3118,15.0
42.0367,-80.2996,15.0
42.0457,-80.2994,15.0
42.0455,-80.2873,15.0
42.0546,-80.2870,15.0
42.0544,-80.2749,15.0
42.0543,-80.2627,15.0
42.0633,-80.2625,15.0
42.0632,-80.2503,15.0
42.0630,-80.2381,15.0
42.0720,-80.2379,15.0
42.0719,-80.2258,15.0
42.0717,-80.2136,15.0
42.0807,-80.2134,15.0
42.0806,-80.2012,15.0
42.0896,-80.2010,15.0
42.0895,-80.1888,15.0
42.0893,-80.1766,15.0
42.0983,-80.1764,15.0
42.0982,-80.1642,15.0
42.1072,-80.1640,15.0
42.1070,-80.1518,15.0
42.1161,-80.1516,15.0
42.1251,-80.1513,15.0
42.1341,-80.1511,15.0
42.1340,-80.1389,15.0
42.1430,-80.1387,15.0
42.1428,-80.1265,15.0
42.1519,-80.1263,15.0
42.1517,-80.1141,15.0
42.1607,-80.1139,15.0
42.1606,-80.1017,15.0
42.1604,-80.0895,15.0
42.1602,-80.0773,15.0
42.1512,-80.0775,15.0
42.1514,-80.0897,15.0
42.1423,-80.0899,15.0
42.1425,-80.1021,15.0
42.1427,-80.1143,15.0
42.1428,-80.1265,15.0
42.1338,-80.1267,15.0
42.1249,-80.1392,15.0
42.1430,-80.1387,15.0
42.1428,-80.1265,15.0
42.1338,-80.1267,15.0
42.1340,-80.1389,15.0
42.1249,-80.1392,15.0
42.1159,-80.1394,15.0
42.1157,-80.1272,15.0
42.1156,-80.1150,15.0
42.1246,-80.1148,15.0
42.1244,-80.1026,15.0
42.1242,-80.0904,15.0
42.1333,-80.0902,15.0
42.1331,-80.0780,15.0
42.1421,-80.0778,15.0
42.1420,-80.0656,15.0
42.1418,-80.0534,15.0
42.1416,-80.0412,15.0
42.1506,-80.0409,15.0
42.1505,-80.0288,15.0
42.1595,-80.0285,15.0
42.1593,-80.0163,15.0
42.1591,-80.0041,15.0
42.1682,-80.0039,15.0
42.1680,-79.9917,15.0
42.1770,-79.9914,15.0
42.1768,-79.9792,15.0
42.1859,-79.9790,15.0
42.1857,-79.9668,15.0
42.1855,-79.9546,15.0
42.1945,-79.9543,15.0
42.1943,-79.9421,15.0
42.1942,-79.9299,15.0
42.2032,-79.9297,15.0
42.2030,-79.9175,15.0
42.2120,-79.9172,15.0
42.2118,-79.9050,15.0
42.2116,-79.8928,15.0
42.2207,-79.8926,15.0
42.2205,-79.8803,15.0
42.2203,-79.8681,15.0
42.2293,-79.8679,15.0
42.2291,-79.8557,15.0
42.2289,-79.8435,15.0
42.2287,-79.8313,15.0
42.2377,-79.8310,15.0
42.2375,-79.8188,15.0
42.2466,-79.8185,15.0
42.2464,-79.8063,15.0
42.2462,-79.7941,15.0
42.2552,-79.7938,15.0
42.2550,-79.7816,15.0
42.2640,-79.7813,15.0
42.2638,-79.7691,15.0
42.2636,-79.7569,15.0
42.2726,-79.7566,15.0
42.2724,-79.7444,15.0
42.2722,-79.7322,15.0
42.2720,-79.7200,15.0
42.2810,-79.7197,15.0
42.2808,-79.7075,15.0
42.2806,-79.6953,15.0
42.2896,-79.6950,15.0
42.2894,-79.6827,15.0
42.2892,-79.6705,15.0
42.2982,-79.6702,15.0
42.2980,-79.6580,15.0
42.3071,-79.6577,15.0
42.3068,-79.6455,15.0
42.3066,-79.6333,15.0
42.3156,-79.6330,15.0
42.3154,-79.6208,15.0
42.3245,-79.6204,15.0
42.3242,-79.6082,15.0
42.3333,-79.6079,15.0
42.3330,-79.5957,15.0
42.3328,-79.5835,15.0
42.3418,-79.5832,15.0
42.3416,-79.5709,15.0
42.3414,-79.5587,15.0
42.3504,-79.5584,15.0
42.3502,-79.5462,15.0
42.3592,-79.5459,15.0
42.3590,-79.5336,15.0
42.3587,-79.5214,15.0
42.3678,-79.5211,15.0
42.3675,-79.5088,15.0
42.3766,-79.5085,15.0
42.3763,-79.4963,15.0
42.3854,-79.4960,15.0
42.3851,-79.4837,15.0
42.3942,-79.4834,15.0
42.3939,-79.4712,15.0
42.4030,-79.4708,15.0
42.4027,-79.4586,15.0
42.4025,-79.4464,15.0
42.4022,-79.4341,15.0
42.4113,-79.4338,15.0
42.4110,-79.4216,15.0
42.4200,-79.4212,15.0
42.4291,-79.4209,15.0
42.4381,-79.4206,15.0
42.4471,-79.4202,15.0
42.4469,-79.4080,15.0
42.4466,-79.3957,15.0
42.4557,-79.3954,15.0
42.4554,-79.3831,15.0
42.4645,-79.3828,15.0
42.4642,-79.3706,15.0
42.4732,-79.3702,15.0
42.4730,-79.3580,15.0
42.4820,-79.3576,15.0
42.4818,-79.3454,15.0
42.4815,-79.3331,15.0
42.4812,-79.3209,15.0
42.4903,-79.3205,15.0
42.4900,-79.3083,15.0
42.4898,-79.2960,15.0
42.4988,-79.2957,15.0
42.4985,-79.2834,15.0
42.5076,-79.2830,15.0
42.5073,-79.2708,15.0
42.5163,-79.2704,15.0
42.5161,-79.2582,15.0
42.5158,-79.2459,15.0
42.5248,-79.2456,15.0
42.5246,-79.2333,15.0
42.5243,-79.2210,15.0
42.5333,-79.2207,15.0
42.5331,-79.2084,15.0
42.5328,-79.1961,15.0
42.5418,-79.1958,15.0
42.5416,-79.1835,15.0
42.5413,-79.1712,15.0
42.5410,-79.1590,15.0
42.5500,-79.1586,15.0
42.5498,-79.1463,15.0
42.5495,-79.1341,15.0
42.5405,-79.1345,15.0
42.5314,-79.1348,15.0
42.5311,-79.1226,15.0
42.5221,-79.1230,15.0
42.5218,-79.1107,15.0
42.5128,-79.1111,15.0
42.5038,-79.1115,15.0
42.5035,-79.0992,15.0
42.5032,-79.0869,15.0
42.4942,-79.0873,15.0
42.4939,-79.0751,15.0
42.4849,-79.0755,15.0
42.4846,-79.0632,15.0
42.4756,-79.0636,15.0
42.4753,-79.0513,15.0
42.4662,-79.0517,15.0
42.4572,-79.0521,15.0
42.4569,-79.0399,15.0
42.4479,-79.0403,15.0
42.4476,-79.0280,15.0
42.4386,-79.0284,15.0
42.4389,-79.0407,15.0
42.4391,-79.0529,15.0
42.4301,-79.0533,15.0
42.4304,-79.0655,15.0
42.4307,-79.0778,15.0
42.4310,-79.0900,15.0
42.4313,-79.1022,15.0
42.4222,-79.1026,15.0
42.4225,-79.1149,15.0
42.4228,-79.1271,15.0
42.4231,-79.1393,15.0
42.4233,-79.1516,15.0
42.4236,-79.1638,15.0
42.4239,-79.1761,15.0
42.4149,-79.1764,15.0
42.4151,-79.1887,15.0
42.4061,-79.1890,15.0
42.3971,-79.1894,15.0
42.3973,-79.2016,15.0
42.3883,-79.2020,15.0
42.3793,-79.2024,15.0
42.3702,-79.2027,15.0
42.3612,-79.2031,15.0
42.3522,-79.2035,15.0
42.3431,-79.2038,15.0
42.3341,-79.2042,15.0
42.3338,-79.1920,15.0
42.3248,-79.1923,15.0
42.3251,-79.2046,15.0
42.3254,-79.2168,15.0
42.3256,-79.2290,15.0
42.3347,-79.2286,15.0
42.3349,-79.2409,15.0
42.3439,-79.2405,15.0
42.3442,-79.2527,15.0
42.3532,-79.2524,15.0
42.3535,-79.2646,15.0
42.3625,-79.2642,15.0
42.3716,-79.2639,15.0
42.3718,-79.2761,15.0
42.3721,-79.2884,15.0
42.3631,-79.2887,15.0
42.3633,-79.3009,15.0
42.3543,-79.3013,15.0
42.3546,-79.3135,15.0
42.3548,-79.3257,15.0
42.3551,-79.3380,15.0
42.3460,-79.3383,15.0
42.3463,-79.3505,15.0
42.3465,-79.3628,15.0
42.3468,-79.3750,15.0
42.3470,-79.3872,15.0
42.3473,-79.3994,15.0
42.3475,-79.4117,15.0
42.3385,-79.4120,15.0
42.3388,-79.4242,15.0
42.3390,-79.4365,15.0
42.3300,-79.4368,15.0
42.3302,-79.4490,15.0
42.3212,-79.4493,15.0
42.3214,-79.4616,15.0
42.3217,-79.4738,15.0
42.3219,-79.4860,15.0
42.3129,-79.4863,15.0
42.3038,-79.4867,15.0
42.3041,-79.4989,15.0
42.2950,-79.4992,15.0
42.2860,-79.4995,15.0
42.2862,-79.5117,15.0
42.2772,-79.5120,15.0
42.2682,-79.5124,15.0
42.2684,-79.5246,15.0
42.2594,-79.5249,15.0
42.2596,-79.5371,15.0
42.2599,-79.5493,15.0
42.2508,-79.5496,15.0
42.2510,-79.5618,15.0
42.2420,-79.5621,15.0
42.2330,-79.5625,15.0
42.2332,-79.5747,15.0
42.2242,-79.5750,15.0
42.2151,-79.5753,15.0
42.2061,-79.5756,15.0
42.1971,-79.5759,15.0
42.1969,-79.5637,15.0
42.1878,-79.5640,15.0
42.1788,-79.5643,15.0
42.1698,-79.5646,15.0
42.1700,-79.5768,15.0
42.1702,-79.5890,15.0
42.1704,-79.6012,15.0
42.1795,-79.6009,15.0
42.1797,-79.6131,15.0
42.1799,-79.6253,15.0
42.1801,-79.6375,15.0
42.1711,-79.6378,15.0
42.1621,-79.6381,15.0
42.1623,-79.6503,15.0
42.1533,-79.6506,15.0
42.1535,-79.6628,15.0
42.1537,-79.6750,15.0
42.1539,-79.6872,15.0
42.1541,-79.6993,15.0
42.1632,-79.6991,15.0
42.1634,-79.7112,15.0
42.1636,-79.7234,15.0
42.1638,-79.7356,15.0
42.1640,-79.7478,15.0
42.1550,-79.7481,15.0
42.1552,-79.7603,15.0
42.1462,-79.7606,15.0
42.1464,-79.7728,15.0
42.1466,-79.7850,15.0
42.1468,-79.7971,15.0
42.1378,-79.7974,15.0
42.1380,-79.8096,15.0
42.1289,-79.8099,15.0
42.1199,-79.8102,15.0
42.1201,-79.8223,15.0
42.1203,-79.8345,15.0
42.1113,-79.8348,15.0
42.1115,-79.8470,15.0
42.1117,-79.8592,15.0
42.1026,-79.8594,15.0
42.1028,-79.8716,15.0
42.0938,-79.8719,15.0
42.0848,-79.8721,15.0
42.0757,-79.8724,15.0
42.0759,-79.8846,15.0
42.0669,-79.8849,15.0
42.0671,-79.8970,15.0
42.0673,-79.9092,15.0
42.0675,-79.9214,15.0
42.0584,-79.9216,15.0
42.0586,-79.9338,15.0
42.0588,-79.9460,15.0
42.0498,-79.9462,15.0
42.0500,-79.9584,15.0
42.0502,-79.9706,15.0
42.0503,-79.9827,15.0
42.0413,-79.9830,15.0
42.0323,-79.9832,15.0
42.0325,-79.9954,15.0
42.0234,-79.9957,15.0
42.0236,-80.0078,15.0
42.0238,-80.0200,15.0
42.0148,-80.0202,15.0
42.0149,-80.0324,15.0
42.0151,-80.0446,15.0
42.0061,-80.0448,15.0
41.9970,-80.0451,15.0
41.9969,-80.0329,15.0
41.9878,-80.0331,15.0
41.9876,-80.0210,15.0
41.9786,-80.0212,15.0
41.9696,-80.0215,15.0
41.9698,-80.0336,15.0
41.9607,-80.0339,15.0
41.9609,-80.0460,15.0
41.9611,-80.0582,15.0
41.9613,-80.0703,15.0
41.9522,-80.0706,15.0
41.9524,-80.0827,15.0
41.9526,-80.0949,15.0
41.9527,-80.1070,15.0
41.9437,-80.1072,15.0
41.9439,-80.1194,15.0
41.9348,-80.1196,15.0
41.9350,-80.1318,15.0
41.9260,-80.1320,15.0
41.9261,-80.1442,15.0
41.9171,-80.1444,15.0
41.9173,-80.1565,15.0
41.9174,-80.1687,15.0
41.9176,-80.1808,15.0
41.9178,-80.1930,15.0
41.9087,-80.1932,15.0
41.9089,-80.2053,15.0
41.9091,-80.2175,15.0
41.9092,-80.2296,15.0
41.9002,-80.2298,15.0
41.9003,-80.2420,15.0
41.8913,-80.2422,15.0
41.8823,-80.2424,15.0
41.8824,-80.2545,15.0
41.8734,-80.2547,15.0
41.8735,-80.2669,15.0
41.8737,-80.2790,15.0
41.8647,-80.2792,15.0
41.8556,-80.2794,15.0
41.8558,-80.2916,15.0
41.8467,-80.2918,15.0
41.8377,-80.2920,15.0
41.8287,-80.2922,15.0
41.8196,-80.2924,15.0
41.8106,-80.2926,15.0
41.8107,-80.3047,15.0
41.8109,-80.3168,15.0
41.8110,-80.3290,15.0
41.8020,-80.3292,15.0
41.8022,-80.3413,15.0
41.7931,-80.3415,15.0
41.7930,-80.3294,15.0
41.7839,-80.3296,15.0
41.7749,-80.3298,15.0
41.7659,-80.3300,15.0
41.7568,-80.3302,15.0
41.7567,-80.3181,15.0
41.7476,-80.3183,15.0
41.7386,-80.3185,15.0
41.7296,-80.3187,15.0
41.7205,-80.3189,15.0
41.7115,-80.3191,15.0
41.7024,-80.3193,15.0
41.6934,-80.3195,15.0
41.6844,-80.3196,15.0
41.6845,-80.3318,15.0
41.6755,-80.3320,15.0
41.6665,-80.3321,15.0
41.6666,-80.3442,15.0
41.6576,-80.3444,15.0
41.6577,-80.3565,15.0
41.6487,-80.3567,15.0
41.6488,-80.3688,15.0
41.6490,-80.3809,15.0
41.6491,-80.3930,15.0
42.2623,-78.8405,16.0
42.2713,-78.8401,16.0
42.2716,-78.8523,16.0
42.2719,-78.8645,16.0
42.2809,-78.8641,16.0
42.2812,-78.8763,16.0
42.2903,-78.8759,16.0
42.2906,-78.8881,16.0
42.2996,-78.8877,16.0
42.3086,-78.8873,16.0
42.3177,-78.8868,16.0
42.3267,-78.8864,16.0
42.3270,-78.8987,16.0
42.3360,-78.8983,16.0
42.3450,-78.8978,16.0
42.3541,-78.8974,16.0
42.3544,-78.9097,16.0
42.3634,-78.9093,16.0
42.3637,-78.9215,16.0
42.3640,-78.9337,16.0
42.3643,-78.9459,16.0
42.3733,-78.9455,16.0
42.3736,-78.9578,16.0
42.3826,-78.9574,16.0
42.3917,-78.9570,16.0
42.3920,-78.9692,16.0
42.4010,-78.9688,16.0
42.4013,-78.9810,16.0
42.4103,-78.9806,16.0
42.4194,-78.9802,16.0
42.4196,-78.9925,16.0
42.4287,-78.9921,16.0
42.4290,-79.0043,16.0
42.4293,-79.0166,16.0
42.4383,-79.0162,16.0
42.4386,-79.0284,16.0
42.4476,-79.0280,16.0
42.4479,-79.0403,16.0
42.4569,-79.0399,16.0
42.4572,-79.0521,16.0
42.4662,-79.0517,16.0
42.4753,-79.0513,16.0
42.4756,-79.0636,16.0
42.4846,-79.0632,16.0
42.4849,-79.0755,16.0
42.4939,-79.0751,16.0
42.4942,-79.0873,16.0
42.5032,-79.0869,16.0
42.5035,-79.0992,16.0
42.5038,-79.1115,16.0
42.5128,-79.1111,16.0
42.5218,-79.1107,16.0
42.5221,-79.1230,16.0
42.5311,-79.1226,16.0
42.5314,-79.1348,16.0
42.5405,-79.1345,16.0
42.5495,-79.1341,16.0
42.5585,-79.1337,16.0
42.5675,-79.1333,16.0
42.5673,-79.1211,16.0
42.5670,-79.1088,16.0
42.5667,-79.0965,16.0
42.5664,-79.0843,16.0
42.5574,-79.0846,16.0
42.5571,-79.0724,16.0
42.5568,-79.0601,16.0
42.5478,-79.0605,16.0
42.5475,-79.0482,16.0
42.5472,-79.0360,16.0
42.5469,-79.0237,16.0
42.5466,-79.0114,16.0
42.5557,-79.0110,16.0
42.5554,-78.9988,16.0
42.5551,-78.9865,16.0
42.5461,-78.9869,16.0
42.5458,-78.9747,16.0
42.5455,-78.9624,16.0
42.5364,-78.9628,16.0
42.5361,-78.9505,16.0
42.5271,-78.9509,16.0
42.5268,-78.9387,16.0
42.5358,-78.9383,16.0
42.5355,-78.9260,16.0
42.5446,-78.9256,16.0
42.5536,-78.9252,16.0
42.5533,-78.9129,16.0
42.5623,-78.9125,16.0
42.5620,-78.9003,16.0
42.5617,-78.8880,16.0
42.5614,-78.8757,16.0
42.5611,-78.8635,16.0
42.5608,-78.8512,16.0
42.5605,-78.8389,16.0
42.5602,-78.8267,16.0
42.5512,-78.8271,16.0
42.5421,-78.8275,16.0
42.5418,-78.8152,16.0
42.5415,-78.8030,16.0
42.5325,-78.8034,16.0
42.5322,-78.7911,16.0
42.5318,-78.7789,16.0
42.5228,-78.7793,16.0
42.5225,-78.7671,16.0
42.5315,-78.7666,16.0
42.5312,-78.7544,16.0
42.5402,-78.7539,16.0
42.5493,-78.7535,16.0
42.5583,-78.7531,16.0
42.5580,-78.7408,16.0
42.5577,-78.7285,16.0
42.5486,-78.7290,16.0
42.5483,-78.7167,16.0
42.5480,-78.7044,16.0
42.5390,-78.7049,16.0
42.5386,-78.6926,16.0
42.5383,-78.6804,16.0
42.5380,-78.6681,16.0
42.5470,-78.6677,16.0
42.5467,-78.6554,16.0
42.5464,-78.6431,16.0
42.5373,-78.6436,16.0
42.5370,-78.6313,16.0
42.5367,-78.6191,16.0
42.5457,-78.6186,16.0
42.5547,-78.6182,16.0
42.5544,-78.6059,16.0
42.5540,-78.5936,16.0
42.5631,-78.5932,16.0
42.5627,-78.5809,16.0
42.5718,-78.5805,16.0
42.5714,-78.5682,16.0
42.5711,-78.5559,16.0
42.5707,-78.5437,16.0
42.5704,-78.5314,16.0
42.5614,-78.5319,16.0
42.5610,-78.5196,16.0
42.5607,-78.5073,16.0
42.5603,-78.4951,16.0
42.5694,-78.4946,16.0
42.5690,-78.4823,16.0
42.5781,-78.4819,16.0
42.5777,-78.4696,16.0
42.5774,-78.4573,16.0
42.5770,-78.4451,16.0
42.5767,-78.4328,16.0
42.5763,-78.4205,16.0
42.5853,-78.4200,16.0
42.5943,-78.4196,16.0
42.5940,-78.4073,16.0
42.6030,-78.4068,16.0
42.6027,-78.3945,16.0
42.6023,-78.3823,16.0
42.6113,-78.3818,16.0
42.6110,-78.3695,16.0
42.6200,-78.3690,16.0
42.6196,-78.3567,16.0
42.6287,-78.3563,16.0
42.6283,-78.3440,16.0
42.6373,-78.3435,16.0
42.6370,-78.3312,16.0
42.6366,-78.3189,16.0
42.6276,-78.3194,16.0
42.6272,-78.3071,16.0
42.6268,-78.2949,16.0
42.6178,-78.2954,16.0
42.6088,-78.2959,16.0
42.5998,-78.2964,16.0
42.5907,-78.2969,16.0
42.5817,-78.2974,16.0
42.5727,-78.2979,16.0
42.5637,-78.2984,16.0
42.5640,-78.3106,16.0
42.5550,-78.3111,16.0
42.5460,-78.3116,16.0
42.5370,-78.3121,16.0
42.5366,-78.2999,16.0
42.5276,-78.3004,16.0
42.5186,-78.3009,16.0
42.5095,-78.3014,16.0
42.5005,-78.3019,16.0
42.4915,-78.3023,16.0
42.4911,-78.2901,16.0
42.4821,-78.2906,16.0
42.4731,-78.2911,16.0
42.4640,-78.2916,16.0
42.4550,-78.2921,16.0
42.4547,-78.2798,16.0
42.4456,-78.2803,16.0
42.4366,-78.2808,16.0
42.4370,-78.2931,16.0
42.4280,-78.2936,16.0
42.4189,-78.2941,16.0
42.4193,-78.3063,16.0
42.4103,-78.3068,16.0
42.4106,-78.3190,16.0
42.4016,-78.3195,16.0
42.4020,-78.3318,16.0
42.3930,-78.3323,16.0
42.3933,-78.3445,16.0
42.3843,-78.3450,16.0
42.3847,-78.3572,16.0
42.3756,-78.3577,16.0
42.3760,-78.3699,16.0
42.3850,-78.3694,16.0
42.3854,-78.3817,16.0
42.3857,-78.3939,16.0
42.3947,-78.3934,16.0
42.3951,-78.4056,16.0
42.3955,-78.4179,16.0
42.3958,-78.4301,16.0
42.4048,-78.4296,16.0
42.4052,-78.4419,16.0
42.4142,-78.4414,16.0
42.4146,-78.4536,16.0
42.4055,-78.4541,16.0
42.4059,-78.4663,16.0
42.4062,-78.4786,16.0
42.4066,-78.4908,16.0
42.4156,-78.4903,16.0
42.4159,-78.5026,16.0
42.4163,-78.5148,16.0
42.4166,-78.5270,16.0
42.4076,-78.5275,16.0
42.4079,-78.5397,16.0
42.4083,-78.5520,16.0
42.4086,-78.5642,16.0
42.4090,-78.5764,16.0
42.3999,-78.5769,16.0
42.4003,-78.5891,16.0
42.3912,-78.5896,16.0
42.3822,-78.5900,16.0
42.3826,-78.6023,16.0
42.3735,-78.6027,16.0
42.3739,-78.6149,16.0
42.3648,-78.6154,16.0
42.3652,-78.6276,16.0
42.3655,-78.6398,16.0
42.3565,-78.6403,16.0
42.3568,-78.6525,16.0
42.3571,-78.6647,16.0
42.3481,-78.6652,16.0
42.3391,-78.6656,16.0
42.3387,-78.6534,16.0
42.3384,-78.6412,16.0
42.3294,-78.6416,16.0
42.3297,-78.6538,16.0
42.3207,-78.6543,16.0
42.3117,-78.6547,16.0
42.3120,-78.6669,16.0
42.3030,-78.6674,16.0
42.3033,-78.6796,16.0
42.2943,-78.6800,16.0
42.2946,-78.6922,16.0
42.2949,-78.7045,16.0
42.2859,-78.7049,16.0
42.2862,-78.7171,16.0
42.2865,-78.7293,16.0
42.2775,-78.7297,16.0
42.2778,-78.7420,16.0
42.2781,-78.7542,16.0
42.2784,-78.7664,16.0
42.2788,-78.7786,16.0
42.2697,-78.7790,16.0
42.2700,-78.7912,16.0
42.2704,-78.8034,16.0
42.2707,-78.8156,16.0
42.2710,-78.8278,16.0
42.2620,-78.8283,16.0
42.2623,-78.8405,16.0
42.5271,-78.9509,17.0
42.5361,-78.9505,17.0
42.5364,-78.9628,17.0
42.5455,-78.9624,17.0
42.5458,-78.9747,17.0
42.5461,-78.9869,17.0
42.5551,-78.9865,17.0
42.5554,-78.9988,17.0
42.5557,-79.0110,17.0
42.5466,-79.0114,17.0
42.5469,-79.0237,17.0
42.5472,-79.0360,17.0
42.5475,-79.0482,17.0
42.5478,-79.0605,17.0
42.5568,-79.0601,17.0
42.5571,-79.0724,17.0
42.5574,-79.0846,17.0
42.5664,-79.0843,17.0
42.5667,-79.0965,17.0
42.5670,-79.1088,17.0
42.5673,-79.1211,17.0
42.5675,-79.1333,17.0
42.5766,-79.1329,17.0
42.5763,-79.1207,17.0
42.5853,-79.1203,17.0
42.5944,-79.1199,17.0
42.5941,-79.1076,17.0
42.6031,-79.1073,17.0
42.6121,-79.1069,17.0
42.6119,-79.0946,17.0
42.6209,-79.0942,17.0
42.6206,-79.0819,17.0
42.6296,-79.0816,17.0
42.6293,-79.0693,17.0
42.6384,-79.0689,17.0
42.6381,-79.0566,17.0
42.6471,-79.0562,17.0
42.6561,-79.0558,17.0
42.6652,-79.0554,17.0
42.6649,-79.0432,17.0
42.6739,-79.0428,17.0
42.6829,-79.0424,17.0
42.6827,-79.0301,17.0
42.6917,-79.0297,17.0
42.6914,-79.0174,17.0
42.6911,-79.0051,17.0
42.6908,-78.9928,17.0
42.6905,-78.9805,17.0
42.6995,-78.9801,17.0
42.6993,-78.9678,17.0
42.7083,-78.9674,17.0
42.7080,-78.9551,17.0
42.7170,-78.9547,17.0
42.7167,-78.9424,17.0
42.7257,-78.9420,17.0
42.7254,-78.9297,17.0
42.7251,-78.9174,17.0
42.7342,-78.9170,17.0
42.7339,-78.9047,17.0
42.7429,-78.9043,17.0
42.7426,-78.8920,17.0
42.7423,-78.8797,17.0
42.7513,-78.8793,17.0
42.7510,-78.8670,17.0
42.7600,-78.8665,17.0
42.7597,-78.8542,17.0
42.7688,-78.8538,17.0
42.7778,-78.8534,17.0
42.7775,-78.8411,17.0
42.7865,-78.8407,17.0
42.7868,-78.8530,17.0
42.7958,-78.8526,17.0
42.8049,-78.8521,17.0
42.8139,-78.8517,17.0
42.8229,-78.8513,17.0
42.8320,-78.8509,17.0
42.8410,-78.8504,17.0
42.8500,-78.8500,17.0
42.8590,-78.8496,17.0
42.8593,-78.8619,17.0
42.8597,-78.8742,17.0
42.8687,-78.8738,17.0
42.8690,-78.8862,17.0
42.8780,-78.8857,17.0
42.8870,-78.8853,17.0
42.8867,-78.8730,17.0
42.8864,-78.8607,17.0
42.8955,-78.8602,17.0
42.8952,-78.8479,17.0
42.9042,-78.8475,17.0
42.9039,-78.8351,17.0
42.9129,-78.8347,17.0
42.9126,-78.8224,17.0
42.9216,-78.8220,17.0
42.9213,-78.8096,17.0
42.9303,-78.8092,17.0
42.9300,-78.7969,17.0
42.9297,-78.7845,17.0
42.9294,-78.7722,17.0
42.9291,-78.7598,17.0
42.9287,-78.7475,17.0
42.9284,-78.7352,17.0
42.9281,-78.7228,17.0
42.9191,-78.7233,17.0
42.9187,-78.7109,17.0
42.9184,-78.6986,17.0
42.9181,-78.6863,17.0
42.9178,-78.6739,17.0
42.9174,-78.6616,17.0
42.9171,-78.6493,17.0
42.9168,-78.6369,17.0
42.9258,-78.6365,17.0
42.9255,-78.6241,17.0
42.9251,-78.6118,17.0
42.9248,-78.5995,17.0
42.9244,-78.5871,17.0
42.9241,-78.5748,17.0
42.9151,-78.5752,17.0
42.9147,-78.5629,17.0
42.9144,-78.5506,17.0
42.9054,-78.5510,17.0
42.9050,-78.5387,17.0
42.9047,-78.5264,17.0
42.8957,-78.5269,17.0
42.8953,-78.5145,17.0
42.8863,-78.5150,17.0
42.8773,-78.5155,17.0
42.8769,-78.5031,17.0
42.8766,-78.4908,17.0
42.8762,-78.4785,17.0
42.8672,-78.4790,17.0
42.8668,-78.4666,17.0
42.8665,-78.4543,17.0
42.8661,-78.4420,17.0
42.8658,-78.4297,17.0
42.8568,-78.4302,17.0
42.8564,-78.4178,17.0
42.8561,-78.4055,17.0
42.8470,-78.4060,17.0
42.8467,-78.3937,17.0
42.8463,-78.3814,17.0
42.8373,-78.3819,17.0
42.8369,-78.3695,17.0
42.8366,-78.3572,17.0
42.8275,-78.3577,17.0
42.8272,-78.3454,17.0
42.8268,-78.3331,17.0
42.8178,-78.3336,17.0
42.8088,-78.3341,17.0
42.7997,-78.3346,17.0
42.7907,-78.3351,17.0
42.7911,-78.3474,17.0
42.7821,-78.3479,17.0
42.7817,-78.3356,17.0
42.7727,-78.3361,17.0
42.7636,-78.3366,17.0
42.7546,-78.3371,17.0
42.7456,-78.3376,17.0
42.7366,-78.3380,17.0
42.7276,-78.3385,17.0
42.7279,-78.3508,17.0
42.7189,-78.3513,17.0
42.7099,-78.3518,17.0
42.7008,-78.3523,17.0
42.7012,-78.3646,17.0
42.6922,-78.3651,17.0
42.6832,-78.3656,17.0
42.6741,-78.3661,17.0
42.6738,-78.3538,17.0
42.6648,-78.3543,17.0
42.6557,-78.3548,17.0
42.6554,-78.3425,17.0
42.6463,-78.3430,17.0
42.6460,-78.3307,17.0
42.6370,-78.3312,17.0
42.6373,-78.3435,17.0
42.6283,-78.3440,17.0
42.6287,-78.3563,17.0
42.6196,-78.3567,17.0
42.6200,-78.3690,17.0
42.6110,-78.3695,17.0
42.6113,-78.3818,17.0
42.6023,-78.3823,17.0
42.6027,-78.3945,17.0
42.6030,-78.4068,17.0
42.5940,-78.4073,17.0
42.5943,-78.4196,17.0
42.5853,-78.4200,17.0
42.5763,-78.4205,17.0
42.5767,-78.4328,17.0
42.5770,-78.4451,17.0
42.5774,-78.4573,17.0
42.5777,-78.4696,17.0
42.5781,-78.4819,17.0
42.5690,-78.4823,17.0
42.5694,-78.4946,17.0
42.5603,-78.4951,17.0
42.5607,-78.5073,17.0
42.5610,-78.5196,17.0
42.5614,-78.5319,17.0
42.5704,-78.5314,17.0
42.5707,-78.5437,17.0
42.5711,-78.5559,17.0
42.5714,-78.5682,17.0
42.5718,-78.5805,17.0
42.5627,-78.5809,17.0
42.5631,-78.5932,17.0
42.5540,-78.5936,17.0
42.5544,-78.6059,17.0
42.5547,-78.6182,17.0
42.5457,-78.6186,17.0
42.5367,-78.6191,17.0
42.5370,-78.6313,17.0
42.5373,-78.6436,17.0
42.5464,-78.6431,17.0
42.5467,-78.6554,17.0
42.5470,-78.6677,17.0
42.5380,-78.6681,17.0
42.5383,-78.6804,17.0
42.5386,-78.6926,17.0
42.5390,-78.7049,17.0
42.5480,-78.7044,17.0
42.5483,-78.7167,17.0
42.5486,-78.7290,17.0
42.5577,-78.7285,17.0
42.5580,-78.7408,17.0
42.5583,-78.7531,17.0
42.5493,-78.7535,17.0
42.5402,-78.7539,17.0
42.5312,-78.7544,17.0
42.5315,-78.7666,17.0
42.5225,-78.7671,17.0
42.5228,-78.7793,17.0
42.5318,-78.7789,17.0
42.5322,-78.7911,17.0
42.5325,-78.8034,17.0
42.5415,-78.8030,17.0
42.5418,-78.8152,17.0
42.5421,-78.8275,17.0
42.5512,-78.8271,17.0
42.5602,-78.8267,17.0
42.5605,-78.8389,17.0
42.5608,-78.8512,17.0
42.5611,-78.8635,17.0
42.5614,-78.8757,17.0
42.5617,-78.8880,17.0
42.5620,-78.9003,17.0
42.5623,-78.9125,17.0
42.5533,-78.9129,17.0
42.5536,-78.9252,17.0
42.5446,-78.9256,17.0
42.5355,-78.9260,17.0
42.5358,-78.9383,17.0
42.5268,-78.9387,17.0
42.5271,-78.9509,17.0
42.8289,-79.0977,18.0
42.8379,-79.0973,18.0
42.8469,-79.0969,18.0
42.8472,-79.1092,18.0
42.8562,-79.1088,18.0
42.8565,-79.1212,18.0
42.8568,-79.1335,18.0
42.8658,-79.1331,18.0
42.8661,-79.1454,18.0
42.8664,-79.1578,18.0
42.8667,-79.1701,18.0
42.8669,-79.1824,18.0
42.8579,-79.1828,18.0
42.8582,-79.1951,18.0
42.8672,-79.1947,18.0
42.8675,-79.2071,18.0
42.8677,-79.2194,18.0
42.8680,-79.2317,18.0
42.8683,-79.2440,18.0
42.8685,-79.2564,18.0
42.8688,-79.2687,18.0
42.8598,-79.2691,18.0
42.8600,-79.2814,18.0
42.8691,-79.2810,18.0
42.8693,-79.2934,18.0
42.8696,-79.3057,18.0
42.8699,-79.3180,18.0
42.8608,-79.3184,18.0
42.8611,-79.3307,18.0
42.8521,-79.3311,18.0
42.8523,-79.3434,18.0
42.8526,-79.3557,18.0
42.8616,-79.3554,18.0
42.8619,-79.3677,18.0
42.8621,-79.3800,18.0
42.8624,-79.3923,18.0
42.8626,-79.4047,18.0
42.8629,-79.4170,18.0
42.8631,-79.4293,18.0
42.8634,-79.4417,18.0
42.8636,-79.4540,18.0
42.8726,-79.4536,18.0
42.8729,-79.4660,18.0
42.8731,-79.4783,18.0
42.8822,-79.4780,18.0
42.8819,-79.4656,18.0
42.8817,-79.4533,18.0
42.8814,-79.4410,18.0
42.8812,-79.4286,18.0
42.8809,-79.4163,18.0
42.8807,-79.4040,18.0
42.8804,-79.3917,18.0
42.8802,-79.3793,18.0
42.8799,-79.3670,18.0
42.8797,-79.3547,18.0
42.8794,-79.3423,18.0
42.8792,-79.3300,18.0
42.8789,-79.3177,18.0
42.8786,-79.3053,18.0
42.8877,-79.3050,18.0
42.8874,-79.2926,18.0
42.8871,-79.2803,18.0
42.8962,-79.2800,18.0
42.8959,-79.2676,18.0
42.8956,-79.2553,18.0
42.9047,-79.2549,18.0
42.9044,-79.2426,18.0
42.9041,-79.2302,18.0
42.9039,-79.2179,18.0
42.9036,-79.2056,18.0
42.9033,-79.1932,18.0
42.9124,-79.1929,18.0
42.9121,-79.1805,18.0
42.9030,-79.1809,18.0
42.9028,-79.1686,18.0
42.8937,-79.1690,18.0
42.8935,-79.1566,18.0
42.8844,-79.1570,18.0
42.8842,-79.1447,18.0
42.8751,-79.1450,18.0
42.8748,-79.1327,18.0
42.8746,-79.1204,18.0
42.8655,-79.1208,18.0
42.8653,-79.1084,18.0
42.8650,-79.0961,18.0
42.8647,-79.0838,18.0
42.8644,-79.0715,18.0
42.8734,-79.0711,18.0
42.8731,-79.0587,18.0
42.8729,-79.0464,18.0
42.8819,-79.0460,18.0
42.8816,-79.0337,18.0
42.8906,-79.0333,18.0
42.8903,-79.0210,18.0
42.8900,-79.0086,18.0
42.8991,-79.0082,18.0
42.8988,-78.9959,18.0
42.8985,-78.9836,18.0
42.8982,-78.9712,18.0
42.8892,-78.9716,18.0
42.8889,-78.9593,18.0
42.8886,-78.9470,18.0
42.8883,-78.9346,18.0
42.8880,-78.9223,18.0
42.8789,-78.9227,18.0
42.8699,-78.9231,18.0
42.8702,-78.9355,18.0
42.8705,-78.9478,18.0
42.8708,-78.9601,18.0
42.8711,-78.9724,18.0
42.8621,-78.9729,18.0
42.8624,-78.9852,18.0
42.8627,-78.9975,18.0
42.8630,-79.0098,18.0
42.8632,-79.0222,18.0
42.8635,-79.0345,18.0
42.8545,-79.0349,18.0
42.8548,-79.0472,18.0
42.8458,-79.0476,18.0
42.8461,-79.0599,18.0
42.8551,-79.0595,18.0
42.8554,-79.0719,18.0
42.8463,-79.0722,18.0
42.8466,-79.0846,18.0
42.8376,-79.0850,18.0
42.8286,-79.0853,18.0
42.8289,-79.0977,18.0
42.8308,-79.6278,19.0
42.8398,-79.6275,19.0
42.8488,-79.6272,19.0
42.8491,-79.6395,19.0
42.8581,-79.6392,19.0
42.8671,-79.6389,19.0
42.8674,-79.6512,19.0
42.8676,-79.6636,19.0
42.8766,-79.6633,19.0
42.8768,-79.6756,19.0
42.8859,-79.6753,19.0
42.8861,-79.6876,19.0
42.8863,-79.7000,19.0
42.8865,-79.7123,19.0
42.8868,-79.7246,19.0
42.8870,-79.7370,19.0
42.8872,-79.7493,19.0
42.8874,-79.7616,19.0
42.8964,-79.7613,19.0
42.8966,-79.7737,19.0
42.8969,-79.7860,19.0
42.8971,-79.7984,19.0
42.9061,-79.7981,19.0
42.9063,-79.8104,19.0
42.9065,-79.8227,19.0
42.9067,-79.8351,19.0
42.9069,-79.8474,19.0
42.9160,-79.8471,19.0
42.9162,-79.8595,19.0
42.9164,-79.8718,19.0
42.9166,-79.8842,19.0
42.9256,-79.8839,19.0
42.9258,-79.8962,19.0
42.9260,-79.9086,19.0
42.9350,-79.9083,19.0
42.9352,-79.9207,19.0
42.9354,-79.9330,19.0
42.9445,-79.9327,19.0
42.9446,-79.9451,19.0
42.9537,-79.9448,19.0
42.9539,-79.9572,19.0
42.9629,-79.9569,19.0
42.9631,-79.9692,19.0
42.9721,-79.9690,19.0
42.9723,-79.9813,19.0
42.9633,-79.9816,19.0
42.9635,-79.9939,19.0
42.9637,-80.0063,19.0
42.9727,-80.0060,19.0
42.9729,-80.0184,19.0
42.9731,-80.0307,19.0
42.9821,-80.0305,19.0
42.9823,-80.0429,19.0
42.9825,-80.0552,19.0
42.9734,-80.0555,19.0
42.9736,-80.0678,19.0
42.9646,-80.0681,19.0
42.9648,-80.0804,19.0
42.9557,-80.0806,19.0
42.9467,-80.0809,19.0
42.9469,-80.0932,19.0
42.9470,-80.1056,19.0
42.9561,-80.1053,19.0
42.9563,-80.1177,19.0
42.9653,-80.1175,19.0
42.9655,-80.1298,19.0
42.9656,-80.1422,19.0
42.9747,-80.1419,19.0
42.9748,-80.1543,19.0
42.9839,-80.1540,19.0
42.9840,-80.1664,19.0
42.9842,-80.1787,19.0
42.9844,-80.1911,19.0
42.9753,-80.1913,19.0
42.9755,-80.2037,19.0
42.9757,-80.2160,19.0
42.9758,-80.2284,19.0
42.9760,-80.2407,19.0
42.9762,-80.2531,19.0
42.9763,-80.2655,19.0
42.9765,-80.2778,19.0
42.9766,-80.2902,19.0
42.9768,-80.3025,19.0
42.9858,-80.3023,19.0
42.9860,-80.3147,19.0
42.9950,-80.3144,19.0
43.0041,-80.3142,19.0
43.0042,-80.3266,19.0
43.0132,-80.3264,19.0
43.0134,-80.3387,19.0
43.0135,-80.3511,19.0
43.0226,-80.3509,19.0
43.0227,-80.3633,19.0
43.0229,-80.3756,19.0
43.0319,-80.3754,19.0
43.0321,-80.3878,19.0
43.0411,-80.3876,19.0
43.0501,-80.3874,19.0
43.0503,-80.3998,19.0
43.0593,-80.3996,19.0
43.0684,-80.3994,19.0
43.0774,-80.3992,19.0
43.0775,-80.4115,19.0
43.0777,-80.4239,19.0
43.0867,-80.4237,19.0
43.0958,-80.4235,19.0
43.1048,-80.4233,19.0
43.1049,-80.4357,19.0
43.1051,-80.4481,19.0
43.0960,-80.4483,19.0
43.0962,-80.4607,19.0
43.0871,-80.4609,19.0
43.0873,-80.4732,19.0
43.0963,-80.4730,19.0
43.0964,-80.4854,19.0
43.0966,-80.4978,19.0
43.0967,-80.5102,19.0
43.0877,-80.5104,19.0
43.0878,-80.5227,19.0
43.0879,-80.5351,19.0
43.0881,-80.5475,19.0
43.0882,-80.5599,19.0
43.0792,-80.5600,19.0
43.0793,-80.5724,19.0
43.0794,-80.5848,19.0
43.0795,-80.5972,19.0
43.0886,-80.5970,19.0
43.0887,-80.6094,19.0
43.0888,-80.6218,19.0
43.0889,-80.6341,19.0
43.0891,-80.6465,19.0
43.0892,-80.6589,19.0
43.0982,-80.6587,19.0
43.0983,-80.6711,19.0
43.1074,-80.6709,19.0
43.1164,-80.6708,19.0
43.1163,-80.6584,19.0
43.1253,-80.6582,19.0
43.1344,-80.6581,19.0
43.1434,-80.6579,19.0
43.1524,-80.6578,19.0
43.1615,-80.6576,19.0
43.1705,-80.6574,19.0
43.1796,-80.6573,19.0
43.1886,-80.6571,19.0
43.1976,-80.6570,19.0
43.2067,-80.6568,19.0
43.2157,-80.6566,19.0
43.2247,-80.6565,19.0
43.2249,-80.6689,19.0
43.2339,-80.6687,19.0
43.2340,-80.6811,19.0
43.2430,-80.6810,19.0
43.2432,-80.6934,19.0
43.2522,-80.6932,19.0
43.2523,-80.7056,19.0
43.2614,-80.7055,19.0
43.2615,-80.7179,19.0
43.2705,-80.7177,19.0
43.2706,-80.7302,19.0
43.2796,-80.7300,19.0
43.2798,-80.7424,19.0
43.2888,-80.7423,19.0
43.2889,-80.7547,19.0
43.2890,-80.7671,19.0
43.2980,-80.7670,19.0
43.2982,-80.7794,19.0
43.3072,-80.7792,19.0
43.3162,-80.7791,19.0
43.3163,-80.7915,19.0
43.3254,-80.7914,19.0
43.3344,-80.7912,19.0
43.3345,-80.8037,19.0
43.3435,-80.8035,19.0
43.3526,-80.8034,19.0
43.3616,-80.8033,19.0
43.3707,-80.8031,19.0
43.3797,-80.8030,19.0
43.3887,-80.8028,19.0
43.3978,-80.8027,19.0
43.3979,-80.8151,19.0
43.3980,-80.8276,19.0
43.4070,-80.8274,19.0
43.4071,-80.8399,19.0
43.4162,-80.8397,19.0
43.4252,-80.8396,19.0
43.4342,-80.8395,19.0
43.4343,-80.8519,19.0
43.4434,-80.8518,19.0
43.4435,-80.8642,19.0
43.4525,-80.8641,19.0
43.4615,-80.8640,19.0
43.4706,-80.8638,19.0
43.4796,-80.8637,19.0
43.4797,-80.8762,19.0
43.4798,-80.8886,19.0
43.4888,-80.8885,19.0
43.4889,-80.9010,19.0
43.4890,-80.9134,19.0
43.4891,-80.9259,19.0
43.4892,-80.9383,19.0
43.4982,-80.9382,19.0
43.5073,-80.9381,19.0
43.5074,-80.9506,19.0
43.5164,-80.9504,19.0
43.5163,-80.9380,19.0
43.5254,-80.9379,19.0
43.5344,-80.9377,19.0
43.5434,-80.9376,19.0
43.5433,-80.9252,19.0
43.5524,-80.9250,19.0
43.5614,-80.9249,19.0
43.5613,-80.9124,19.0
43.5704,-80.9123,19.0
43.5794,-80.9122,19.0
43.5885,-80.9121,19.0
43.5885,-80.9245,19.0
43.5976,-80.9244,19.0
43.6066,-80.9243,19.0
43.6065,-80.9118,19.0
43.6156,-80.9117,19.0
43.6246,-80.9116,19.0
43.6245,-80.8991,19.0
43.6336,-80.8989,19.0
43.6335,-80.8865,19.0
43.6425,-80.8863,19.0
43.6424,-80.8738,19.0
43.6514,-80.8737,19.0
43.6605,-80.8736,19.0
43.6606,-80.8861,19.0
43.6696,-80.8859,19.0
43.6787,-80.8858,19.0
43.6877,-80.8857,19.0
43.6967,-80.8856,19.0
43.7058,-80.8854,19.0
43.7148,-80.8853,19.0
43.7147,-80.8728,19.0
43.7146,-80.8603,19.0
43.7237,-80.8602,19.0
43.7236,-80.8476,19.0
43.7235,-80.8351,19.0
43.7234,-80.8226,19.0
43.7324,-80.8225,19.0
43.7323,-80.8100,19.0
43.7413,-80.8098,19.0
43.7412,-80.7973,19.0
43.7503,-80.7972,19.0
43.7593,-80.7970,19.0
43.7592,-80.7845,19.0
43.7682,-80.7844,19.0
43.7681,-80.7719,19.0
43.7772,-80.7717,19.0
43.7862,-80.7716,19.0
43.7861,-80.7591,19.0
43.7952,-80.7589,19.0
43.7950,-80.7464,19.0
43.8041,-80.7462,19.0
43.8131,-80.7461,19.0
43.8222,-80.7459,19.0
43.8312,-80.7458,19.0
43.8402,-80.7456,19.0
43.8493,-80.7455,19.0
43.8492,-80.7330,19.0
43.8491,-80.7204,19.0
43.8581,-80.7203,19.0
43.8580,-80.7077,19.0
43.8670,-80.7076,19.0
43.8761,-80.7074,19.0
43.8851,-80.7073,19.0
43.8941,-80.7071,19.0
43.8940,-80.6946,19.0
43.9031,-80.6944,19.0
43.9029,-80.6819,19.0
43.9120,-80.6817,19.0
43.9119,-80.6691,19.0
43.9209,-80.6690,19.0
43.9299,-80.6688,19.0
43.9298,-80.6563,19.0
43.9389,-80.6561,19.0
43.9479,-80.6559,19.0
43.9478,-80.6434,19.0
43.9568,-80.6432,19.0
43.9567,-80.6307,19.0
43.9566,-80.6181,19.0
43.9565,-80.6056,19.0
43.9474,-80.6057,19.0
43.9473,-80.5932,19.0
43.9382,-80.5933,19.0
43.9381,-80.5808,19.0
43.9291,-80.5810,19.0
43.9290,-80.5684,19.0
43.9288,-80.5559,19.0
43.9287,-80.5433,19.0
43.9286,-80.5308,19.0
43.9376,-80.5306,19.0
43.9375,-80.5180,19.0
43.9465,-80.5178,19.0
43.9464,-80.5053,19.0
43.9554,-80.5051,19.0
43.9553,-80.4925,19.0
43.9643,-80.4924,19.0
43.9642,-80.4798,19.0
43.9640,-80.4672,19.0
43.9731,-80.4670,19.0
43.9821,-80.4669,19.0
43.9820,-80.4543,19.0
43.9910,-80.4541,19.0
43.9912,-80.4667,19.0
44.0002,-80.4665,19.0
44.0003,-80.4790,19.0
44.0005,-80.4916,19.0
44.0095,-80.4914,19.0
44.0185,-80.4912,19.0
44.0276,-80.4910,19.0
44.0366,-80.4908,19.0
44.0365,-80.4783,19.0
44.0455,-80.4781,19.0
44.0454,-80.4655,19.0
44.0452,-80.4529,19.0
44.0543,-80.4527,19.0
44.0541,-80.4401,19.0
44.0632,-80.4400,19.0
44.0630,-80.4274,19.0
44.0721,-80.4272,19.0
44.0811,-80.4270,19.0
44.0810,-80.4144,19.0
44.0900,-80.4142,19.0
44.0990,-80.4140,19.0
44.0989,-80.4014,19.0
44.1079,-80.4012,19.0
44.1170,-80.4010,19.0
44.1168,-80.3884,19.0
44.1258,-80.3882,19.0
44.1349,-80.3880,19.0
44.1439,-80.3878,19.0
44.1530,-80.3876,19.0
44.1531,-80.4002,19.0
44.1621,-80.4000,19.0
44.1712,-80.3998,19.0
44.1713,-80.4124,19.0
44.1804,-80.4122,19.0
44.1802,-80.3996,19.0
44.1893,-80.3993,19.0
44.1891,-80.3867,19.0
44.1981,-80.3865,19.0
44.1980,-80.3739,19.0
44.2070,-80.3737,19.0
44.2069,-80.3611,19.0
44.2159,-80.3609,19.0
44.2158,-80.3483,19.0
44.2248,-80.3481,19.0
44.2246,-80.3355,19.0
44.2337,-80.3352,19.0
44.2427,-80.3350,19.0
44.2426,-80.3224,19.0
44.2516,-80.3222,19.0
44.2514,-80.3096,19.0
44.2424,-80.3098,19.0
44.2422,-80.2972,19.0
44.2332,-80.2974,19.0
44.2331,-80.2848,19.0
44.2240,-80.2850,19.0
44.2239,-80.2724,19.0
44.2148,-80.2726,19.0
44.2058,-80.2728,19.0
44.2056,-80.2602,19.0
44.1966,-80.2605,19.0
44.1964,-80.2479,19.0
44.1874,-80.2481,19.0
44.1783,-80.2483,19.0
44.1693,-80.2485,19.0
44.1603,-80.2488,19.0
44.1512,-80.2490,19.0
44.1422,-80.2492,19.0
44.1332,-80.2495,19.0
44.1333,-80.2621,19.0
44.1243,-80.2623,19.0
44.1153,-80.2625,19.0
44.1062,-80.2627,19.0
44.0972,-80.2630,19.0
44.0970,-80.2504,19.0
44.0880,-80.2506,19.0
44.0878,-80.2380,19.0
44.0788,-80.2382,19.0
44.0786,-80.2257,19.0
44.0696,-80.2259,19.0
44.0605,-80.2261,19.0
44.0604,-80.2135,19.0
44.0513,-80.2138,19.0
44.0423,-80.2140,19.0
44.0421,-80.2014,19.0
44.0420,-80.1889,19.0
44.0418,-80.1763,19.0
44.0328,-80.1765,19.0
44.0326,-80.1640,19.0
44.0324,-80.1514,19.0
44.0234,-80.1516,19.0
44.0232,-80.1391,19.0
44.0142,-80.1393,19.0
44.0051,-80.1396,19.0
44.0053,-80.1521,19.0
43.9963,-80.1524,19.0
43.9964,-80.1649,19.0
43.9874,-80.1652,19.0
43.9784,-80.1654,19.0
43.9785,-80.1780,19.0
43.9695,-80.1782,19.0
43.9605,-80.1784,19.0
43.9514,-80.1787,19.0
43.9513,-80.1661,19.0
43.9422,-80.1664,19.0
43.9332,-80.1666,19.0
43.9330,-80.1541,19.0
43.9240,-80.1543,19.0
43.9149,-80.1545,19.0
43.9059,-80.1548,19.0
43.8969,-80.1550,19.0
43.8970,-80.1676,19.0
43.8880,-80.1678,19.0
43.8882,-80.1803,19.0
43.8791,-80.1806,19.0
43.8701,-80.1808,19.0
43.8611,-80.1810,19.0
43.8520,-80.1813,19.0
43.8430,-80.1815,19.0
43.8428,-80.1690,19.0
43.8338,-80.1692,19.0
43.8248,-80.1695,19.0
43.8246,-80.1569,19.0
43.8155,-80.1572,19.0
43.8065,-80.1574,19.0
43.8063,-80.1449,19.0
43.7973,-80.1451,19.0
43.7883,-80.1454,19.0
43.7881,-80.1329,19.0
43.7791,-80.1331,19.0
43.7700,-80.1333,19.0
43.7698,-80.1208,19.0
43.7697,-80.1083,19.0
43.7695,-80.0958,19.0
43.7693,-80.0833,19.0
43.7603,-80.0835,19.0
43.7601,-80.0710,19.0
43.7511,-80.0713,19.0
43.7420,-80.0715,19.0
43.7418,-80.0590,19.0
43.7416,-80.0465,19.0
43.7326,-80.0468,19.0
43.7324,-80.0342,19.0
43.7234,-80.0345,19.0
43.7144,-80.0348,19.0
43.7145,-80.0473,19.0
43.7055,-80.0475,19.0
43.6965,-80.0478,19.0
43.6967,-80.0603,19.0
43.6876,-80.0605,19.0
43.6878,-80.0730,19.0
43.6788,-80.0733,19.0
43.6697,-80.0735,19.0
43.6699,-80.0860,19.0
43.6609,-80.0863,19.0
43.6518,-80.0865,19.0
43.6517,-80.0740,19.0
43.6426,-80.0743,19.0
43.6424,-80.0618,19.0
43.6334,-80.0620,19.0
43.6244,-80.0623,19.0
43.6242,-80.0498,19.0
43.6152,-80.0501,19.0
43.6150,-80.0376,19.0
43.6059,-80.0378,19.0
43.6057,-80.0254,19.0
43.5967,-80.0256,19.0
43.5877,-80.0259,19.0
43.5786,-80.0261,19.0
43.5788,-80.0386,19.0
43.5698,-80.0389,19.0
43.5700,-80.0513,19.0
43.5609,-80.0516,19.0
43.5611,-80.0641,19.0
43.5521,-80.0643,19.0
43.5523,-80.0768,19.0
43.5432,-80.0770,19.0
43.5434,-80.0895,19.0
43.5344,-80.0897,19.0
43.5253,-80.0900,19.0
43.5255,-80.1025,19.0
43.5165,-80.1027,19.0
43.5074,-80.1029,19.0
43.4984,-80.1032,19.0
43.4894,-80.1034,19.0
43.4895,-80.1159,19.0
43.4805,-80.1161,19.0
43.4715,-80.1164,19.0
43.4624,-80.1166,19.0
43.4534,-80.1169,19.0
43.4536,-80.1293,19.0
43.4445,-80.1296,19.0
43.4447,-80.1420,19.0
43.4357,-80.1422,19.0
43.4359,-80.1547,19.0
43.4268,-80.1549,19.0
43.4270,-80.1674,19.0
43.4180,-80.1676,19.0
43.4089,-80.1678,19.0
43.3999,-80.1681,19.0
43.3908,-80.1683,19.0
43.3818,-80.1685,19.0
43.3816,-80.1561,19.0
43.3815,-80.1437,19.0
43.3724,-80.1439,19.0
43.3723,-80.1315,19.0
43.3721,-80.1190,19.0
43.3630,-80.1193,19.0
43.3629,-80.1069,19.0
43.3538,-80.1071,19.0
43.3537,-80.0947,19.0
43.3535,-80.0822,19.0
43.3444,-80.0825,19.0
43.3354,-80.0827,19.0
43.3356,-80.0952,19.0
43.3265,-80.0954,19.0
43.3175,-80.0956,19.0
43.3177,-80.1081,19.0
43.3087,-80.1083,19.0
43.2996,-80.1086,19.0
43.2906,-80.1088,19.0
43.2815,-80.1090,19.0
43.2814,-80.0966,19.0
43.2723,-80.0969,19.0
43.2722,-80.0845,19.0
43.2720,-80.0720,19.0
43.2629,-80.0723,19.0
43.2628,-80.0599,19.0
43.2626,-80.0475,19.0
43.2535,-80.0477,19.0
43.2534,-80.0353,19.0
43.2443,-80.0356,19.0
43.2441,-80.0232,19.0
43.2351,-80.0234,19.0
43.2349,-80.0110,19.0
43.2259,-80.0113,19.0
43.2257,-79.9989,19.0
43.2255,-79.9865,19.0
43.2165,-79.9867,19.0
43.2163,-79.9743,19.0
43.2072,-79.9746,19.0
43.1982,-79.9748,19.0
43.1892,-79.9751,19.0
43.1801,-79.9754,19.0
43.1711,-79.9756,19.0
43.1621,-79.9759,19.0
43.1619,-79.9635,19.0
43.1528,-79.9638,19.0
43.1438,-79.9640,19.0
43.1348,-79.9643,19.0
43.1346,-79.9519,19.0
43.1255,-79.9522,19.0
43.1253,-79.9398,19.0
43.1163,-79.9400,19.0
43.1073,-79.9403,19.0
43.1071,-79.9279,19.0
43.0980,-79.9282,19.0
43.0979,-79.9158,19.0
43.0888,-79.9161,19.0
43.0886,-79.9037,19.0
43.0796,-79.9040,19.0
43.0794,-79.8916,19.0
43.0704,-79.8919,19.0
43.0702,-79.8795,19.0
43.0611,-79.8798,19.0
43.0609,-79.8674,19.0
43.0519,-79.8677,19.0
43.0517,-79.8553,19.0
43.0426,-79.8556,19.0
43.0336,-79.8559,19.0
43.0334,-79.8435,19.0
43.0244,-79.8438,19.0
43.0153,-79.8441,19.0
43.0063,-79.8444,19.0
42.9973,-79.8446,19.0
42.9975,-79.8570,19.0
42.9884,-79.8573,19.0
42.9794,-79.8575,19.0
42.9792,-79.8452,19.0
42.9790,-79.8328,19.0
42.9788,-79.8205,19.0
42.9786,-79.8081,19.0
42.9695,-79.8084,19.0
42.9693,-79.7961,19.0
42.9784,-79.7958,19.0
42.9782,-79.7834,19.0
42.9780,-79.7711,19.0
42.9689,-79.7714,19.0
42.9599,-79.7717,19.0
42.9508,-79.7719,19.0
42.9506,-79.7596,19.0
42.9416,-79.7599,19.0
42.9414,-79.7475,19.0
42.9412,-79.7352,19.0
42.9410,-79.7229,19.0
42.9500,-79.7226,19.0
42.9498,-79.7102,19.0
42.9588,-79.7099,19.0
42.9586,-79.6976,19.0
42.9584,-79.6852,19.0
42.9581,-79.6729,19.0
42.9579,-79.6605,19.0
42.9489,-79.6608,19.0
42.9487,-79.6485,19.0
42.9396,-79.6488,19.0
42.9394,-79.6364,19.0
42.9392,-79.6241,19.0
42.9390,-79.6118,19.0
42.9387,-79.5994,19.0
42.9297,-79.5997,19.0
42.9207,-79.6000,19.0
42.9204,-79.5877,19.0
42.9114,-79.5880,19.0
42.9112,-79.5757,19.0
42.9021,-79.5760,19.0
42.9019,-79.5637,19.0
42.9017,-79.5513,19.0
42.8926,-79.5516,19.0
42.8924,-79.5393,19.0
42.8922,-79.5270,19.0
42.9012,-79.5267,19.0
42.9010,-79.5143,19.0
42.9007,-79.5020,19.0
42.8917,-79.5023,19.0
42.8914,-79.4900,19.0
42.8824,-79.4903,19.0
42.8822,-79.4780,19.0
42.8731,-79.4783,19.0
42.8729,-79.4660,19.0
42.8726,-79.4536,19.0
42.8636,-79.4540,19.0
42.8546,-79.4543,19.0
42.8548,-79.4666,19.0
42.8458,-79.4670,19.0
42.8460,-79.4793,19.0
42.8370,-79.4796,19.0
42.8372,-79.4920,19.0
42.8375,-79.5043,19.0
42.8465,-79.5039,19.0
42.8468,-79.5163,19.0
42.8470,-79.5286,19.0
42.8380,-79.5289,19.0
42.8382,-79.5412,19.0
42.8384,-79.5536,19.0
42.8475,-79.5532,19.0
42.8477,-79.5656,19.0
42.8479,-79.5779,19.0
42.8482,-79.5902,19.0
42.8484,-79.6026,19.0
42.8394,-79.6029,19.0
42.8303,-79.6032,19.0
42.8306,-79.6155,19.0
42.8308,-79.6278,19.0
42.5419,-80.2267,20.0
42.5510,-80.2265,20.0
42.5511,-80.2387,20.0
42.5513,-80.2510,20.0
42.5514,-80.2633,20.0
42.5516,-80.2755,20.0
42.5606,-80.2753,20.0
42.5608,-80.2876,20.0
42.5609,-80.2999,20.0
42.5611,-80.3121,20.0
42.5612,-80.3244,20.0
42.5614,-80.3367,20.0
42.5704,-80.3365,20.0
42.5706,-80.3487,20.0
42.5707,-80.3610,20.0
42.5709,-80.3733,20.0
42.5710,-80.3856,20.0
42.5801,-80.3854,20.0
42.5802,-80.3976,20.0
42.5803,-80.4099,20.0
42.5805,-80.4222,20.0
42.5715,-80.4224,20.0
42.5716,-80.4347,20.0
42.5717,-80.4469,20.0
42.5719,-80.4592,20.0
42.5720,-80.4715,20.0
42.5721,-80.4837,20.0
42.5723,-80.4960,20.0
42.5724,-80.5083,20.0
42.5725,-80.5206,20.0
42.5727,-80.5328,20.0
42.5728,-80.5451,20.0
42.5729,-80.5574,20.0
42.5730,-80.5697,20.0
42.5732,-80.5819,20.0
42.5733,-80.5942,20.0
42.5734,-80.6065,20.0
42.5825,-80.6063,20.0
42.5826,-80.6186,20.0
42.5827,-80.6309,20.0
42.5828,-80.6432,20.0
42.5918,-80.6430,20.0
42.5920,-80.6553,20.0
42.5921,-80.6675,20.0
42.6011,-80.6674,20.0
42.6012,-80.6797,20.0
42.6013,-80.6920,20.0
42.6015,-80.7042,20.0
42.6105,-80.7041,20.0
42.6106,-80.7164,20.0
42.6196,-80.7162,20.0
42.6198,-80.7285,20.0
42.6199,-80.7408,20.0
42.6200,-80.7531,20.0
42.6290,-80.7529,20.0
42.6291,-80.7652,20.0
42.6381,-80.7651,20.0
42.6382,-80.7774,20.0
42.6384,-80.7896,20.0
42.6385,-80.8019,20.0
42.6475,-80.8018,20.0
42.6476,-80.8141,20.0
42.6477,-80.8264,20.0
42.6478,-80.8387,20.0
42.6479,-80.8509,20.0
42.6480,-80.8632,20.0
42.6481,-80.8755,20.0
42.6571,-80.8754,20.0
42.6572,-80.8877,20.0
42.6573,-80.9000,20.0
42.6574,-80.9123,20.0
42.6575,-80.9246,20.0
42.6576,-80.9369,20.0
42.6576,-80.9491,20.0
42.6577,-80.9614,20.0
42.6578,-80.9737,20.0
42.6579,-80.9860,20.0
42.6580,-80.9983,20.0
42.6489,-80.9984,20.0
42.6490,-81.0107,20.0
42.6491,-81.0230,20.0
42.6581,-81.0229,20.0
42.6582,-81.0352,20.0
42.6583,-81.0475,20.0
42.6583,-81.0598,20.0
42.6584,-81.0721,20.0
42.6585,-81.0844,20.0
42.6586,-81.0966,20.0
42.6586,-81.1089,20.0
42.6587,-81.1212,20.0
42.6588,-81.1335,20.0
42.6588,-81.1458,20.0
42.6589,-81.1581,20.0
42.6589,-81.1704,20.0
42.6590,-81.1827,20.0
42.6591,-81.1950,20.0
42.6591,-81.2073,20.0
42.6592,-81.2196,20.0
42.6592,-81.2319,20.0
42.6593,-81.2441,20.0
42.6593,-81.2564,20.0
42.6684,-81.2564,20.0
42.6684,-81.2687,20.0
42.6775,-81.2686,20.0
42.6865,-81.2685,20.0
42.6955,-81.2685,20.0
42.7046,-81.2684,20.0
42.7136,-81.2683,20.0
42.7227,-81.2682,20.0
42.7226,-81.2559,20.0
42.7317,-81.2559,20.0
42.7407,-81.2558,20.0
42.7406,-81.2435,20.0
42.7497,-81.2434,20.0
42.7496,-81.2311,20.0
42.7587,-81.2310,20.0
42.7677,-81.2310,20.0
42.7678,-81.2433,20.0
42.7768,-81.2432,20.0
42.7769,-81.2555,20.0
42.7769,-81.2678,20.0
42.7770,-81.2802,20.0
42.7770,-81.2925,20.0
42.7770,-81.3048,20.0
42.7771,-81.3171,20.0
42.7861,-81.3170,20.0
42.7952,-81.3170,20.0
42.7951,-81.3047,20.0
42.8042,-81.3046,20.0
42.8132,-81.3045,20.0
42.8133,-81.3169,20.0
42.8223,-81.3168,20.0
42.8223,-81.3291,20.0
42.8314,-81.3291,20.0
42.8314,-81.3414,20.0
42.8315,-81.3537,20.0
42.8405,-81.3536,20.0
42.8405,-81.3660,20.0
42.8496,-81.3659,20.0
42.8586,-81.3659,20.0
42.8677,-81.3658,20.0
42.8767,-81.3658,20.0
42.8767,-81.3534,20.0
42.8857,-81.3534,20.0
42.8857,-81.3410,20.0
42.8856,-81.3287,20.0
42.8856,-81.3164,20.0
42.8855,-81.3040,20.0
42.8855,-81.2917,20.0
42.8854,-81.2793,20.0
42.8854,-81.2670,20.0
42.8853,-81.2547,20.0
42.8853,-81.2423,20.0
42.8852,-81.2300,20.0
42.8852,-81.2177,20.0
42.8851,-81.2053,20.0
42.8850,-81.1930,20.0
42.8941,-81.1929,20.0
42.8940,-81.1806,20.0
42.8940,-81.1682,20.0
42.9030,-81.1681,20.0
42.9029,-81.1558,20.0
42.9029,-81.1435,20.0
42.9119,-81.1434,20.0
42.9119,-81.1310,20.0
42.9118,-81.1187,20.0
42.9208,-81.1186,20.0
42.9208,-81.1063,20.0
42.9207,-81.0939,20.0
42.9206,-81.0816,20.0
42.9205,-81.0692,20.0
42.9205,-81.0569,20.0
42.9204,-81.0445,20.0
42.9294,-81.0444,20.0
42.9294,-81.0321,20.0
42.9384,-81.0320,20.0
42.9383,-81.0196,20.0
42.9382,-81.0073,20.0
42.9382,-80.9949,20.0
42.9291,-80.9951,20.0
42.9291,-80.9827,20.0
42.9290,-80.9704,20.0
42.9289,-80.9580,20.0
42.9288,-80.9457,20.0
42.9287,-80.9333,20.0
42.9286,-80.9210,20.0
42.9285,-80.9086,20.0
42.9195,-80.9088,20.0
42.9194,-80.8964,20.0
42.9193,-80.8841,20.0
42.9103,-80.8842,20.0
42.9012,-80.8843,20.0
42.9011,-80.8720,20.0
42.9011,-80.8596,20.0
42.9101,-80.8595,20.0
42.9100,-80.8472,20.0
42.9099,-80.8348,20.0
42.9189,-80.8347,20.0
42.9188,-80.8224,20.0
42.9279,-80.8222,20.0
42.9278,-80.8099,20.0
42.9368,-80.8097,20.0
42.9367,-80.7974,20.0
42.9458,-80.7973,20.0
42.9548,-80.7971,20.0
42.9547,-80.7848,20.0
42.9637,-80.7846,20.0
42.9636,-80.7723,20.0
42.9727,-80.7721,20.0
42.9726,-80.7598,20.0
42.9725,-80.7474,20.0
42.9723,-80.7351,20.0
42.9814,-80.7349,20.0
42.9813,-80.7226,20.0
42.9903,-80.7224,20.0
42.9902,-80.7101,20.0
42.9992,-80.7099,20.0
43.0083,-80.7098,20.0
43.0173,-80.7096,20.0
43.0264,-80.7095,20.0
43.0354,-80.7093,20.0
43.0444,-80.7092,20.0
43.0535,-80.7090,20.0
43.0534,-80.6966,20.0
43.0532,-80.6843,20.0
43.0623,-80.6841,20.0
43.0622,-80.6717,20.0
43.0712,-80.6716,20.0
43.0711,-80.6592,20.0
43.0801,-80.6590,20.0
43.0892,-80.6589,20.0
43.0891,-80.6465,20.0
43.0889,-80.6341,20.0
43.0888,-80.6218,20.0
43.0887,-80.6094,20.0
43.0886,-80.5970,20.0
43.0795,-80.5972,20.0
43.0794,-80.5848,20.0
43.0793,-80.5724,20.0
43.0792,-80.5600,20.0
43.0882,-80.5599,20.0
43.0881,-80.5475,20.0
43.0879,-80.5351,20.0
43.0878,-80.5227,20.0
43.0877,-80.5104,20.0
43.0967,-80.5102,20.0
43.0966,-80.4978,20.0
43.0964,-80.4854,20.0
43.0963,-80.4730,20.0
43.0873,-80.4732,20.0
43.0871,-80.4609,20.0
43.0962,-80.4607,20.0
43.0960,-80.4483,20.0
43.1051,-80.4481,20.0
43.1049,-80.4357,20.0
43.1048,-80.4233,20.0
43.0958,-80.4235,20.0
43.0867,-80.4237,20.0
43.0777,-80.4239,20.0
43.0775,-80.4115,20.0
43.0774,-80.3992,20.0
43.0684,-80.3994,20.0
43.0593,-80.3996,20.0
43.0503,-80.3998,20.0
43.0501,-80.3874,20.0
43.0411,-80.3876,20.0
43.0321,-80.3878,20.0
43.0319,-80.3754,20.0
43.0229,-80.3756,20.0
43.0227,-80.3633,20.0
43.0226,-80.3509,20.0
43.0135,-80.3511,20.0
43.0134,-80.3387,20.0
43.0132,-80.3264,20.0
43.0042,-80.3266,20.0
43.0041,-80.3142,20.0
42.9950,-80.3144,20.0
42.9860,-80.3147,20.0
42.9858,-80.3023,20.0
42.9768,-80.3025,20.0
42.9766,-80.2902,20.0
42.9765,-80.2778,20.0
42.9763,-80.2655,20.0
42.9762,-80.2531,20.0
42.9760,-80.2407,20.0
42.9758,-80.2284,20.0
42.9757,-80.2160,20.0
42.9755,-80.2037,20.0
42.9753,-80.1913,20.0
42.9844,-80.1911,20.0
42.9842,-80.1787,20.0
42.9840,-80.1664,20.0
42.9839,-80.1540,20.0
42.9748,-80.1543,20.0
42.9747,-80.1419,20.0
42.9656,-80.1422,20.0
42.9655,-80.1298,20.0
42.9653,-80.1175,20.0
42.9563,-80.1177,20.0
42.9561,-80.1053,20.0
42.9470,-80.1056,20.0
42.9469,-80.0932,20.0
42.9467,-80.0809,20.0
42.9557,-80.0806,20.0
42.9648,-80.0804,20.0
42.9646,-80.0681,20.0
42.9736,-80.0678,20.0
42.9734,-80.0555,20.0
42.9825,-80.0552,20.0
42.9823,-80.0429,20.0
42.9821,-80.0305,20.0
42.9731,-80.0307,20.0
42.9729,-80.0184,20.0
42.9727,-80.0060,20.0
42.9637,-80.0063,20.0
42.9635,-79.9939,20.0
42.9633,-79.9816,20.0
42.9723,-79.9813,20.0
42.9721,-79.9690,20.0
42.9631,-79.9692,20.0
42.9629,-79.9569,20.0
42.9539,-79.9572,20.0
42.9537,-79.9448,20.0
42.9446,-79.9451,20.0
42.9445,-79.9327,20.0
42.9354,-79.9330,20.0
42.9352,-79.9207,20.0
42.9350,-79.9083,20.0
42.9260,-79.9086,20.0
42.9258,-79.8962,20.0
42.9256,-79.8839,20.0
42.9166,-79.8842,20.0
42.9164,-79.8718,20.0
42.9162,-79.8595,20.0
42.9160,-79.8471,20.0
42.9069,-79.8474,20.0
42.9067,-79.8351,20.0
42.9065,-79.8227,20.0
42.9063,-79.8104,20.0
42.9061,-79.7981,20.0
42.8971,-79.7984,20.0
42.8969,-79.7860,20.0
42.8966,-79.7737,20.0
42.8964,-79.7613,20.0
42.8874,-79.7616,20.0
42.8872,-79.7493,20.0
42.8870,-79.7370,20.0
42.8868,-79.7246,20.0
42.8865,-79.7123,20.0
42.8863,-79.7000,20.0
42.8861,-79.6876,20.0
42.8859,-79.6753,20.0
42.8768,-79.6756,20.0
42.8766,-79.6633,20.0
42.8676,-79.6636,20.0
42.8674,-79.6512,20.0
42.8671,-79.6389,20.0
42.8581,-79.6392,20.0
42.8491,-79.6395,20.0
42.8488,-79.6272,20.0
42.8398,-79.6275,20.0
42.8308,-79.6278,20.0
42.8310,-79.6401,20.0
42.8400,-79.6398,20.0
42.8403,-79.6522,20.0
42.8405,-79.6645,20.0
42.8495,-79.6642,20.0
42.8497,-79.6765,20.0
42.8500,-79.6888,20.0
42.8502,-79.7012,20.0
42.8504,-79.7135,20.0
42.8506,-79.7258,20.0
42.8508,-79.7381,20.0
42.8418,-79.7384,20.0
42.8420,-79.7508,20.0
42.8330,-79.7510,20.0
42.8332,-79.7634,20.0
42.8334,-79.7757,20.0
42.8336,-79.7880,20.0
42.8338,-79.8003,20.0
42.8340,-79.8127,20.0
42.8250,-79.8129,20.0
42.8252,-79.8253,20.0
42.8254,-79.8376,20.0
42.8164,-79.8379,20.0
42.8166,-79.8502,20.0
42.8168,-79.8625,20.0
42.8170,-79.8748,20.0
42.8172,-79.8872,20.0
42.8081,-79.8874,20.0
42.8083,-79.8997,20.0
42.8174,-79.8995,20.0
42.8176,-79.9118,20.0
42.8178,-79.9241,20.0
42.8180,-79.9364,20.0
42.8089,-79.9367,20.0
42.8091,-79.9490,20.0
42.8001,-79.9493,20.0
42.8003,-79.9616,20.0
42.8005,-79.9739,20.0
42.7914,-79.9742,20.0
42.7916,-79.9865,20.0
42.7918,-79.9988,20.0
42.8008,-79.9985,20.0
42.8010,-80.0109,20.0
42.8012,-80.0232,20.0
42.8014,-80.0355,20.0
42.7924,-80.0357,20.0
42.7925,-80.0481,20.0
42.7927,-80.0604,20.0
42.7929,-80.0727,20.0
42.7839,-80.0729,20.0
42.7840,-80.0853,20.0
42.7842,-80.0976,20.0
42.7844,-80.1099,20.0
42.7846,-80.1222,20.0
42.7847,-80.1345,20.0
42.7849,-80.1468,20.0
42.7851,-80.1591,20.0
42.7852,-80.1715,20.0
42.7854,-80.1838,20.0
42.7856,-80.1961,20.0
42.7765,-80.1963,20.0
42.7767,-80.2086,20.0
42.7769,-80.2209,20.0
42.7678,-80.2212,20.0
42.7680,-80.2335,20.0
42.7590,-80.2337,20.0
42.7591,-80.2460,20.0
42.7501,-80.2462,20.0
42.7502,-80.2585,20.0
42.7412,-80.2587,20.0
42.7322,-80.2590,20.0
42.7323,-80.2713,20.0
42.7325,-80.2836,20.0
42.7235,-80.2838,20.0
42.7144,-80.2840,20.0
42.7146,-80.2963,20.0
42.7055,-80.2965,20.0
42.7057,-80.3088,20.0
42.6966,-80.3090,20.0
42.6968,-80.3213,20.0
42.6878,-80.3215,20.0
42.6787,-80.3217,20.0
42.6697,-80.3219,20.0
42.6607,-80.3221,20.0
42.6516,-80.3223,20.0
42.6426,-80.3226,20.0
42.6427,-80.3348,20.0
42.6337,-80.3350,20.0
42.6338,-80.3473,20.0
42.6429,-80.3471,20.0
42.6519,-80.3469,20.0
42.6521,-80.3592,20.0
42.6522,-80.3715,20.0
42.6524,-80.3838,20.0
42.6614,-80.3836,20.0
42.6615,-80.3959,20.0
42.6525,-80.3961,20.0
42.6526,-80.4084,20.0
42.6436,-80.4086,20.0
42.6438,-80.4208,20.0
42.6347,-80.4210,20.0
42.6349,-80.4333,20.0
42.6258,-80.4335,20.0
42.6260,-80.4458,20.0
42.6169,-80.4460,20.0
42.6079,-80.4462,20.0
42.5988,-80.4464,20.0
42.5898,-80.4466,20.0
42.5897,-80.4343,20.0
42.5987,-80.4341,20.0
42.5986,-80.4218,20.0
42.5984,-80.4095,20.0
42.5983,-80.3972,20.0
42.5892,-80.3974,20.0
42.5891,-80.3852,20.0
42.5890,-80.3729,20.0
42.5980,-80.3727,20.0
42.5978,-80.3604,20.0
42.5977,-80.3481,20.0
42.5975,-80.3359,20.0
42.5974,-80.3236,20.0
42.5972,-80.3113,20.0
42.6063,-80.3111,20.0
42.6061,-80.2988,20.0
42.6152,-80.2986,20.0
42.6242,-80.2984,20.0
42.6240,-80.2861,20.0
42.6150,-80.2863,20.0
42.6060,-80.2865,20.0
42.6058,-80.2743,20.0
42.5968,-80.2745,20.0
42.5966,-80.2622,20.0
42.5876,-80.2624,20.0
42.5786,-80.2626,20.0
42.5784,-80.2503,20.0
42.5694,-80.2506,20.0
42.5692,-80.2383,20.0
42.5690,-80.2260,20.0
42.5689,-80.2137,20.0
42.5687,-80.2015,20.0
42.5597,-80.2017,20.0
42.5595,-80.1894,20.0
42.5593,-80.1772,20.0
42.5684,-80.1769,20.0
42.5682,-80.1647,20.0
42.5680,-80.1524,20.0
42.5771,-80.1522,20.0
42.5772,-80.1644,20.0
42.5863,-80.1642,20.0
42.5861,-80.1519,20.0
42.5859,-80.1396,20.0
42.5769,-80.1399,20.0
42.5679,-80.1401,20.0
42.5677,-80.1278,20.0
42.5587,-80.1281,20.0
42.5585,-80.1158,20.0
42.5583,-80.1035,20.0
42.5581,-80.0913,20.0
42.5580,-80.0790,20.0
42.5578,-80.0667,20.0
42.5488,-80.0670,20.0
42.5486,-80.0547,20.0
42.5395,-80.0549,20.0
42.5397,-80.0672,20.0
42.5399,-80.0795,20.0
42.5401,-80.0917,20.0
42.5402,-80.1040,20.0
42.5404,-80.1163,20.0
42.5406,-80.1285,20.0
42.5408,-80.1408,20.0
42.5409,-80.1531,20.0
42.5411,-80.1653,20.0
42.5413,-80.1776,20.0
42.5414,-80.1899,20.0
42.5416,-80.2021,20.0
42.5418,-80.2144,20.0
42.5419,-80.2267,20.0
41.7253,-82.6928,21.0
41.7344,-82.6929,21.0
41.7434,-82.6930,21.0
41.7525,-82.6932,21.0
41.7615,-82.6933,21.0
41.7705,-82.6934,21.0
41.7796,-82.6936,21.0
41.7886,-82.6937,21.0
41.7976,-82.6938,21.0
41.8067,-82.6940,21.0
41.8068,-82.6818,21.0
41.7977,-82.6817,21.0
41.7978,-82.6696,21.0
41.8069,-82.6697,21.0
41.8070,-82.6576,21.0
41.8160,-82.6577,21.0
41.8161,-82.6456,21.0
41.8162,-82.6335,21.0
41.8072,-82.6333,21.0
41.7981,-82.6332,21.0
41.7891,-82.6331,21.0
41.7890,-82.6452,21.0
41.7800,-82.6451,21.0
41.7709,-82.6449,21.0
41.7710,-82.6328,21.0
41.7620,-82.6327,21.0
41.7529,-82.6326,21.0
41.7439,-82.6324,21.0
41.7438,-82.6446,21.0
41.7437,-82.6567,21.0
41.7436,-82.6688,21.0
41.7346,-82.6687,21.0
41.7255,-82.6685,21.0
41.7254,-82.6806,21.0
41.7253,-82.6928,21.0
41.9075,-82.5133,21.2
41.9165,-82.5134,21.2
41.9256,-82.5135,21.2
41.9346,-82.5136,21.2
41.9345,-82.5257,21.2
41.9435,-82.5259,21.2
41.9526,-82.5260,21.2
41.9525,-82.5381,21.2
41.9615,-82.5382,21.2
41.9706,-82.5383,21.2
41.9705,-82.5505,21.2
41.9795,-82.5506,21.2
41.9886,-82.5507,21.2
41.9885,-82.5629,21.2
41.9975,-82.5630,21.2
41.9974,-82.5752,21.2
42.0065,-82.5753,21.2
42.0064,-82.5875,21.2
42.0154,-82.5876,21.2
42.0153,-82.5997,21.2
42.0244,-82.5999,21.2
42.0243,-82.6120,21.2
42.0242,-82.6242,21.2
42.0241,-82.6364,21.2
42.0240,-82.6485,21.2
42.0239,-82.6607,21.2
42.0329,-82.6608,21.2
42.0328,-82.6730,21.2
42.0327,-82.6852,21.2
42.0237,-82.6850,21.2
42.0236,-82.6972,21.2
42.0235,-82.7094,21.2
42.0234,-82.7215,21.2
42.0233,-82.7337,21.2
42.0143,-82.7336,21.2
42.0142,-82.7457,21.2
42.0140,-82.7579,21.2
42.0050,-82.7578,21.2
42.0049,-82.7699,21.2
42.0048,-82.7821,21.2
42.0047,-82.7943,21.2
41.9956,-82.7941,21.2
41.9955,-82.8063,21.2
41.9954,-82.8184,21.2
41.9864,-82.8183,21.2
41.9863,-82.8304,21.2
41.9862,-82.8426,21.2
41.9860,-82.8548,21.2
41.9859,-82.8669,21.2
41.9858,-82.8791,21.2
41.9857,-82.8912,21.2
41.9766,-82.8911,21.2
41.9765,-82.9032,21.2
41.9764,-82.9154,21.2
41.9763,-82.9275,21.2
41.9761,-82.9397,21.2
41.9760,-82.9519,21.2
41.9851,-82.9520,21.2
41.9849,-82.9642,21.2
41.9940,-82.9644,21.2
41.9938,-82.9765,21.2
42.0029,-82.9767,21.2
42.0027,-82.9889,21.2
42.0118,-82.9890,21.2
42.0116,-83.0012,21.2
42.0115,-83.0134,21.2
42.0114,-83.0255,21.2
42.0204,-83.0257,21.2
42.0203,-83.0379,21.2
42.0201,-83.0501,21.2
42.0292,-83.0502,21.2
42.0290,-83.0624,21.2
42.0289,-83.0746,21.2
42.0288,-83.0867,21.2
42.0286,-83.0989,21.2
42.0376,-83.0991,21.2
42.0375,-83.1113,21.2
42.0465,-83.1115,21.2
42.0464,-83.1236,21.2
42.0554,-83.1238,21.2
42.0645,-83.1240,21.2
42.0735,-83.1242,21.2
42.0825,-83.1244,21.2
42.0916,-83.1246,21.2
42.1006,-83.1248,21.2
42.1097,-83.1250,21.2
42.1187,-83.1252,21.2
42.1277,-83.1254,21.2
42.1368,-83.1256,21.2
42.1458,-83.1258,21.2
42.1548,-83.1260,21.2
42.1550,-83.1138,21.2
42.1640,-83.1140,21.2
42.1642,-83.1018,21.2
42.1732,-83.1020,21.2
42.1731,-83.1142,21.2
42.1821,-83.1144,21.2
42.1911,-83.1146,21.2
42.1913,-83.1024,21.2
42.2003,-83.1026,21.2
42.2002,-83.1148,21.2
42.2092,-83.1150,21.2
42.2182,-83.1152,21.2
42.2273,-83.1154,21.2
42.2363,-83.1156,21.2
42.2454,-83.1158,21.2
42.2544,-83.1160,21.2
42.2634,-83.1162,21.2
42.2636,-83.1040,21.2
42.2726,-83.1042,21.2
42.2816,-83.1044,21.2
42.2818,-83.0921,21.2
42.2908,-83.0923,21.2
42.2999,-83.0925,21.2
42.3000,-83.0803,21.2
42.3090,-83.0805,21.2
42.3092,-83.0683,21.2
42.3093,-83.0561,21.2
42.3095,-83.0438,21.2
42.3185,-83.0440,21.2
42.3186,-83.0318,21.2
42.3188,-83.0196,21.2
42.3189,-83.0074,21.2
42.3190,-82.9951,21.2
42.3192,-82.9829,21.2
42.3282,-82.9831,21.2
42.3283,-82.9709,21.2
42.3285,-82.9586,21.2
42.3375,-82.9588,21.2
42.3376,-82.9466,21.2
42.3378,-82.9344,21.2
42.3287,-82.9342,21.2
42.3289,-82.9220,21.2
42.3198,-82.9218,21.2
42.3199,-82.9096,21.2
42.3109,-82.9094,21.2
42.3019,-82.9092,21.2
42.2928,-82.9091,21.2
42.2838,-82.9089,21.2
42.2748,-82.9087,21.2
42.2657,-82.9086,21.2
42.2567,-82.9084,21.2
42.2566,-82.9206,21.2
42.2475,-82.9204,21.2
42.2385,-82.9203,21.2
42.2294,-82.9201,21.2
42.2293,-82.9323,21.2
42.2203,-82.9321,21.2
42.2112,-82.9320,21.2
42.2022,-82.9318,21.2
42.1932,-82.9316,21.2
42.1933,-82.9194,21.2
42.1934,-82.9072,21.2
42.1844,-82.9070,21.2
42.1845,-82.8948,21.2
42.1755,-82.8947,21.2
42.1756,-82.8825,21.2
42.1666,-82.8823,21.2
42.1667,-82.8701,21.2
42.1576,-82.8700,21.2
42.1578,-82.8578,21.2
42.1487,-82.8576,21.2
42.1488,-82.8454,21.2
42.1398,-82.8453,21.2
42.1399,-82.8331,21.2
42.1309,-82.8329,21.2
42.1218,-82.8328,21.2
42.1220,-82.8206,21.2
42.1129,-82.8204,21.2
42.1130,-82.8082,21.2
42.1040,-82.8081,21.2
42.1041,-82.7959,21.2
42.1042,-82.7837,21.2
42.0952,-82.7836,21.2
42.0953,-82.7714,21.2
42.0862,-82.7712,21.2
42.0864,-82.7591,21.2
42.0865,-82.7469,21.2
42.0866,-82.7347,21.2
42.0867,-82.7225,21.2
42.0868,-82.7103,21.2
42.0777,-82.7102,21.2
42.0778,-82.6980,21.2
42.0779,-82.6858,21.2
42.0780,-82.6737,21.2
42.0781,-82.6615,21.2
42.0782,-82.6493,21.2
42.0783,-82.6371,21.2
42.0874,-82.6373,21.2
42.0875,-82.6251,21.2
42.0876,-82.6129,21.2
42.0966,-82.6130,21.2
42.0967,-82.6008,21.2
42.0968,-82.5887,21.2
42.1058,-82.5888,21.2
42.1149,-82.5889,21.2
42.1149,-82.5767,21.2
42.1150,-82.5645,21.2
42.1151,-82.5524,21.2
42.1242,-82.5525,21.2
42.1242,-82.5403,21.2
42.1243,-82.5281,21.2
42.1244,-82.5159,21.2
42.1245,-82.5037,21.2
42.1246,-82.4915,21.2
42.1336,-82.4916,21.2
42.1337,-82.4794,21.2
42.1338,-82.4673,21.2
42.1428,-82.4674,21.2
42.1429,-82.4552,21.2
42.1430,-82.4430,21.2
42.1520,-82.4431,21.2
42.1521,-82.4309,21.2
42.1611,-82.4310,21.2
42.1612,-82.4188,21.2
42.1612,-82.4066,21.2
42.1703,-82.4067,21.2
42.1704,-82.3945,21.2
42.1794,-82.3946,21.2
42.1795,-82.3824,21.2
42.1885,-82.3825,21.2
42.1886,-82.3703,21.2
42.1976,-82.3704,21.2
42.1977,-82.3582,21.2
42.1977,-82.3460,21.2
42.2068,-82.3461,21.2
42.2068,-82.3339,21.2
42.2069,-82.3217,21.2
42.2159,-82.3217,21.2
42.2160,-82.3095,21.2
42.2161,-82.2973,21.2
42.2161,-82.2851,21.2
42.2162,-82.2729,21.2
42.2162,-82.2607,21.2
42.2163,-82.2485,21.2
42.2073,-82.2484,21.2
42.2073,-82.2362,21.2
42.2074,-82.2240,21.2
42.2074,-82.2118,21.2
42.2164,-82.2119,21.2
42.2165,-82.1997,21.2
42.2255,-82.1997,21.2
42.2256,-82.1875,21.2
42.2256,-82.1753,21.2
42.2347,-82.1754,21.2
42.2347,-82.1632,21.2
42.2438,-82.1632,21.2
42.2438,-82.1510,21.2
42.2528,-82.1511,21.2
42.2529,-82.1389,21.2
42.2529,-82.1267,21.2
42.2620,-82.1267,21.2
42.2620,-82.1145,21.2
42.2710,-82.1146,21.2
42.2711,-82.1023,21.2
42.2801,-82.1024,21.2
42.2802,-82.0902,21.2
42.2892,-82.0902,21.2
42.2892,-82.0780,21.2
42.2983,-82.0781,21.2
42.2983,-82.0658,21.2
42.2983,-82.0536,21.2
42.3074,-82.0537,21.2
42.3074,-82.0414,21.2
42.3074,-82.0292,21.2
42.3075,-82.0170,21.2
42.3075,-82.0048,21.2
42.3165,-82.0048,21.2
42.3166,-81.9926,21.2
42.3166,-81.9804,21.2
42.3256,-81.9804,21.2
42.3347,-81.9804,21.2
42.3437,-81.9805,21.2
42.3528,-81.9805,21.2
42.3528,-81.9683,21.2
42.3528,-81.9560,21.2
42.3618,-81.9561,21.2
42.3619,-81.9438,21.2
42.3619,-81.9316,21.2
42.3709,-81.9316,21.2
42.3710,-81.9194,21.2
42.3800,-81.9194,21.2
42.3800,-81.9072,21.2
42.3890,-81.9072,21.2
42.3891,-81.8950,21.2
42.3891,-81.8827,21.2
42.3981,-81.8827,21.2
42.3981,-81.8705,21.2
42.4072,-81.8705,21.2
42.4072,-81.8583,21.2
42.4162,-81.8583,21.2
42.4253,-81.8583,21.2
42.4253,-81.8461,21.2
42.4343,-81.8461,21.2
42.4434,-81.8461,21.2
42.4434,-81.8338,21.2
42.4524,-81.8339,21.2
42.4524,-81.8216,21.2
42.4524,-81.8094,21.2
42.4524,-81.7971,21.2
42.4524,-81.7849,21.2
42.4524,-81.7726,21.2
42.4524,-81.7604,21.2
42.4615,-81.7604,21.2
42.4615,-81.7481,21.2
42.4705,-81.7481,21.2
42.4796,-81.7481,21.2
42.4886,-81.7481,21.2
42.4976,-81.7481,21.2
42.4976,-81.7358,21.2
42.5067,-81.7358,21.2
42.5157,-81.7358,21.2
42.5248,-81.7358,21.2
42.5338,-81.7358,21.2
42.5428,-81.7358,21.2
42.5519,-81.7358,21.2
42.5519,-81.7236,21.2
42.5609,-81.7236,21.2
42.5700,-81.7236,21.2
42.5700,-81.7113,21.2
42.5790,-81.7113,21.2
42.5790,-81.6990,21.2
42.5790,-81.6867,21.2
42.5880,-81.6867,21.2
42.5880,-81.6744,21.2
42.5880,-81.6622,21.2
42.5971,-81.6622,21.2
42.5970,-81.6499,21.2
42.6061,-81.6499,21.2
42.6061,-81.6376,21.2
42.6061,-81.6253,21.2
42.6060,-81.6130,21.2
42.6151,-81.6130,21.2
42.6151,-81.6007,21.2
42.6151,-81.5884,21.2
42.6241,-81.5884,21.2
42.6241,-81.5761,21.2
42.6241,-81.5638,21.2
42.6240,-81.5516,21.2
42.6331,-81.5515,21.2
42.6331,-81.5392,21.2
42.6421,-81.5392,21.2
42.6511,-81.5392,21.2
42.6602,-81.5392,21.2
42.6692,-81.5391,21.2
42.6692,-81.5268,21.2
42.6782,-81.5268,21.2
42.6782,-81.5145,21.2
42.6782,-81.5022,21.2
42.6782,-81.4899,21.2
42.6781,-81.4776,21.2
42.6781,-81.4653,21.2
42.6871,-81.4653,21.2
42.6871,-81.4530,21.2
42.6962,-81.4529,21.2
42.6961,-81.4406,21.2
42.7052,-81.4406,21.2
42.7051,-81.4283,21.2
42.7142,-81.4283,21.2
42.7141,-81.4160,21.2
42.7232,-81.4159,21.2
42.7231,-81.4036,21.2
42.7322,-81.4036,21.2
42.7321,-81.3912,21.2
42.7412,-81.3912,21.2
42.7411,-81.3789,21.2
42.7502,-81.3788,21.2
42.7592,-81.3788,21.2
42.7592,-81.3665,21.2
42.7682,-81.3664,21.2
42.7682,-81.3541,21.2
42.7772,-81.3540,21.2
42.7772,-81.3417,21.2
42.7771,-81.3294,21.2
42.7771,-81.3171,21.2
42.7770,-81.3048,21.2
42.7770,-81.2925,21.2
42.7770,-81.2802,21.2
42.7769,-81.2678,21.2
42.7769,-81.2555,21.2
42.7768,-81.2432,21.2
42.7678,-81.2433,21.2
42.7677,-81.2310,21.2
42.7587,-81.2310,21.2
42.7496,-81.2311,21.2
42.7497,-81.2434,21.2
42.7406,-81.2435,21.2
42.7407,-81.2558,21.2
42.7317,-81.2559,21.2
42.7226,-81.2559,21.2
42.7227,-81.2682,21.2
42.7136,-81.2683,21.2
42.7046,-81.2684,21.2
42.6955,-81.2685,21.2
42.6865,-81.2685,21.2
42.6775,-81.2686,21.2
42.6684,-81.2687,21.2
42.6684,-81.2564,21.2
42.6593,-81.2564,21.2
42.6594,-81.2687,21.2
42.6594,-81.2810,21.2
42.6595,-81.2933,21.2
42.6505,-81.2934,21.2
42.6505,-81.3057,21.2
42.6505,-81.3180,21.2
42.6415,-81.3180,21.2
42.6415,-81.3303,21.2
42.6416,-81.3426,21.2
42.6416,-81.3549,21.2
42.6326,-81.3549,21.2
42.6326,-81.3672,21.2
42.6236,-81.3673,21.2
42.6236,-81.3796,21.2
42.6146,-81.3796,21.2
42.6056,-81.3797,21.2
42.6056,-81.3920,21.2
42.6056,-81.4042,21.2
42.6057,-81.4165,21.2
42.5966,-81.4166,21.2
42.5967,-81.4288,21.2
42.5967,-81.4411,21.2
42.5967,-81.4534,21.2
42.5877,-81.4534,21.2
42.5877,-81.4657,21.2
42.5787,-81.4658,21.2
42.5787,-81.4780,21.2
42.5787,-81.4903,21.2
42.5697,-81.4904,21.2
42.5697,-81.5026,21.2
42.5697,-81.5149,21.2
42.5607,-81.5149,21.2
42.5607,-81.5272,21.2
42.5517,-81.5272,21.2
42.5517,-81.5395,21.2
42.5517,-81.5518,21.2
42.5427,-81.5518,21.2
42.5427,-81.5641,21.2
42.5337,-81.5641,21.2
42.5337,-81.5764,21.2
42.5246,-81.5764,21.2
42.5247,-81.5887,21.2
42.5156,-81.5887,21.2
42.5156,-81.6009,21.2
42.5157,-81.6132,21.2
42.5066,-81.6132,21.2
42.5066,-81.6255,21.2
42.4976,-81.6255,21.2
42.4976,-81.6378,21.2
42.4886,-81.6378,21.2
42.4886,-81.6500,21.2
42.4795,-81.6501,21.2
42.4795,-81.6623,21.2
42.4705,-81.6623,21.2
42.4705,-81.6746,21.2
42.4615,-81.6746,21.2
42.4524,-81.6746,21.2
42.4524,-81.6868,21.2
42.4434,-81.6869,21.2
42.4434,-81.6991,21.2
42.4434,-81.7114,21.2
42.4344,-81.7114,21.2
42.4253,-81.7114,21.2
42.4253,-81.7236,21.2
42.4253,-81.7359,21.2
42.4163,-81.7359,21.2
42.4163,-81.7481,21.2
42.4072,-81.7481,21.2
42.4072,-81.7603,21.2
42.4072,-81.7726,21.2
42.3982,-81.7726,21.2
42.3982,-81.7848,21.2
42.3892,-81.7848,21.2
42.3892,-81.7970,21.2
42.3891,-81.8093,21.2
42.3801,-81.8093,21.2
42.3801,-81.8215,21.2
42.3711,-81.8215,21.2
42.3620,-81.8215,21.2
42.3620,-81.8337,21.2
42.3530,-81.8337,21.2
42.3439,-81.8337,21.2
42.3349,-81.8337,21.2
42.3349,-81.8459,21.2
42.3258,-81.8459,21.2
42.3168,-81.8459,21.2
42.3078,-81.8459,21.2
42.2987,-81.8459,21.2
42.2897,-81.8458,21.2
42.2806,-81.8458,21.2
42.2716,-81.8458,21.2
42.2626,-81.8458,21.2
42.2535,-81.8458,21.2
42.2445,-81.8458,21.2
42.2445,-81.8580,21.2
42.2445,-81.8702,21.2
42.2444,-81.8824,21.2
42.2535,-81.8824,21.2
42.2535,-81.8946,21.2
42.2535,-81.9068,21.2
42.2534,-81.9191,21.2
42.2534,-81.9313,21.2
42.2534,-81.9435,21.2
42.2624,-81.9435,21.2
42.2624,-81.9557,21.2
42.2624,-81.9679,21.2
42.2624,-81.9802,21.2
42.2623,-81.9924,21.2
42.2623,-82.0046,21.2
42.2533,-82.0045,21.2
42.2532,-82.0168,21.2
42.2532,-82.0290,21.2
42.2532,-82.0412,21.2
42.2531,-82.0534,21.2
42.2531,-82.0656,21.2
42.2531,-82.0778,21.2
42.2440,-82.0778,21.2
42.2440,-82.0900,21.2
42.2350,-82.0899,21.2
42.2349,-82.1021,21.2
42.2349,-82.1143,21.2
42.2258,-82.1143,21.2
42.2258,-82.1265,21.2
42.2168,-82.1264,21.2
42.2167,-82.1387,21.2
42.2167,-82.1509,21.2
42.2076,-82.1508,21.2
42.2076,-82.1630,21.2
42.1986,-82.1629,21.2
42.1985,-82.1751,21.2
42.1985,-82.1873,21.2
42.1894,-82.1873,21.2
42.1894,-82.1995,21.2
42.1893,-82.2117,21.2
42.1803,-82.2116,21.2
42.1802,-82.2238,21.2
42.1712,-82.2237,21.2
42.1712,-82.2359,21.2
42.1711,-82.2481,21.2
42.1621,-82.2481,21.2
42.1620,-82.2603,21.2
42.1619,-82.2725,21.2
42.1529,-82.2724,21.2
42.1529,-82.2846,21.2
42.1528,-82.2968,21.2
42.1527,-82.3090,21.2
42.1437,-82.3089,21.2
42.1436,-82.3211,21.2
42.1436,-82.3333,21.2
42.1345,-82.3332,21.2
42.1345,-82.3454,21.2
42.1344,-82.3576,21.2
42.1254,-82.3575,21.2
42.1253,-82.3697,21.2
42.1163,-82.3696,21.2
42.1162,-82.3818,21.2
42.1161,-82.3939,21.2
42.1071,-82.3938,21.2
42.1070,-82.4060,21.2
42.0980,-82.4059,21.2
42.0979,-82.4181,21.2
42.0978,-82.4303,21.2
42.0888,-82.4302,21.2
42.0798,-82.4301,21.2
42.0797,-82.4423,21.2
42.0706,-82.4422,21.2
42.0706,-82.4544,21.2
42.0615,-82.4543,21.2
42.0615,-82.4664,21.2
42.0524,-82.4663,21.2
42.0523,-82.4785,21.2
42.0433,-82.4784,21.2
42.0343,-82.4783,21.2
42.0342,-82.4905,21.2
42.0251,-82.4904,21.2
42.0161,-82.4902,21.2
42.0071,-82.4901,21.2
42.0070,-82.5023,21.2
41.9979,-82.5022,21.2
41.9889,-82.5021,21.2
41.9799,-82.5020,21.2
41.9708,-82.5019,21.2
41.9618,-82.5018,21.2
41.9528,-82.5017,21.2
41.9437,-82.5015,21.2
41.9347,-82.5014,21.2
41.9256,-82.5013,21.2
41.9166,-82.5012,21.2
41.9076,-82.5011,21.2
41.9075,-82.5133,21.2
40.4037,-84.5023,21.2
40.4128,-84.5027,21.2
40.4218,-84.5031,21.2
40.4215,-84.5149,21.2
40.4306,-84.5153,21.2
40.4396,-84.5157,21.2
40.4486,-84.5161,21.2
40.4576,-84.5164,21.2
40.4667,-84.5168,21.2
40.4757,-84.5172,21.2
40.4847,-84.5176,21.2
40.4850,-84.5057,21.2
40.4940,-84.5061,21.2
40.5031,-84.5064,21.2
40.5121,-84.5068,21.2
40.5211,-84.5072,21.2
40.5302,-84.5075,21.2
40.5392,-84.5079,21.2
40.5482,-84.5083,21.2
40.5479,-84.5202,21.2
40.5570,-84.5206,21.2
40.5567,-84.5325,21.2
40.5564,-84.5443,21.2
40.5561,-84.5562,21.2
40.5558,-84.5681,21.2
40.5555,-84.5800,21.2
40.5645,-84.5804,21.2
40.5643,-84.5923,21.2
40.5640,-84.6042,21.2
40.5637,-84.6161,21.2
40.5634,-84.6280,21.2
40.5631,-84.6399,21.2
40.5721,-84.6403,21.2
40.5718,-84.6522,21.2
40.5808,-84.6525,21.2
40.5805,-84.6644,21.2
40.5802,-84.6763,21.2
40.5893,-84.6767,21.2
40.5890,-84.6886,21.2
40.5887,-84.7005,21.2
40.5977,-84.7009,21.2
40.5974,-84.7128,21.2
40.5971,-84.7247,21.2
40.5968,-84.7366,21.2
40.5877,-84.7362,21.2
40.5874,-84.7481,21.2
40.5871,-84.7600,21.2
40.5868,-84.7719,21.2
40.5865,-84.7838,21.2
40.5862,-84.7957,21.2
40.5952,-84.7961,21.2
40.5949,-84.8080,21.2
40.6039,-84.8084,21.2
40.6036,-84.8203,21.2
40.6033,-84.8322,21.2
40.6123,-84.8326,21.2
40.6120,-84.8445,21.2
40.6210,-84.8450,21.2
40.6207,-84.8569,21.2
40.6117,-84.8564,21.2
40.6114,-84.8683,21.2
40.6110,-84.8802,21.2
40.6201,-84.8807,21.2
40.6197,-84.8926,21.2
40.6194,-84.9045,21.2
40.6284,-84.9049,21.2
40.6281,-84.9168,21.2
40.6372,-84.9172,21.2
40.6462,-84.9177,21.2
40.6458,-84.9296,21.2
40.6549,-84.9300,21.2
40.6545,-84.9419,21.2
40.6542,-84.9538,21.2
40.6539,-84.9657,21.2
40.6536,-84.9776,21.2
40.6626,-84.9781,21.2
40.6622,-84.9900,21.2
40.6713,-84.9904,21.2
40.6709,-85.0023,21.2
40.6706,-85.0142,21.2
40.6796,-85.0147,21.2
40.6887,-85.0151,21.2
40.6883,-85.0270,21.2
40.6973,-85.0275,21.2
40.6970,-85.0394,21.2
40.6967,-85.0513,21.2
40.7057,-85.0518,21.2
40.7053,-85.0637,21.2
40.7144,-85.0641,21.2
40.7140,-85.0760,21.2
40.7231,-85.0765,21.2
40.7227,-85.0884,21.2
40.7317,-85.0889,21.2
40.7408,-85.0893,21.2
40.7411,-85.0774,21.2
40.7501,-85.0779,21.2
40.7591,-85.0783,21.2
40.7682,-85.0788,21.2
40.7772,-85.0792,21.2
40.7862,-85.0797,21.2
40.7952,-85.0801,21.2
40.8043,-85.0806,21.2
40.8133,-85.0810,21.2
40.8223,-85.0815,21.2
40.8313,-85.0819,21.2
40.8404,-85.0824,21.2
40.8494,-85.0829,21.2
40.8490,-85.0948,21.2
40.8581,-85.0953,21.2
40.8671,-85.0957,21.2
40.8667,-85.1077,21.2
40.8758,-85.1081,21.2
40.8754,-85.1201,21.2
40.8751,-85.1320,21.2
40.8747,-85.1440,21.2
40.8837,-85.1444,21.2
40.8834,-85.1564,21.2
40.8924,-85.1568,21.2
40.8921,-85.1688,21.2
40.9011,-85.1693,21.2
40.9007,-85.1812,21.2
40.9004,-85.1932,21.2
40.9000,-85.2051,21.2
40.9090,-85.2056,21.2
40.9094,-85.1936,21.2
40.9184,-85.1941,21.2
40.9274,-85.1946,21.2
40.9365,-85.1950,21.2
40.9368,-85.1831,21.2
40.9459,-85.1836,21.2
40.9549,-85.1840,21.2
40.9639,-85.1845,21.2
40.9635,-85.1965,21.2
40.9726,-85.1969,21.2
40.9816,-85.1974,21.2
40.9906,-85.1979,21.2
40.9996,-85.1984,21.2
41.0087,-85.1988,21.2
41.0177,-85.1993,21.2
41.0173,-85.2113,21.2
41.0263,-85.2118,21.2
41.0260,-85.2237,21.2
41.0350,-85.2242,21.2
41.0354,-85.2122,21.2
41.0444,-85.2127,21.2
41.0534,-85.2132,21.2
41.0624,-85.2137,21.2
41.0628,-85.2017,21.2
41.0718,-85.2022,21.2
41.0808,-85.2026,21.2
41.0899,-85.2031,21.2
41.0989,-85.2036,21.2
41.0985,-85.2156,21.2
41.1076,-85.2160,21.2
41.1166,-85.2165,21.2
41.1256,-85.2170,21.2
41.1346,-85.2175,21.2
41.1350,-85.2055,21.2
41.1440,-85.2060,21.2
41.1444,-85.1940,21.2
41.1534,-85.1944,21.2
41.1624,-85.1949,21.2
41.1628,-85.1829,21.2
41.1718,-85.1834,21.2
41.1721,-85.1714,21.2
41.1812,-85.1719,21.2
41.1815,-85.1599,21.2
41.1906,-85.1603,21.2
41.1996,-85.1608,21.2
41.1992,-85.1728,21.2
41.2082,-85.1733,21.2
41.2079,-85.1853,21.2
41.2075,-85.1973,21.2
41.2072,-85.2093,21.2
41.2068,-85.2213,21.2
41.2158,-85.2218,21.2
41.2155,-85.2338,21.2
41.2245,-85.2343,21.2
41.2335,-85.2348,21.2
41.2331,-85.2468,21.2
41.2328,-85.2588,21.2
41.2324,-85.2708,21.2
41.2414,-85.2713,21.2
41.2411,-85.2833,21.2
41.2407,-85.2953,21.2
41.2497,-85.2958,21.2
41.2494,-85.3078,21.2
41.2584,-85.3083,21.2
41.2674,-85.3088,21.2
41.2670,-85.3208,21.2
41.2761,-85.3213,21.2
41.2757,-85.3333,21.2
41.2847,-85.3338,21.2
41.2937,-85.3343,21.2
41.2941,-85.3223,21.2
41.3031,-85.3228,21.2
41.3027,-85.3348,21.2
41.3118,-85.3353,21.2
41.3208,-85.3358,21.2
41.3212,-85.3238,21.2
41.3302,-85.3243,21.2
41.3306,-85.3123,21.2
41.3309,-85.3002,21.2
41.3399,-85.3007,21.2
41.3403,-85.2887,21.2
41.3493,-85.2892,21.2
41.3497,-85.2772,21.2
41.3587,-85.2777,21.2
41.3678,-85.2781,21.2
41.3768,-85.2786,21.2
41.3858,-85.2791,21.2
41.3948,-85.2796,21.2
41.3952,-85.2676,21.2
41.4042,-85.2681,21.2
41.4046,-85.2560,21.2
41.4049,-85.2440,21.2
41.4140,-85.2445,21.2
41.4143,-85.2324,21.2
41.4234,-85.2329,21.2
41.4237,-85.2209,21.2
41.4327,-85.2214,21.2
41.4331,-85.2093,21.2
41.4421,-85.2098,21.2
41.4512,-85.2103,21.2
41.4602,-85.2108,21.2
41.4598,-85.2228,21.2
41.4688,-85.2233,21.2
41.4779,-85.2238,21.2
41.4782,-85.2117,21.2
41.4872,-85.2122,21.2
41.4876,-85.2002,21.2
41.4966,-85.2006,21.2
41.5057,-85.2011,21.2
41.5060,-85.1891,21.2
41.5064,-85.1770,21.2
41.5067,-85.1649,21.2
41.5071,-85.1529,21.2
41.4981,-85.1524,21.2
41.4984,-85.1403,21.2
41.4988,-85.1283,21.2
41.4991,-85.1162,21.2
41.4995,-85.1042,21.2
41.4998,-85.0921,21.2
41.5002,-85.0800,21.2
41.5005,-85.0680,21.2
41.5096,-85.0684,21.2
41.5099,-85.0564,21.2
41.5189,-85.0568,21.2
41.5193,-85.0448,21.2
41.5196,-85.0327,21.2
41.5106,-85.0323,21.2
41.5109,-85.0202,21.2
41.5200,-85.0206,21.2
41.5203,-85.0086,21.2
41.5293,-85.0090,21.2
41.5297,-84.9970,21.2
41.5387,-84.9974,21.2
41.5477,-84.9979,21.2
41.5567,-84.9983,21.2
41.5571,-84.9863,21.2
41.5574,-84.9742,21.2
41.5578,-84.9621,21.2
41.5668,-84.9626,21.2
41.5671,-84.9505,21.2
41.5675,-84.9384,21.2
41.5765,-84.9389,21.2
41.5768,-84.9268,21.2
41.5858,-84.9272,21.2
41.5862,-84.9152,21.2
41.5952,-84.9156,21.2
41.6042,-84.9161,21.2
41.6046,-84.9040,21.2
41.6136,-84.9044,21.2
41.6139,-84.8923,21.2
41.6229,-84.8928,21.2
41.6233,-84.8807,21.2
41.6323,-84.8811,21.2
41.6320,-84.8932,21.2
41.6410,-84.8937,21.2
41.6500,-84.8941,21.2
41.6590,-84.8945,21.2
41.6594,-84.8825,21.2
41.6684,-84.8829,21.2
41.6774,-84.8833,21.2
41.6777,-84.8712,21.2
41.6781,-84.8591,21.2
41.6871,-84.8596,21.2
41.6874,-84.8475,21.2
41.6965,-84.8479,21.2
41.7055,-84.8484,21.2
41.7052,-84.8605,21.2
41.7142,-84.8609,21.2
41.7139,-84.8730,21.2
41.7229,-84.8734,21.2
41.7319,-84.8739,21.2
41.7409,-84.8743,21.2
41.7413,-84.8622,21.2
41.7503,-84.8627,21.2
41.7593,-84.8631,21.2
41.7683,-84.8635,21.2
41.7687,-84.8514,21.2
41.7777,-84.8519,21.2
41.7867,-84.8523,21.2
41.7870,-84.8402,21.2
41.7874,-84.8281,21.2
41.7964,-84.8285,21.2
41.7961,-84.8406,21.2
41.8051,-84.8411,21.2
41.8054,-84.8289,21.2
41.8144,-84.8294,21.2
41.8235,-84.8298,21.2
41.8232,-84.8419,21.2
41.8322,-84.8424,21.2
41.8412,-84.8428,21.2
41.8415,-84.8307,21.2
41.8506,-84.8311,21.2
41.8509,-84.8190,21.2
41.8419,-84.8186,21.2
41.8422,-84.8064,21.2
41.8331,-84.8060,21.2
41.8335,-84.7939,21.2
41.8244,-84.7934,21.2
41.8154,-84.7930,21.2
41.8157,-84.7809,21.2
41.8161,-84.7688,21.2
41.8164,-84.7566,21.2
41.8254,-84.7571,21.2
41.8257,-84.7449,21.2
41.8347,-84.7454,21.2
41.8438,-84.7458,21.2
41.8441,-84.7337,21.2
41.8531,-84.7341,21.2
41.8621,-84.7345,21.2
41.8625,-84.7224,21.2
41.8715,-84.7228,21.2
41.8805,-84.7232,21.2
41.8808,-84.7111,21.2
41.8811,-84.6990,21.2
41.8902,-84.6994,21.2
41.8905,-84.6872,21.2
41.8995,-84.6877,21.2
41.8998,-84.6755,21.2
41.8908,-84.6751,21.2
41.8911,-84.6630,21.2
41.8821,-84.6626,21.2
41.8730,-84.6621,21.2
41.8640,-84.6617,21.2
41.8643,-84.6496,21.2
41.8553,-84.6492,21.2
41.8556,-84.6371,21.2
41.8559,-84.6249,21.2
41.8562,-84.6128,21.2
41.8472,-84.6124,21.2
41.8475,-84.6003,21.2
41.8384,-84.5999,21.2
41.8387,-84.5877,21.2
41.8390,-84.5756,21.2
41.8481,-84.5760,21.2
41.8484,-84.5639,21.2
41.8574,-84.5643,21.2
41.8664,-84.5647,21.2
41.8755,-84.5651,21.2
41.8752,-84.5772,21.2
41.8842,-84.5776,21.2
41.8932,-84.5780,21.2
41.9022,-84.5784,21.2
41.9025,-84.5663,21.2
41.9028,-84.5541,21.2
41.9031,-84.5420,21.2
41.9034,-84.5299,21.2
41.9037,-84.5177,21.2
41.9040,-84.5056,21.2
41.9130,-84.5060,21.2
41.9133,-84.4938,21.2
41.9136,-84.4817,21.2
41.9139,-84.4696,21.2
41.9229,-84.4699,21.2
41.9232,-84.4578,21.2
41.9323,-84.4582,21.2
41.9413,-84.4586,21.2
41.9503,-84.4589,21.2
41.9593,-84.4593,21.2
41.9684,-84.4597,21.2
41.9774,-84.4601,21.2
41.9864,-84.4605,21.2
41.9955,-84.4609,21.2
42.0045,-84.4613,21.2
42.0135,-84.4617,21.2
42.0132,-84.4738,21.2
42.0223,-84.4742,21.2
42.0220,-84.4864,21.2
42.0310,-84.4868,21.2
42.0313,-84.4746,21.2
42.0403,-84.4750,21.2
42.0406,-84.4628,21.2
42.0409,-84.4506,21.2
42.0412,-84.4385,21.2
42.0415,-84.4263,21.2
42.0505,-84.4267,21.2
42.0508,-84.4145,21.2
42.0511,-84.4024,21.2
42.0601,-84.4027,21.2
42.0604,-84.3906,21.2
42.0694,-84.3909,21.2
42.0697,-84.3788,21.2
42.0787,-84.3792,21.2
42.0790,-84.3670,21.2
42.0880,-84.3674,21.2
42.0970,-84.3677,21.2
42.0973,-84.3556,21.2
42.1064,-84.3559,21.2
42.1154,-84.3563,21.2
42.1244,-84.3567,21.2
42.1247,-84.3445,21.2
42.1337,-84.3449,21.2
42.1340,-84.3327,21.2
42.1430,-84.3330,21.2
42.1433,-84.3209,21.2
42.1523,-84.3212,21.2
42.1526,-84.3090,21.2
42.1616,-84.3094,21.2
42.1619,-84.2972,21.2
42.1622,-84.2850,21.2
42.1624,-84.2728,21.2
42.1627,-84.2606,21.2
42.1630,-84.2485,21.2
42.1632,-84.2363,21.2
42.1723,-84.2366,21.2
42.1725,-84.2244,21.2
42.1728,-84.2122,21.2
42.1818,-84.2126,21.2
42.1821,-84.2004,21.2
42.1824,-84.1882,21.2
42.1914,-84.1886,21.2
42.2004,-84.1889,21.2
42.2007,-84.1767,21.2
42.2097,-84.1771,21.2
42.2100,-84.1649,21.2
42.2102,-84.1527,21.2
42.2193,-84.1530,21.2
42.2283,-84.1533,21.2
42.2285,-84.1411,21.2
42.2376,-84.1415,21.2
42.2466,-84.1418,21.2
42.2469,-84.1296,21.2
42.2559,-84.1300,21.2
42.2561,-84.1178,21.2
42.2652,-84.1181,21.2
42.2742,-84.1184,21.2
42.2832,-84.1188,21.2
42.2923,-84.1191,21.2
42.3013,-84.1195,21.2
42.3010,-84.1317,21.2
42.3101,-84.1320,21.2
42.3191,-84.1324,21.2
42.3194,-84.1202,21.2
42.3284,-84.1205,21.2
42.3286,-84.1083,21.2
42.3377,-84.1086,21.2
42.3379,-84.0964,21.2
42.3382,-84.0842,21.2
42.3472,-84.0845,21.2
42.3470,-84.0967,21.2
42.3560,-84.0971,21.2
42.3650,-84.0974,21.2
42.3648,-84.1096,21.2
42.3738,-84.1100,21.2
42.3828,-84.1103,21.2
42.3919,-84.1107,21.2
42.3916,-84.1229,21.2
42.4006,-84.1232,21.2
42.4097,-84.1236,21.2
42.4094,-84.1358,21.2
42.4185,-84.1362,21.2
42.4182,-84.1484,21.2
42.4179,-84.1606,21.2
42.4089,-84.1603,21.2
42.4087,-84.1725,21.2
42.4084,-84.1848,21.2
42.4081,-84.1970,21.2
42.4172,-84.1974,21.2
42.4169,-84.2096,21.2
42.4259,-84.2100,21.2
42.4350,-84.2103,21.2
42.4440,-84.2107,21.2
42.4443,-84.1984,21.2
42.4533,-84.1988,21.2
42.4623,-84.1991,21.2
42.4714,-84.1995,21.2
42.4804,-84.1998,21.2
42.4894,-84.2002,21.2
42.4984,-84.2006,21.2
42.4987,-84.1883,21.2
42.5077,-84.1887,21.2
42.5080,-84.1764,21.2
42.5083,-84.1641,21.2
42.5085,-84.1519,21.2
42.4995,-84.1515,21.2
42.4997,-84.1393,21.2
42.4907,-84.1389,21.2
42.4910,-84.1267,21.2
42.4912,-84.1144,21.2
42.4915,-84.1022,21.2
42.4917,-84.0899,21.2
42.4920,-84.0777,21.2
42.4922,-84.0654,21.2
42.5013,-84.0657,21.2
42.5015,-84.0535,21.2
42.5017,-84.0412,21.2
42.5108,-84.0416,21.2
42.5110,-84.0293,21.2
42.5201,-84.0296,21.2
42.5203,-84.0174,21.2
42.5113,-84.0170,21.2
42.5022,-84.0167,21.2
42.5025,-84.0045,21.2
42.4934,-84.0041,21.2
42.4844,-84.0038,21.2
42.4847,-83.9915,21.2
42.4937,-83.9919,21.2
42.4939,-83.9796,21.2
42.4942,-83.9674,21.2
42.4944,-83.9551,21.2
42.4946,-83.9428,21.2
42.5037,-83.9432,21.2
42.5039,-83.9309,21.2
42.5041,-83.9187,21.2
42.5132,-83.9190,21.2
42.5134,-83.9067,21.2
42.5224,-83.9070,21.2
42.5315,-83.9073,21.2
42.5317,-83.8951,21.2
42.5407,-83.8954,21.2
42.5410,-83.8831,21.2
42.5500,-83.8834,21.2
42.5502,-83.8712,21.2
42.5504,-83.8589,21.2
42.5595,-83.8592,21.2
42.5597,-83.8469,21.2
42.5599,-83.8347,21.2
42.5601,-83.8224,21.2
42.5692,-83.8227,21.2
42.5694,-83.8104,21.2
42.5784,-83.8107,21.2
42.5875,-83.8110,21.2
42.5965,-83.8113,21.2
42.6055,-83.8116,21.2
42.6146,-83.8119,21.2
42.6148,-83.7996,21.2
42.6238,-83.7999,21.2
42.6240,-83.7877,21.2
42.6243,-83.7754,21.2
42.6245,-83.7631,21.2
42.6247,-83.7508,21.2
42.6249,-83.7385,21.2
42.6251,-83.7263,21.2
42.6253,-83.7140,21.2
42.6255,-83.7017,21.2
42.6258,-83.6894,21.2
42.6260,-83.6771,21.2
42.6350,-83.6774,21.2
42.6352,-83.6651,21.2
42.6442,-83.6654,21.2
42.6444,-83.6531,21.2
42.6535,-83.6534,21.2
42.6537,-83.6411,21.2
42.6627,-83.6414,21.2
42.6629,-83.6291,21.2
42.6720,-83.6294,21.2
42.6722,-83.6171,21.2
42.6812,-83.6174,21.2
42.6814,-83.6051,21.2
42.6816,-83.5928,21.2
42.6906,-83.5930,21.2
42.6908,-83.5807,21.2
42.6999,-83.5810,21.2
42.7001,-83.5687,21.2
42.7091,-83.5690,21.2
42.7181,-83.5692,21.2
42.7183,-83.5569,21.2
42.7274,-83.5572,21.2
42.7275,-83.5449,21.2
42.7366,-83.5452,21.2
42.7368,-83.5329,21.2
42.7458,-83.5331,21.2
42.7460,-83.5208,21.2
42.7370,-83.5206,21.2
42.7372,-83.5083,21.2
42.7373,-83.4959,21.2
42.7283,-83.4957,21.2
42.7285,-83.4834,21.2
42.7195,-83.4831,21.2
42.7196,-83.4708,21.2
42.7106,-83.4706,21.2
42.7016,-83.4703,21.2
42.7018,-83.4580,21.2
42.6927,-83.4578,21.2
42.6837,-83.4575,21.2
42.6839,-83.4452,21.2
42.6748,-83.4450,21.2
42.6658,-83.4447,21.2
42.6568,-83.4445,21.2
42.6477,-83.4442,21.2
42.6387,-83.4440,21.2
42.6297,-83.4438,21.2
42.6206,-83.4435,21.2
42.6116,-83.4433,21.2
42.6118,-83.4310,21.2
42.6027,-83.4307,21.2
42.6029,-83.4185,21.2
42.5939,-83.4182,21.2
42.5941,-83.4059,21.2
42.5850,-83.4057,21.2
42.5852,-83.3934,21.2
42.5762,-83.3932,21.2
42.5671,-83.3929,21.2
42.5673,-83.3807,21.2
42.5675,-83.3684,21.2
42.5676,-83.3561,21.2
42.5678,-83.3438,21.2
42.5769,-83.3441,21.2
42.5770,-83.3318,21.2
42.5772,-83.3195,21.2
42.5682,-83.3193,21.2
42.5683,-83.3070,21.2
42.5685,-83.2948,21.2
42.5687,-83.2825,21.2
42.5777,-83.2827,21.2
42.5867,-83.2829,21.2
42.5958,-83.2832,21.2
42.5959,-83.2709,21.2
42.6050,-83.2711,21.2
42.6140,-83.2713,21.2
42.6142,-83.2590,21.2
42.6232,-83.2593,21.2
42.6234,-83.2470,21.2
42.6143,-83.2468,21.2
42.6145,-83.2345,21.2
42.6146,-83.2222,21.2
42.6148,-83.2099,21.2
42.6150,-83.1976,21.2
42.6151,-83.1854,21.2
42.6061,-83.1851,21.2
42.5970,-83.1849,21.2
42.5880,-83.1847,21.2
42.5790,-83.1845,21.2
42.5699,-83.1843,21.2
42.5609,-83.1841,21.2
42.5519,-83.1839,21.2
42.5428,-83.1837,21.2
42.5338,-83.1835,21.2
42.5247,-83.1833,21.2
42.5249,-83.1710,21.2
42.5251,-83.1587,21.2
42.5160,-83.1585,21.2
42.5162,-83.1463,21.2
42.5071,-83.1461,21.2
42.5073,-83.1338,21.2
42.4982,-83.1336,21.2
42.4892,-83.1334,21.2
42.4802,-83.1332,21.2
42.4803,-83.1209,21.2
42.4713,-83.1207,21.2
42.4622,-83.1205,21.2
42.4624,-83.1083,21.2
42.4534,-83.1081,21.2
42.4443,-83.1079,21.2
42.4445,-83.0956,21.2
42.4354,-83.0955,21.2
42.4264,-83.0953,21.2
42.4265,-83.0830,21.2
42.4175,-83.0828,21.2
42.4085,-83.0826,21.2
42.4086,-83.0704,21.2
42.3996,-83.0702,21.2
42.3997,-83.0580,21.2
42.3998,-83.0457,21.2
42.3908,-83.0455,21.2
42.3909,-83.0333,21.2
42.3911,-83.0211,21.2
42.3912,-83.0088,21.2
42.3913,-82.9966,21.2
42.3823,-82.9964,21.2
42.3824,-82.9842,21.2
42.3826,-82.9719,21.2
42.3735,-82.9717,21.2
42.3737,-82.9595,21.2
42.3646,-82.9593,21.2
42.3648,-82.9471,21.2
42.3557,-82.9469,21.2
42.3558,-82.9347,21.2
42.3468,-82.9345,21.2
42.3378,-82.9344,21.2
42.3379,-82.9221,21.2
42.3289,-82.9220,21.2
42.3198,-82.9218,21.2
42.3199,-82.9096,21.2
42.3109,-82.9094,21.2
42.3019,-82.9092,21.2
42.2928,-82.9091,21.2
42.2838,-82.9089,21.2
42.2748,-82.9087,21.2
42.2657,-82.9086,21.2
42.2567,-82.9084,21.2
42.2566,-82.9206,21.2
42.2475,-82.9204,21.2
42.2385,-82.9203,21.2
42.2294,-82.9201,21.2
42.2293,-82.9323,21.2
42.2203,-82.9321,21.2
42.2112,-82.9320,21.2
42.2022,-82.9318,21.2
42.1932,-82.9316,21.2
42.1933,-82.9194,21.2
42.1934,-82.9072,21.2
42.1844,-82.9070,21.2
42.1845,-82.8948,21.2
42.1755,-82.8947,21.2
42.1756,-82.8825,21.2
42.1666,-82.8823,21.2
42.1667,-82.8701,21.2
42.1576,-82.8700,21.2
42.1578,-82.8578,21.2
42.1487,-82.8576,21.2
42.1488,-82.8454,21.2
42.1398,-82.8453,21.2
42.1399,-82.8331,21.2
42.1309,-82.8329,21.2
42.1218,-82.8328,21.2
42.1220,-82.8206,21.2
42.1129,-82.8204,21.2
42.1130,-82.8082,21.2
42.1040,-82.8081,21.2
42.1041,-82.7959,21.2
42.1042,-82.7837,21.2
42.0952,-82.7836,21.2
42.0953,-82.7714,21.2
42.0862,-82.7712,21.2
42.0864,-82.7591,21.2
42.0865,-82.7469,21.2
42.0866,-82.7347,21.2
42.0867,-82.7225,21.2
42.0868,-82.7103,21.2
42.0777,-82.7102,21.2
42.0778,-82.6980,21.2
42.0779,-82.6858,21.2
42.0780,-82.6737,21.2
42.0781,-82.6615,21.2
42.0782,-82.6493,21.2
42.0783,-82.6371,21.2
42.0874,-82.6373,21.2
42.0875,-82.6251,21.2
42.0876,-82.6129,21.2
42.0966,-82.6130,21.2
42.0967,-82.6008,21.2
42.0968,-82.5887,21.2
42.1058,-82.5888,21.2
42.1149,-82.5889,21.2
42.1149,-82.5767,21.2
42.1150,-82.5645,21.2
42.1151,-82.5524,21.2
42.1242,-82.5525,21.2
42.1242,-82.5403,21.2
42.1243,-82.5281,21.2
42.1244,-82.5159,21.2
42.1245,-82.5037,21.2
42.1246,-82.4915,21.2
42.1336,-82.4916,21.2
42.1337,-82.4794,21.2
42.1338,-82.4673,21.2
42.1428,-82.4674,21.2
42.1429,-82.4552,21.2
42.1430,-82.4430,21.2
42.1520,-82.4431,21.2
42.1521,-82.4309,21.2
42.1611,-82.4310,21.2
42.1612,-82.4188,21.2
42.1612,-82.4066,21.2
42.1703,-82.4067,21.2
42.1704,-82.3945,21.2
42.1794,-82.3946,21.2
42.1795,-82.3824,21.2
42.1885,-82.3825,21.2
42.1886,-82.3703,21.2
42.1976,-82.3704,21.2
42.1977,-82.3582,21.2
42.1977,-82.3460,21.2
42.2068,-82.3461,21.2
42.2068,-82.3339,21.2
42.2069,-82.3217,21.2
42.2159,-82.3217,21.2
42.2160,-82.3095,21.2
42.2161,-82.2973,21.2
42.2161,-82.2851,21.2
42.2162,-82.2729,21.2
42.2162,-82.2607,21.2
42.2163,-82.2485,21.2
42.2073,-82.2484,21.2
42.2073,-82.2362,21.2
42.2074,-82.2240,21.2
42.2074,-82.2118,21.2
42.2164,-82.2119,21.2
42.2165,-82.1997,21.2
42.2255,-82.1997,21.2
42.2256,-82.1875,21.2
42.2256,-82.1753,21.2
42.2347,-82.1754,21.2
42.2347,-82.1632,21.2
42.2438,-82.1632,21.2
42.2438,-82.1510,21.2
42.2528,-82.1511,21.2
42.2529,-82.1389,21.2
42.2529,-82.1267,21.2
42.2620,-82.1267,21.2
42.2620,-82.1145,21.2
42.2710,-82.1146,21.2
42.2711,-82.1023,21.2
42.2801,-82.1024,21.2
42.2802,-82.0902,21.2
42.2892,-82.0902,21.2
42.2892,-82.0780,21.2
42.2983,-82.0781,21.2
42.2983,-82.0658,21.2
42.2983,-82.0536,21.2
42.3074,-82.0537,21.2
42.3074,-82.0414,21.2
42.3074,-82.0292,21.2
42.3075,-82.0170,21.2
42.3075,-82.0048,21.2
42.3165,-82.0048,21.2
42.3166,-81.9926,21.2
42.3166,-81.9804,21.2
42.3256,-81.9804,21.2
42.3347,-81.9804,21.2
42.3437,-81.9805,21.2
42.3528,-81.9805,21.2
42.3528,-81.9683,21.2
42.3528,-81.9560,21.2
42.3618,-81.9561,21.2
42.3619,-81.9438,21.2
42.3619,-81.9316,21.2
42.3709,-81.9316,21.2
42.3710,-81.9194,21.2
42.3800,-81.9194,21.2
42.3800,-81.9072,21.2
42.3890,-81.9072,21.2
42.3891,-81.8950,21.2
42.3891,-81.8827,21.2
42.3981,-81.8827,21.2
42.3981,-81.8705,21.2
42.4072,-81.8705,21.2
42.4072,-81.8583,21.2
42.4162,-81.8583,21.2
42.4253,-81.8583,21.2
42.4253,-81.8461,21.2
42.4343,-81.8461,21.2
42.4434,-81.8461,21.2
42.4434,-81.8338,21.2
42.4524,-81.8339,21.2
42.4524,-81.8216,21.2
42.4524,-81.8094,21.2
42.4524,-81.7971,21.2
42.4524,-81.7849,21.2
42.4524,-81.7726,21.2
42.4524,-81.7604,21.2
42.4615,-81.7604,21.2
42.4615,-81.7481,21.2
42.4705,-81.7481,21.2
42.4796,-81.7481,21.2
42.4886,-81.7481,21.2
42.4976,-81.7481,21.2
42.4976,-81.7358,21.2
42.5067,-81.7358,21.2
42.5157,-81.7358,21.2
42.5248,-81.7358,21.2
42.5338,-81.7358,21.2
42.5428,-81.7358,21.2
42.5519,-81.7358,21.2
42.5519,-81.7236,21.2
42.5609,-81.7236,21.2
42.5700,-81.7236,21.2
42.5700,-81.7113,21.2
42.5790,-81.7113,21.2
42.5790,-81.6990,21.2
42.5790,-81.6867,21.2
42.5880,-81.6867,21.2
42.5880,-81.6744,21.2
42.5880,-81.6622,21.2
42.5971,-81.6622,21.2
42.5970,-81.6499,21.2
42.6061,-81.6499,21.2
42.6061,-81.6376,21.2
42.6061,-81.6253,21.2
42.6060,-81.6130,21.2
42.6151,-81.6130,21.2
42.6151,-81.6007,21.2
42.6151,-81.5884,21.2
42.6241,-81.5884,21.2
42.6241,-81.5761,21.2
42.6241,-81.5638,21.2
42.6240,-81.5516,21.2
42.6331,-81.5515,21.2
42.6331,-81.5392,21.2
42.6421,-81.5392,21.2
42.6511,-81.5392,21.2
42.6602,-81.5392,21.2
42.6692,-81.5391,21.2
42.6692,-81.5268,21.2
42.6782,-81.5268,21.2
42.6782,-81.5145,21.2
42.6782,-81.5022,21.2
42.6782,-81.4899,21.2
42.6781,-81.4776,21.2
42.6781,-81.4653,21.2
42.6871,-81.4653,21.2
42.6871,-81.4530,21.2
42.6962,-81.4529,21.2
42.6961,-81.4406,21.2
42.7052,-81.4406,21.2
42.7051,-81.4283,21.2
42.7142,-81.4283,21.2
42.7141,-81.4160,21.2
42.7232,-81.4159,21.2
42.7231,-81.4036,21.2
42.7322,-81.4036,21.2
42.7321,-81.3912,21.2
42.7412,-81.3912,21.2
42.7411,-81.3789,21.2
42.7502,-81.3788,21.2
42.7592,-81.3788,21.2
42.7592,-81.3665,21.2
42.7682,-81.3664,21.2
42.7682,-81.3541,21.2
42.7772,-81.3540,21.2
42.7772,-81.3417,21.2
42.7771,-81.3294,21.2
42.7771,-81.3171,21.2
42.7861,-81.3170,21.2
42.7952,-81.3170,21.2
42.7951,-81.3047,21.2
42.8042,-81.3046,21.2
42.8132,-81.3045,21.2
42.8133,-81.3169,21.2
42.8223,-81.3168,21.2
42.8223,-81.3291,21.2
42.8314,-81.3291,21.2
42.8314,-81.3414,21.2
42.8315,-81.3537,21.2
42.8405,-81.3536,21.2
42.8405,-81.3660,21.2
42.8496,-81.3659,21.2
42.8586,-81.3659,21.2
42.8677,-81.3658,21.2
42.8767,-81.3658,21.2
42.8767,-81.3534,21.2
42.8857,-81.3534,21.2
42.8857,-81.3410,21.2
42.8856,-81.3287,21.2
42.8856,-81.3164,21.2
42.8855,-81.3040,21.2
42.8855,-81.2917,21.2
42.8854,-81.2793,21.2
42.8854,-81.2670,21.2
42.8853,-81.2547,21.2
42.8853,-81.2423,21.2
42.8852,-81.2300,21.2
42.8852,-81.2177,21.2
42.8851,-81.2053,21.2
42.8850,-81.1930,21.2
42.8941,-81.1929,21.2
42.8940,-81.1806,21.2
42.8940,-81.1682,21.2
42.9030,-81.1681,21.2
42.9029,-81.1558,21.2
42.9029,-81.1435,21.2
42.9119,-81.1434,21.2
42.9119,-81.1310,21.2
42.9118,-81.1187,21.2
42.9208,-81.1186,21.2
42.9208,-81.1063,21.2
42.9207,-81.0939,21.2
42.9206,-81.0816,21.2
42.9205,-81.0692,21.2
42.9205,-81.0569,21.2
42.9204,-81.0445,21.2
42.9294,-81.0444,21.2
42.9294,-81.0321,21.2
42.9384,-81.0320,21.2
42.9383,-81.0196,21.2
42.9382,-81.0073,21.2
42.9382,-80.9949,21.2
42.9291,-80.9951,21.2
42.9291,-80.9827,21.2
42.9290,-80.9704,21.2
42.9289,-80.9580,21.2
42.9288,-80.9457,21.2
42.9287,-80.9333,21.2
42.9286,-80.9210,21.2
42.9285,-80.9086,21.2
42.9195,-80.9088,21.2
42.9194,-80.8964,21.2
42.9193,-80.8841,21.2
42.9103,-80.8842,21.2
42.9012,-80.8843,21.2
42.9011,-80.8720,21.2
42.9011,-80.8596,21.2
42.9101,-80.8595,21.2
42.9100,-80.8472,21.2
42.9099,-80.8348,21.2
42.9189,-80.8347,21.2
42.9188,-80.8224,21.2
42.9279,-80.8222,21.2
42.9278,-80.8099,21.2
42.9368,-80.8097,21.2
42.9367,-80.7974,21.2
42.9458,-80.7973,21.2
42.9548,-80.7971,21.2
42.9547,-80.7848,21.2
42.9637,-80.7846,21.2
42.9636,-80.7723,21.2
42.9727,-80.7721,21.2
42.9726,-80.7598,21.2
42.9725,-80.7474,21.2
42.9723,-80.7351,21.2
42.9814,-80.7349,21.2
42.9813,-80.7226,21.2
42.9903,-80.7224,21.2
42.9902,-80.7101,21.2
42.9992,-80.7099,21.2
43.0083,-80.7098,21.2
43.0173,-80.7096,21.2
43.0264,-80.7095,21.2
43.0354,-80.7093,21.2
43.0444,-80.7092,21.2
43.0535,-80.7090,21.2
43.0534,-80.6966,21.2
43.0532,-80.6843,21.2
43.0623,-80.6841,21.2
43.0622,-80.6717,21.2
43.0712,-80.6716,21.2
43.0711,-80.6592,21.2
43.0801,-80.6590,21.2
43.0892,-80.6589,21.2
43.0982,-80.6587,21.2
43.0983,-80.6711,21.2
43.1074,-80.6709,21.2
43.1164,-80.6708,21.2
43.1163,-80.6584,21.2
43.1253,-80.6582,21.2
43.1344,-80.6581,21.2
43.1434,-80.6579,21.2
43.1524,-80.6578,21.2
43.1615,-80.6576,21.2
43.1705,-80.6574,21.2
43.1796,-80.6573,21.2
43.1886,-80.6571,21.2
43.1976,-80.6570,21.2
43.2067,-80.6568,21.2
43.2157,-80.6566,21.2
43.2247,-80.6565,21.2
43.2249,-80.6689,21.2
43.2339,-80.6687,21.2
43.2340,-80.6811,21.2
43.2430,-80.6810,21.2
43.2432,-80.6934,21.2
43.2522,-80.6932,21.2
43.2523,-80.7056,21.2
43.2614,-80.7055,21.2
43.2615,-80.7179,21.2
43.2705,-80.7177,21.2
43.2706,-80.7302,21.2
43.2796,-80.7300,21.2
43.2798,-80.7424,21.2
43.2888,-80.7423,21.2
43.2889,-80.7547,21.2
43.2890,-80.7671,21.2
43.2980,-80.7670,21.2
43.2982,-80.7794,21.2
43.3072,-80.7792,21.2
43.3162,-80.7791,21.2
43.3163,-80.7915,21.2
43.3254,-80.7914,21.2
43.3344,-80.7912,21.2
43.3345,-80.8037,21.2
43.3435,-80.8035,21.2
43.3526,-80.8034,21.2
43.3616,-80.8033,21.2
43.3707,-80.8031,21.2
43.3797,-80.8030,21.2
43.3887,-80.8028,21.2
43.3978,-80.8027,21.2
43.3979,-80.8151,21.2
43.3980,-80.8276,21.2
43.4070,-80.8274,21.2
43.4071,-80.8399,21.2
43.4162,-80.8397,21.2
43.4252,-80.8396,21.2
43.4342,-80.8395,21.2
43.4343,-80.8519,21.2
43.4434,-80.8518,21.2
43.4435,-80.8642,21.2
43.4525,-80.8641,21.2
43.4615,-80.8640,21.2
43.4706,-80.8638,21.2
43.4796,-80.8637,21.2
43.4797,-80.8762,21.2
43.4798,-80.8886,21.2
43.4888,-80.8885,21.2
43.4889,-80.9010,21.2
43.4890,-80.9134,21.2
43.4891,-80.9259,21.2
43.4892,-80.9383,21.2
43.4982,-80.9382,21.2
43.5073,-80.9381,21.2
43.5074,-80.9506,21.2
43.5164,-80.9504,21.2
43.5163,-80.9380,21.2
43.5254,-80.9379,21.2
43.5344,-80.9377,21.2
43.5434,-80.9376,21.2
43.5433,-80.9252,21.2
43.5524,-80.9250,21.2
43.5614,-80.9249,21.2
43.5613,-80.9124,21.2
43.5704,-80.9123,21.2
43.5794,-80.9122,21.2
43.5885,-80.9121,21.2
43.5885,-80.9245,21.2
43.5976,-80.9244,21.2
43.6066,-80.9243,21.2
43.6065,-80.9118,21.2
43.6156,-80.9117,21.2
43.6246,-80.9116,21.2
43.6245,-80.8991,21.2
43.6336,-80.8989,21.2
43.6335,-80.8865,21.2
43.6425,-80.8863,21.2
43.6424,-80.8738,21.2
43.6514,-80.8737,21.2
43.6605,-80.8736,21.2
43.6606,-80.8861,21.2
43.6696,-80.8859,21.2
43.6787,-80.8858,21.2
43.6877,-80.8857,21.2
43.6967,-80.8856,21.2
43.7058,-80.8854,21.2
43.7148,-80.8853,21.2
43.7147,-80.8728,21.2
43.7146,-80.8603,21.2
43.7237,-80.8602,21.2
43.7236,-80.8476,21.2
43.7235,-80.8351,21.2
43.7234,-80.8226,21.2
43.7324,-80.8225,21.2
43.7323,-80.8100,21.2
43.7413,-80.8098,21.2
43.7412,-80.7973,21.2
43.7503,-80.7972,21.2
43.7593,-80.7970,21.2
43.7592,-80.7845,21.2
43.7682,-80.7844,21.2
43.7681,-80.7719,21.2
43.7772,-80.7717,21.2
43.7862,-80.7716,21.2
43.7861,-80.7591,21.2
43.7952,-80.7589,21.2
43.7950,-80.7464,21.2
43.8041,-80.7462,21.2
43.8131,-80.7461,21.2
43.8222,-80.7459,21.2
43.8312,-80.7458,21.2
43.8402,-80.7456,21.2
43.8493,-80.7455,21.2
43.8492,-80.7330,21.2
43.8491,-80.7204,21.2
43.8581,-80.7203,21.2
43.8580,-80.7077,21.2
43.8670,-80.7076,21.2
43.8761,-80.7074,21.2
43.8851,-80.7073,21.2
43.8941,-80.7071,21.2
43.8940,-80.6946,21.2
43.9031,-80.6944,21.2
43.9029,-80.6819,21.2
43.9120,-80.6817,21.2
43.9119,-80.6691,21.2
43.9209,-80.6690,21.2
43.9299,-80.6688,21.2
43.9298,-80.6563,21.2
43.9389,-80.6561,21.2
43.9479,-80.6559,21.2
43.9478,-80.6434,21.2
43.9568,-80.6432,21.2
43.9567,-80.6307,21.2
43.9566,-80.6181,21.2
43.9565,-80.6056,21.2
43.9474,-80.6057,21.2
43.9473,-80.5932,21.2
43.9382,-80.5933,21.2
43.9381,-80.5808,21.2
43.9291,-80.5810,21.2
43.9290,-80.5684,21.2
43.9288,-80.5559,21.2
43.9287,-80.5433,21.2
43.9286,-80.5308,21.2
43.9376,-80.5306,21.2
43.9375,-80.5180,21.2
43.9465,-80.5178,21.2
43.9464,-80.5053,21.2
43.9554,-80.5051,21.2
43.9553,-80.4925,21.2
43.9643,-80.4924,21.2
43.9642,-80.4798,21.2
43.9640,-80.4672,21.2
43.9731,-80.4670,21.2
43.9821,-80.4669,21.2
43.9820,-80.4543,21.2
43.9910,-80.4541,21.2
43.9912,-80.4667,21.2
44.0002,-80.4665,21.2
44.0003,-80.4790,21.2
44.0005,-80.4916,21.2
44.0095,-80.4914,21.2
44.0185,-80.4912,21.2
44.0276,-80.4910,21.2
44.0366,-80.4908,21.2
44.0365,-80.4783,21.2
44.0455,-80.4781,21.2
44.0454,-80.4655,21.2
44.0452,-80.4529,21.2
44.0543,-80.4527,21.2
44.0541,-80.4401,21.2
44.0632,-80.4400,21.2
44.0630,-80.4274,21.2
44.0721,-80.4272,21.2
44.0811,-80.4270,21.2
44.0810,-80.4144,21.2
44.0900,-80.4142,21.2
44.0990,-80.4140,21.2
44.0989,-80.4014,21.2
44.1079,-80.4012,21.2
44.1170,-80.4010,21.2
44.1168,-80.3884,21.2
44.1258,-80.3882,21.2
44.1349,-80.3880,21.2
44.1439,-80.3878,21.2
44.1530,-80.3876,21.2
44.1531,-80.4002,21.2
44.1621,-80.4000,21.2
44.1712,-80.3998,21.2
44.1713,-80.4124,21.2
44.1804,-80.4122,21.2
44.1802,-80.3996,21.2
44.1893,-80.3993,21.2
44.1891,-80.3867,21.2
44.1981,-80.3865,21.2
44.1980,-80.3739,21.2
44.2070,-80.3737,21.2
44.2069,-80.3611,21.2
44.2159,-80.3609,21.2
44.2158,-80.3483,21.2
44.2248,-80.3481,21.2
44.2246,-80.3355,21.2
44.2337,-80.3352,21.2
44.2427,-80.3350,21.2
44.2426,-80.3224,21.2
44.2516,-80.3222,21.2
44.2514,-80.3096,21.2
44.2424,-80.3098,21.2
44.2422,-80.2972,21.2
44.2332,-80.2974,21.2
44.2331,-80.2848,21.2
44.2240,-80.2850,21.2
44.2239,-80.2724,21.2
44.2148,-80.2726,21.2
44.2058,-80.2728,21.2
44.2056,-80.2602,21.2
44.1966,-80.2605,21.2
44.1964,-80.2479,21.2
44.1874,-80.2481,21.2
44.1783,-80.2483,21.2
44.1693,-80.2485,21.2
44.1603,-80.2488,21.2
44.1512,-80.2490,21.2
44.1422,-80.2492,21.2
44.1332,-80.2495,21.2
44.1333,-80.2621,21.2
44.1243,-80.2623,21.2
44.1153,-80.2625,21.2
44.1062,-80.2627,21.2
44.0972,-80.2630,21.2
44.0970,-80.2504,21.2
44.0880,-80.2506,21.2
44.0878,-80.2380,21.2
44.0788,-80.2382,21.2
44.0786,-80.2257,21.2
44.0696,-80.2259,21.2
44.0605,-80.2261,21.2
44.0604,-80.2135,21.2
44.0513,-80.2138,21.2
44.0423,-80.2140,21.2
44.0421,-80.2014,21.2
44.0420,-80.1889,21.2
44.0418,-80.1763,21.2
44.0328,-80.1765,21.2
44.0326,-80.1640,21.2
44.0324,-80.1514,21.2
44.0234,-80.1516,21.2
44.0232,-80.1391,21.2
44.0142,-80.1393,21.2
44.0051,-80.1396,21.2
44.0053,-80.1521,21.2
43.9963,-80.1524,21.2
43.9964,-80.1649,21.2
43.9874,-80.1652,21.2
43.9784,-80.1654,21.2
43.9785,-80.1780,21.2
43.9695,-80.1782,21.2
43.9605,-80.1784,21.2
43.9514,-80.1787,21.2
43.9513,-80.1661,21.2
43.9422,-80.1664,21.2
43.9332,-80.1666,21.2
43.9330,-80.1541,21.2
43.9240,-80.1543,21.2
43.9149,-80.1545,21.2
43.9059,-80.1548,21.2
43.8969,-80.1550,21.2
43.8970,-80.1676,21.2
43.8880,-80.1678,21.2
43.8882,-80.1803,21.2
43.8791,-80.1806,21.2
43.8701,-80.1808,21.2
43.8611,-80.1810,21.2
43.8520,-80.1813,21.2
43.8430,-80.1815,21.2
43.8428,-80.1690,21.2
43.8338,-80.1692,21.2
43.8248,-80.1695,21.2
43.8246,-80.1569,21.2
43.8155,-80.1572,21.2
43.8065,-80.1574,21.2
43.8063,-80.1449,21.2
43.7973,-80.1451,21.2
43.7883,-80.1454,21.2
43.7881,-80.1329,21.2
43.7791,-80.1331,21.2
43.7700,-80.1333,21.2
43.7698,-80.1208,21.2
43.7697,-80.1083,21.2
43.7695,-80.0958,21.2
43.7693,-80.0833,21.2
43.7603,-80.0835,21.2
43.7601,-80.0710,21.2
43.7511,-80.0713,21.2
43.7420,-80.0715,21.2
43.7418,-80.0590,21.2
43.7416,-80.0465,21.2
43.7326,-80.0468,21.2
43.7324,-80.0342,21.2
43.7234,-80.0345,21.2
43.7144,-80.0348,21.2
43.7145,-80.0473,21.2
43.7055,-80.0475,21.2
43.6965,-80.0478,21.2
43.6967,-80.0603,21.2
43.6876,-80.0605,21.2
43.6878,-80.0730,21.2
43.6788,-80.0733,21.2
43.6697,-80.0735,21.2
43.6699,-80.0860,21.2
43.6609,-80.0863,21.2
43.6518,-80.0865,21.2
43.6517,-80.0740,21.2
43.6426,-80.0743,21.2
43.6424,-80.0618,21.2
43.6334,-80.0620,21.2
43.6244,-80.0623,21.2
43.6242,-80.0498,21.2
43.6152,-80.0501,21.2
43.6150,-80.0376,21.2
43.6059,-80.0378,21.2
43.6057,-80.0254,21.2
43.5967,-80.0256,21.2
43.5877,-80.0259,21.2
43.5786,-80.0261,21.2
43.5788,-80.0386,21.2
43.5698,-80.0389,21.2
43.5700,-80.0513,21.2
43.5609,-80.0516,21.2
43.5611,-80.0641,21.2
43.5521,-80.0643,21.2
43.5523,-80.0768,21.2
43.5432,-80.0770,21.2
43.5434,-80.0895,21.2
43.5344,-80.0897,21.2
43.5253,-80.0900,21.2
43.5255,-80.1025,21.2
43.5165,-80.1027,21.2
43.5074,-80.1029,21.2
43.4984,-80.1032,21.2
43.4894,-80.1034,21.2
43.4895,-80.1159,21.2
43.4805,-80.1161,21.2
43.4715,-80.1164,21.2
43.4624,-80.1166,21.2
43.4534,-80.1169,21.2
43.4536,-80.1293,21.2
43.4445,-80.1296,21.2
43.4447,-80.1420,21.2
43.4357,-80.1422,21.2
43.4359,-80.1547,21.2
43.4268,-80.1549,21.2
43.4270,-80.1674,21.2
43.4180,-80.1676,21.2
43.4089,-80.1678,21.2
43.3999,-80.1681,21.2
43.3908,-80.1683,21.2
43.3818,-80.1685,21.2
43.3816,-80.1561,21.2
43.3815,-80.1437,21.2
43.3724,-80.1439,21.2
43.3723,-80.1315,21.2
43.3721,-80.1190,21.2
43.3630,-80.1193,21.2
43.3629,-80.1069,21.2
43.3538,-80.1071,21.2
43.3537,-80.0947,21.2
43.3535,-80.0822,21.2
43.3444,-80.0825,21.2
43.3354,-80.0827,21.2
43.3356,-80.0952,21.2
43.3265,-80.0954,21.2
43.3175,-80.0956,21.2
43.3177,-80.1081,21.2
43.3087,-80.1083,21.2
43.2996,-80.1086,21.2
43.2906,-80.1088,21.2
43.2815,-80.1090,21.2
43.2814,-80.0966,21.2
43.2723,-80.0969,21.2
43.2722,-80.0845,21.2
43.2720,-80.0720,21.2
43.2629,-80.0723,21.2
43.2628,-80.0599,21.2
43.2626,-80.0475,21.2
43.2535,-80.0477,21.2
43.2534,-80.0353,21.2
43.2443,-80.0356,21.2
43.2441,-80.0232,21.2
43.2351,-80.0234,21.2
43.2349,-80.0110,21.2
43.2259,-80.0113,21.2
43.2257,-79.9989,21.2
43.2255,-79.9865,21.2
43.2165,-79.9867,21.2
43.2163,-79.9743,21.2
43.2072,-79.9746,21.2
43.1982,-79.9748,21.2
43.1892,-79.9751,21.2
43.1801,-79.9754,21.2
43.1711,-79.9756,21.2
43.1621,-79.9759,21.2
43.1619,-79.9635,21.2
43.1528,-79.9638,21.2
43.1438,-79.9640,21.2
43.1348,-79.9643,21.2
43.1346,-79.9519,21.2
43.1255,-79.9522,21.2
43.1253,-79.9398,21.2
43.1163,-79.9400,21.2
43.1073,-79.9403,21.2
43.1071,-79.9279,21.2
43.0980,-79.9282,21.2
43.0979,-79.9158,21.2
43.0888,-79.9161,21.2
43.0886,-79.9037,21.2
43.0796,-79.9040,21.2
43.0794,-79.8916,21.2
43.0704,-79.8919,21.2
43.0702,-79.8795,21.2
43.0611,-79.8798,21.2
43.0609,-79.8674,21.2
43.0519,-79.8677,21.2
43.0517,-79.8553,21.2
43.0426,-79.8556,21.2
43.0336,-79.8559,21.2
43.0334,-79.8435,21.2
43.0244,-79.8438,21.2
43.0153,-79.8441,21.2
43.0063,-79.8444,21.2
42.9973,-79.8446,21.2
42.9975,-79.8570,21.2
42.9884,-79.8573,21.2
42.9794,-79.8575,21.2
42.9792,-79.8452,21.2
42.9790,-79.8328,21.2
42.9788,-79.8205,21.2
42.9786,-79.8081,21.2
42.9695,-79.8084,21.2
42.9693,-79.7961,21.2
42.9784,-79.7958,21.2
42.9782,-79.7834,21.2
42.9780,-79.7711,21.2
42.9689,-79.7714,21.2
42.9599,-79.7717,21.2
42.9508,-79.7719,21.2
42.9506,-79.7596,21.2
42.9416,-79.7599,21.2
42.9414,-79.7475,21.2
42.9412,-79.7352,21.2
42.9410,-79.7229,21.2
42.9500,-79.7226,21.2
42.9498,-79.7102,21.2
42.9588,-79.7099,21.2
42.9586,-79.6976,21.2
42.9584,-79.6852,21.2
42.9581,-79.6729,21.2
42.9579,-79.6605,21.2
42.9489,-79.6608,21.2
42.9487,-79.6485,21.2
42.9396,-79.6488,21.2
42.9394,-79.6364,21.2
42.9392,-79.6241,21.2
42.9390,-79.6118,21.2
42.9387,-79.5994,21.2
42.9297,-79.5997,21.2
42.9207,-79.6000,21.2
42.9204,-79.5877,21.2
42.9114,-79.5880,21.2
42.9112,-79.5757,21.2
42.9021,-79.5760,21.2
42.9019,-79.5637,21.2
42.9017,-79.5513,21.2
42.8926,-79.5516,21.2
42.8924,-79.5393,21.2
42.8922,-79.5270,21.2
42.9012,-79.5267,21.2
42.9010,-79.5143,21.2
42.9007,-79.5020,21.2
42.8917,-79.5023,21.2
42.8914,-79.4900,21.2
42.8824,-79.4903,21.2
42.8822,-79.4780,21.2
42.8819,-79.4656,21.2
42.8817,-79.4533,21.2
42.8814,-79.4410,21.2
42.8812,-79.4286,21.2
42.8809,-79.4163,21.2
42.8807,-79.4040,21.2
42.8804,-79.3917,21.2
42.8802,-79.3793,21.2
42.8799,-79.3670,21.2
42.8797,-79.3547,21.2
42.8794,-79.3423,21.2
42.8792,-79.3300,21.2
42.8789,-79.3177,21.2
42.8786,-79.3053,21.2
42.8877,-79.3050,21.2
42.8874,-79.2926,21.2
42.8871,-79.2803,21.2
42.8962,-79.2800,21.2
42.8959,-79.2676,21.2
42.8956,-79.2553,21.2
42.9047,-79.2549,21.2
42.9044,-79.2426,21.2
42.9041,-79.2302,21.2
42.9039,-79.2179,21.2
42.9036,-79.2056,21.2
42.9033,-79.1932,21.2
42.9124,-79.1929,21.2
42.9121,-79.1805,21.2
42.9030,-79.1809,21.2
42.9028,-79.1686,21.2
42.8937,-79.1690,21.2
42.8935,-79.1566,21.2
42.8844,-79.1570,21.2
42.8842,-79.1447,21.2
42.8751,-79.1450,21.2
42.8748,-79.1327,21.2
42.8746,-79.1204,21.2
42.8655,-79.1208,21.2
42.8653,-79.1084,21.2
42.8650,-79.0961,21.2
42.8647,-79.0838,21.2
42.8644,-79.0715,21.2
42.8734,-79.0711,21.2
42.8731,-79.0587,21.2
42.8729,-79.0464,21.2
42.8819,-79.0460,21.2
42.8816,-79.0337,21.2
42.8906,-79.0333,21.2
42.8903,-79.0210,21.2
42.8900,-79.0086,21.2
42.8991,-79.0082,21.2
42.8988,-78.9959,21.2
42.8985,-78.9836,21.2
42.8982,-78.9712,21.2
42.8892,-78.9716,21.2
42.8889,-78.9593,21.2
42.8886,-78.9470,21.2
42.8883,-78.9346,21.2
42.8880,-78.9223,21.2
42.8877,-78.9100,21.2
42.8874,-78.8977,21.2
42.8870,-78.8853,21.2
42.8867,-78.8730,21.2
42.8864,-78.8607,21.2
42.8955,-78.8602,21.2
42.8952,-78.8479,21.2
42.9042,-78.8475,21.2
42.9039,-78.8351,21.2
42.9129,-78.8347,21.2
42.9126,-78.8224,21.2
42.9216,-78.8220,21.2
42.9213,-78.8096,21.2
42.9303,-78.8092,21.2
42.9300,-78.7969,21.2
42.9297,-78.7845,21.2
42.9294,-78.7722,21.2
42.9291,-78.7598,21.2
42.9287,-78.7475,21.2
42.9284,-78.7352,21.2
42.9281,-78.7228,21.2
42.9191,-78.7233,21.2
42.9187,-78.7109,21.2
42.9184,-78.6986,21.2
42.9181,-78.6863,21.2
42.9178,-78.6739,21.2
42.9174,-78.6616,21.2
42.9171,-78.6493,21.2
42.9168,-78.6369,21.2
42.9258,-78.6365,21.2
42.9255,-78.6241,21.2
42.9251,-78.6118,21.2
42.9248,-78.5995,21.2
42.9244,-78.5871,21.2
42.9241,-78.5748,21.2
42.9151,-78.5752,21.2
42.9147,-78.5629,21.2
42.9144,-78.5506,21.2
42.9054,-78.5510,21.2
42.9050,-78.5387,21.2
42.9047,-78.5264,21.2
42.8957,-78.5269,21.2
42.8953,-78.5145,21.2
42.8863,-78.5150,21.2
42.8773,-78.5155,21.2
42.8769,-78.5031,21.2
42.8766,-78.4908,21.2
42.8762,-78.4785,21.2
42.8672,-78.4790,21.2
42.8668,-78.4666,21.2
42.8665,-78.4543,21.2
42.8661,-78.4420,21.2
42.8658,-78.4297,21.2
42.8568,-78.4302,21.2
42.8564,-78.4178,21.2
42.8561,-78.4055,21.2
42.8470,-78.4060,21.2
42.8467,-78.3937,21.2
42.8463,-78.3814,21.2
42.8373,-78.3819,21.2
42.8369,-78.3695,21.2
42.8366,-78.3572,21.2
42.8275,-78.3577,21.2
42.8272,-78.3454,21.2
42.8268,-78.3331,21.2
42.8178,-78.3336,21.2
42.8088,-78.3341,21.2
42.7997,-78.3346,21.2
42.7907,-78.3351,21.2
42.7911,-78.3474,21.2
42.7821,-78.3479,21.2
42.7817,-78.3356,21.2
42.7727,-78.3361,21.2
42.7636,-78.3366,21.2
42.7546,-78.3371,21.2
42.7456,-78.3376,21.2
42.7366,-78.3380,21.2
42.7276,-78.3385,21.2
42.7279,-78.3508,21.2
42.7189,-78.3513,21.2
42.7099,-78.3518,21.2
42.7008,-78.3523,21.2
42.7012,-78.3646,21.2
42.6922,-78.3651,21.2
42.6832,-78.3656,21.2
42.6741,-78.3661,21.2
42.6738,-78.3538,21.2
42.6648,-78.3543,21.2
42.6557,-78.3548,21.2
42.6554,-78.3425,21.2
42.6463,-78.3430,21.2
42.6460,-78.3307,21.2
42.6370,-78.3312,21.2
42.6366,-78.3189,21.2
42.6276,-78.3194,21.2
42.6272,-78.3071,21.2
42.6268,-78.2949,21.2
42.6178,-78.2954,21.2
42.6088,-78.2959,21.2
42.5998,-78.2964,21.2
42.5907,-78.2969,21.2
42.5817,-78.2974,21.2
42.5727,-78.2979,21.2
42.5637,-78.2984,21.2
42.5640,-78.3106,21.2
42.5550,-78.3111,21.2
42.5460,-78.3116,21.2
42.5370,-78.3121,21.2
42.5366,-78.2999,21.2
42.5276,-78.3004,21.2
42.5186,-78.3009,21.2
42.5095,-78.3014,21.2
42.5005,-78.3019,21.2
42.4915,-78.3023,21.2
42.4911,-78.2901,21.2
42.4821,-78.2906,21.2
42.4731,-78.2911,21.2
42.4640,-78.2916,21.2
42.4550,-78.2921,21.2
42.4547,-78.2798,21.2
42.4456,-78.2803,21.2
42.4366,-78.2808,21.2
42.4370,-78.2931,21.2
42.4280,-78.2936,21.2
42.4189,-78.2941,21.2
42.4193,-78.3063,21.2
42.4103,-78.3068,21.2
42.4106,-78.3190,21.2
42.4016,-78.3195,21.2
42.4020,-78.3318,21.2
42.3930,-78.3323,21.2
42.3933,-78.3445,21.2
42.3843,-78.3450,21.2
42.3847,-78.3572,21.2
42.3756,-78.3577,21.2
42.3760,-78.3699,21.2
42.3850,-78.3694,21.2
42.3854,-78.3817,21.2
42.3857,-78.3939,21.2
42.3947,-78.3934,21.2
42.3951,-78.4056,21.2
42.3955,-78.4179,21.2
42.3958,-78.4301,21.2
42.4048,-78.4296,21.2
42.4052,-78.4419,21.2
42.4142,-78.4414,21.2
42.4146,-78.4536,21.2
42.4055,-78.4541,21.2
42.4059,-78.4663,21.2
42.4062,-78.4786,21.2
42.4066,-78.4908,21.2
42.4156,-78.4903,21.2
42.4159,-78.5026,21.2
42.4163,-78.5148,21.2
42.4166,-78.5270,21.2
42.4076,-78.5275,21.2
42.4079,-78.5397,21.2
42.4083,-78.5520,21.2
42.4086,-78.5642,21.2
42.4090,-78.5764,21.2
42.3999,-78.5769,21.2
42.4003,-78.5891,21.2
42.3912,-78.5896,21.2
42.3822,-78.5900,21.2
42.3826,-78.6023,21.2
42.3735,-78.6027,21.2
42.3739,-78.6149,21.2
42.3648,-78.6154,21.2
42.3652,-78.6276,21.2
42.3655,-78.6398,21.2
42.3565,-78.6403,21.2
42.3568,-78.6525,21.2
42.3571,-78.6647,21.2
42.3481,-78.6652,21.2
42.3391,-78.6656,21.2
42.3387,-78.6534,21.2
42.3384,-78.6412,21.2
42.3294,-78.6416,21.2
42.3297,-78.6538,21.2
42.3207,-78.6543,21.2
42.3117,-78.6547,21.2
42.3120,-78.6669,21.2
42.3030,-78.6674,21.2
42.3033,-78.6796,21.2
42.2943,-78.6800,21.2
42.2946,-78.6922,21.2
42.2949,-78.7045,21.2
42.2859,-78.7049,21.2
42.2862,-78.7171,21.2
42.2865,-78.7293,21.2
42.2775,-78.7297,21.2
42.2778,-78.7420,21.2
42.2781,-78.7542,21.2
42.2784,-78.7664,21.2
42.2788,-78.7786,21.2
42.2697,-78.7790,21.2
42.2700,-78.7912,21.2
42.2704,-78.8034,21.2
42.2707,-78.8156,21.2
42.2710,-78.8278,21.2
42.2620,-78.8283,21.2
42.2623,-78.8405,21.2
42.2713,-78.8401,21.2
42.2716,-78.8523,21.2
42.2719,-78.8645,21.2
42.2809,-78.8641,21.2
42.2812,-78.8763,21.2
42.2903,-78.8759,21.2
42.2906,-78.8881,21.2
42.2996,-78.8877,21.2
42.3086,-78.8873,21.2
42.3177,-78.8868,21.2
42.3267,-78.8864,21.2
42.3270,-78.8987,21.2
42.3360,-78.8983,21.2
42.3450,-78.8978,21.2
42.3541,-78.8974,21.2
42.3544,-78.9097,21.2
42.3634,-78.9093,21.2
42.3637,-78.9215,21.2
42.3640,-78.9337,21.2
42.3643,-78.9459,21.2
42.3733,-78.9455,21.2
42.3736,-78.9578,21.2
42.3826,-78.9574,21.2
42.3917,-78.9570,21.2
42.3920,-78.9692,21.2
42.4010,-78.9688,21.2
42.4013,-78.9810,21.2
42.4103,-78.9806,21.2
42.4194,-78.9802,21.2
42.4196,-78.9925,21.2
42.4287,-78.9921,21.2
42.4290,-79.0043,21.2
42.4293,-79.0166,21.2
42.4383,-79.0162,21.2
42.4386,-79.0284,21.2
42.4389,-79.0407,21.2
42.4391,-79.0529,21.2
42.4301,-79.0533,21.2
42.4304,-79.0655,21.2
42.4307,-79.0778,21.2
42.4310,-79.0900,21.2
42.4313,-79.1022,21.2
42.4222,-79.1026,21.2
42.4225,-79.1149,21.2
42.4228,-79.1271,21.2
42.4231,-79.1393,21.2
42.4233,-79.1516,21.2
42.4236,-79.1638,21.2
42.4239,-79.1761,21.2
42.4149,-79.1764,21.2
42.4151,-79.1887,21.2
42.4061,-79.1890,21.2
42.3971,-79.1894,21.2
42.3973,-79.2016,21.2
42.3883,-79.2020,21.2
42.3793,-79.2024,21.2
42.3702,-79.2027,21.2
42.3612,-79.2031,21.2
42.3522,-79.2035,21.2
42.3431,-79.2038,21.2
42.3341,-79.2042,21.2
42.3338,-79.1920,21.2
42.3248,-79.1923,21.2
42.3251,-79.2046,21.2
42.3254,-79.2168,21.2
42.3256,-79.2290,21.2
42.3347,-79.2286,21.2
42.3349,-79.2409,21.2
42.3439,-79.2405,21.2
42.3442,-79.2527,21.2
42.3532,-79.2524,21.2
42.3535,-79.2646,21.2
42.3625,-79.2642,21.2
42.3716,-79.2639,21.2
42.3718,-79.2761,21.2
42.3721,-79.2884,21.2
42.3631,-79.2887,21.2
42.3633,-79.3009,21.2
42.3543,-79.3013,21.2
42.3546,-79.3135,21.2
42.3548,-79.3257,21.2
42.3551,-79.3380,21.2
42.3460,-79.3383,21.2
42.3463,-79.3505,21.2
42.3465,-79.3628,21.2
42.3468,-79.3750,21.2
42.3470,-79.3872,21.2
42.3473,-79.3994,21.2
42.3475,-79.4117,21.2
42.3385,-79.4120,21.2
42.3388,-79.4242,21.2
42.3390,-79.4365,21.2
42.3300,-79.4368,21.2
42.3302,-79.4490,21.2
42.3212,-79.4493,21.2
42.3214,-79.4616,21.2
42.3217,-79.4738,21.2
42.3219,-79.4860,21.2
42.3129,-79.4863,21.2
42.3038,-79.4867,21.2
42.3041,-79.4989,21.2
42.2950,-79.4992,21.2
42.2860,-79.4995,21.2
42.2862,-79.5117,21.2
42.2772,-79.5120,21.2
42.2682,-79.5124,21.2
42.2684,-79.5246,21.2
42.2594,-79.5249,21.2
42.2596,-79.5371,21.2
42.2599,-79.5493,21.2
42.2508,-79.5496,21.2
42.2510,-79.5618,21.2
42.2420,-79.5621,21.2
42.2330,-79.5625,21.2
42.2332,-79.5747,21.2
42.2242,-79.5750,21.2
42.2151,-79.5753,21.2
42.2061,-79.5756,21.2
42.1971,-79.5759,21.2
42.1969,-79.5637,21.2
42.1878,-79.5640,21.2
42.1788,-79.5643,21.2
42.1698,-79.5646,21.2
42.1700,-79.5768,21.2
42.1702,-79.5890,21.2
42.1704,-79.6012,21.2
42.1795,-79.6009,21.2
42.1797,-79.6131,21.2
42.1799,-79.6253,21.2
42.1801,-79.6375,21.2
42.1711,-79.6378,21.2
42.1621,-79.6381,21.2
42.1623,-79.6503,21.2
42.1533,-79.6506,21.2
42.1535,-79.6628,21.2
42.1537,-79.6750,21.2
42.1539,-79.6872,21.2
42.1541,-79.6993,21.2
42.1632,-79.6991,21.2
42.1634,-79.7112,21.2
42.1636,-79.7234,21.2
42.1638,-79.7356,21.2
42.1640,-79.7478,21.2
42.1550,-79.7481,21.2
42.1552,-79.7603,21.2
42.1462,-79.7606,21.2
42.1464,-79.7728,21.2
42.1466,-79.7850,21.2
42.1468,-79.7971,21.2
42.1378,-79.7974,21.2
42.1380,-79.8096,21.2
42.1289,-79.8099,21.2
42.1199,-79.8102,21.2
42.1201,-79.8223,21.2
42.1203,-79.8345,21.2
42.1113,-79.8348,21.2
42.1115,-79.8470,21.2
42.1117,-79.8592,21.2
42.1026,-79.8594,21.2
42.1028,-79.8716,21.2
42.0938,-79.8719,21.2
42.0848,-79.8721,21.2
42.0757,-79.8724,21.2
42.0759,-79.8846,21.2
42.0669,-79.8849,21.2
42.0671,-79.8970,21.2
42.0673,-79.9092,21.2
42.0675,-79.9214,21.2
42.0584,-79.9216,21.2
42.0586,-79.9338,21.2
42.0588,-79.9460,21.2
42.0498,-79.9462,21.2
42.0500,-79.9584,21.2
42.0502,-79.9706,21.2
42.0503,-79.9827,21.2
42.0413,-79.9830,21.2
42.0323,-79.9832,21.2
42.0325,-79.9954,21.2
42.0234,-79.9957,21.2
42.0236,-80.0078,21.2
42.0238,-80.0200,21.2
42.0148,-80.0202,21.2
42.0149,-80.0324,21.2
42.0151,-80.0446,21.2
42.0061,-80.0448,21.2
41.9970,-80.0451,21.2
41.9969,-80.0329,21.2
41.9878,-80.0331,21.2
41.9876,-80.0210,21.2
41.9786,-80.0212,21.2
41.9696,-80.0215,21.2
41.9698,-80.0336,21.2
41.9607,-80.0339,21.2
41.9609,-80.0460,21.2
41.9611,-80.0582,21.2
41.9613,-80.0703,21.2
41.9522,-80.0706,21.2
41.9524,-80.0827,21.2
41.9526,-80.0949,21.2
41.9527,-80.1070,21.2
41.9437,-80.1072,21.2
41.9439,-80.1194,21.2
41.9348,-80.1196,21.2
41.9350,-80.1318,21.2
41.9260,-80.1320,21.2
41.9261,-80.1442,21.2
41.9171,-80.1444,21.2
41.9173,-80.1565,21.2
41.9174,-80.1687,21.2
41.9176,-80.1808,21.2
41.9178,-80.1930,21.2
41.9087,-80.1932,21.2
41.9089,-80.2053,21.2
41.9091,-80.2175,21.2
41.9092,-80.2296,21.2
41.9002,-80.2298,21.2
41.9003,-80.2420,21.2
41.8913,-80.2422,21.2
41.8823,-80.2424,21.2
41.8824,-80.2545,21.2
41.8734,-80.2547,21.2
41.8735,-80.2669,21.2
41.8737,-80.2790,21.2
41.8647,-80.2792,21.2
41.8556,-80.2794,21.2
41.8558,-80.2916,21.2
41.8467,-80.2918,21.2
41.8377,-80.2920,21.2
41.8287,-80.2922,21.2
41.8196,-80.2924,21.2
41.8106,-80.2926,21.2
41.8107,-80.3047,21.2
41.8109,-80.3168,21.2
41.8110,-80.3290,21.2
41.8020,-80.3292,21.2
41.8022,-80.3413,21.2
41.7931,-80.3415,21.2
41.7930,-80.3294,21.2
41.7839,-80.3296,21.2
41.7749,-80.3298,21.2
41.7659,-80.3300,21.2
41.7568,-80.3302,21.2
41.7567,-80.3181,21.2
41.7476,-80.3183,21.2
41.7386,-80.3185,21.2
41.7296,-80.3187,21.2
41.7205,-80.3189,21.2
41.7115,-80.3191,21.2
41.7024,-80.3193,21.2
41.6934,-80.3195,21.2
41.6844,-80.3196,21.2
41.6845,-80.3318,21.2
41.6755,-80.3320,21.2
41.6665,-80.3321,21.2
41.6666,-80.3442,21.2
41.6576,-80.3444,21.2
41.6577,-80.3565,21.2
41.6487,-80.3567,21.2
41.6488,-80.3688,21.2
41.6490,-80.3809,21.2
41.6491,-80.3930,21.2
41.6581,-80.3928,21.2
41.6583,-80.4049,21.2
41.6673,-80.4047,21.2
41.6764,-80.4046,21.2
41.6854,-80.4044,21.2
41.6944,-80.4042,21.2
41.7035,-80.4040,21.2
41.7036,-80.4161,21.2
41.7126,-80.4159,21.2
41.7128,-80.4280,21.2
41.7218,-80.4278,21.2
41.7220,-80.4399,21.2
41.7310,-80.4398,21.2
41.7400,-80.4396,21.2
41.7402,-80.4517,21.2
41.7492,-80.4515,21.2
41.7582,-80.4513,21.2
41.7584,-80.4634,21.2
41.7585,-80.4756,21.2
41.7586,-80.4877,21.2
41.7496,-80.4879,21.2
41.7497,-80.5000,21.2
41.7499,-80.5121,21.2
41.7408,-80.5123,21.2
41.7318,-80.5124,21.2
41.7319,-80.5245,21.2
41.7229,-80.5247,21.2
41.7227,-80.5126,21.2
41.7137,-80.5128,21.2
41.7047,-80.5130,21.2
41.6956,-80.5131,21.2
41.6866,-80.5133,21.2
41.6867,-80.5254,21.2
41.6777,-80.5256,21.2
41.6778,-80.5377,21.2
41.6779,-80.5498,21.2
41.6689,-80.5499,21.2
41.6599,-80.5501,21.2
41.6600,-80.5622,21.2
41.6601,-80.5743,21.2
41.6511,-80.5745,21.2
41.6512,-80.5866,21.2
41.6513,-80.5987,21.2
41.6514,-80.6108,21.2
41.6516,-80.6229,21.2
41.6425,-80.6230,21.2
41.6426,-80.6351,21.2
41.6427,-80.6472,21.2
41.6429,-80.6593,21.2
41.6338,-80.6595,21.2
41.6339,-80.6715,21.2
41.6249,-80.6717,21.2
41.6250,-80.6838,21.2
41.6160,-80.6839,21.2
41.6069,-80.6841,21.2
41.6070,-80.6962,21.2
41.5980,-80.6963,21.2
41.5890,-80.6965,21.2
41.5799,-80.6966,21.2
41.5709,-80.6968,21.2
41.5710,-80.7088,21.2
41.5711,-80.7209,21.2
41.5712,-80.7330,21.2
41.5622,-80.7331,21.2
41.5623,-80.7452,21.2
41.5532,-80.7454,21.2
41.5442,-80.7455,21.2
41.5443,-80.7576,21.2
41.5353,-80.7577,21.2
41.5262,-80.7579,21.2
41.5172,-80.7580,21.2
41.5082,-80.7581,21.2
41.4991,-80.7583,21.2
41.4901,-80.7584,21.2
41.4902,-80.7705,21.2
41.4811,-80.7706,21.2
41.4812,-80.7827,21.2
41.4813,-80.7947,21.2
41.4723,-80.7949,21.2
41.4724,-80.8069,21.2
41.4634,-80.8071,21.2
41.4543,-80.8072,21.2
41.4453,-80.8073,21.2
41.4362,-80.8074,21.2
41.4272,-80.8076,21.2
41.4182,-80.8077,21.2
41.4091,-80.8078,21.2
41.4001,-80.8080,21.2
41.3911,-80.8081,21.2
41.3820,-80.8082,21.2
41.3730,-80.8084,21.2
41.3639,-80.8085,21.2
41.3640,-80.8205,21.2
41.3550,-80.8207,21.2
41.3460,-80.8208,21.2
41.3369,-80.8209,21.2
41.3279,-80.8210,21.2
41.3280,-80.8331,21.2
41.3189,-80.8332,21.2
41.3190,-80.8452,21.2
41.3100,-80.8454,21.2
41.3101,-80.8574,21.2
41.3010,-80.8575,21.2
41.3011,-80.8696,21.2
41.2921,-80.8697,21.2
41.2922,-80.8817,21.2
41.2923,-80.8937,21.2
41.2832,-80.8939,21.2
41.2833,-80.9059,21.2
41.2834,-80.9179,21.2
41.2835,-80.9299,21.2
41.2745,-80.9300,21.2
41.2745,-80.9421,21.2
41.2836,-80.9420,21.2
41.2837,-80.9540,21.2
41.2837,-80.9660,21.2
41.2838,-80.9781,21.2
41.2929,-80.9779,21.2
41.2929,-80.9900,21.2
41.3020,-80.9899,21.2
41.3021,-81.0019,21.2
41.3111,-81.0018,21.2
41.3201,-81.0017,21.2
41.3202,-81.0137,21.2
41.3203,-81.0258,21.2
41.3204,-81.0378,21.2
41.3204,-81.0498,21.2
41.3295,-81.0497,21.2
41.3295,-81.0618,21.2
41.3296,-81.0738,21.2
41.3387,-81.0737,21.2
41.3387,-81.0858,21.2
41.3388,-81.0978,21.2
41.3478,-81.0977,21.2
41.3479,-81.1098,21.2
41.3569,-81.1097,21.2
41.3660,-81.1096,21.2
41.3750,-81.1095,21.2
41.3841,-81.1094,21.2
41.3841,-81.1215,21.2
41.3751,-81.1215,21.2
41.3751,-81.1336,21.2
41.3661,-81.1337,21.2
41.3662,-81.1457,21.2
41.3571,-81.1458,21.2
41.3481,-81.1459,21.2
41.3390,-81.1460,21.2
41.3391,-81.1580,21.2
41.3301,-81.1581,21.2
41.3210,-81.1582,21.2
41.3211,-81.1702,21.2
41.3121,-81.1703,21.2
41.3030,-81.1704,21.2
41.3031,-81.1824,21.2
41.3031,-81.1944,21.2
41.2941,-81.1945,21.2
41.2941,-81.2065,21.2
41.2851,-81.2066,21.2
41.2761,-81.2067,21.2
41.2760,-81.1947,21.2
41.2670,-81.1947,21.2
41.2579,-81.1948,21.2
41.2580,-81.2068,21.2
41.2489,-81.2069,21.2
41.2490,-81.2189,21.2
41.2400,-81.2190,21.2
41.2309,-81.2191,21.2
41.2219,-81.2191,21.2
41.2219,-81.2312,21.2
41.2220,-81.2432,21.2
41.2130,-81.2432,21.2
41.2039,-81.2433,21.2
41.1949,-81.2434,21.2
41.1858,-81.2435,21.2
41.1768,-81.2435,21.2
41.1678,-81.2436,21.2
41.1678,-81.2556,21.2
41.1588,-81.2557,21.2
41.1497,-81.2557,21.2
41.1407,-81.2558,21.2
41.1316,-81.2559,21.2
41.1226,-81.2559,21.2
41.1226,-81.2439,21.2
41.1225,-81.2319,21.2
41.1135,-81.2320,21.2
41.1134,-81.2200,21.2
41.1044,-81.2201,21.2
41.0953,-81.2201,21.2
41.0863,-81.2202,21.2
41.0773,-81.2203,21.2
41.0682,-81.2204,21.2
41.0592,-81.2204,21.2
41.0501,-81.2205,21.2
41.0411,-81.2206,21.2
41.0321,-81.2206,21.2
41.0230,-81.2207,21.2
41.0231,-81.2327,21.2
41.0140,-81.2328,21.2
41.0050,-81.2328,21.2
40.9960,-81.2329,21.2
40.9960,-81.2449,21.2
40.9870,-81.2450,21.2
40.9779,-81.2450,21.2
40.9780,-81.2570,21.2
40.9780,-81.2690,21.2
40.9690,-81.2690,21.2
40.9690,-81.2810,21.2
40.9691,-81.2930,21.2
40.9691,-81.3050,21.2
40.9692,-81.3169,21.2
40.9601,-81.3170,21.2
40.9602,-81.3290,21.2
40.9692,-81.3289,21.2
40.9693,-81.3409,21.2
40.9783,-81.3408,21.2
40.9783,-81.3528,21.2
40.9874,-81.3527,21.2
40.9874,-81.3647,21.2
40.9965,-81.3647,21.2
41.0055,-81.3646,21.2
41.0055,-81.3766,21.2
41.0056,-81.3886,21.2
41.0056,-81.4005,21.2
41.0056,-81.4125,21.2
41.0057,-81.4245,21.2
41.0057,-81.4365,21.2
41.0057,-81.4485,21.2
41.0058,-81.4604,21.2
41.0058,-81.4724,21.2
41.0148,-81.4724,21.2
41.0149,-81.4844,21.2
41.0239,-81.4843,21.2
41.0239,-81.4963,21.2
41.0330,-81.4963,21.2
41.0420,-81.4962,21.2
41.0510,-81.4962,21.2
41.0511,-81.5082,21.2
41.0601,-81.5082,21.2
41.0601,-81.5201,21.2
41.0692,-81.5201,21.2
41.0782,-81.5201,21.2
41.0782,-81.5321,21.2
41.0873,-81.5320,21.2
41.0963,-81.5320,21.2
41.0963,-81.5440,21.2
41.1054,-81.5440,21.2
41.1054,-81.5560,21.2
41.1144,-81.5560,21.2
41.1145,-81.5680,21.2
41.1145,-81.5800,21.2
41.1145,-81.5920,21.2
41.1145,-81.6040,21.2
41.1145,-81.6160,21.2
41.1236,-81.6159,21.2
41.1236,-81.6279,21.2
41.1326,-81.6279,21.2
41.1326,-81.6399,21.2
41.1326,-81.6519,21.2
41.1326,-81.6639,21.2
41.1236,-81.6639,21.2
41.1236,-81.6759,21.2
41.1236,-81.6879,21.2
41.1146,-81.6879,21.2
41.1146,-81.6999,21.2
41.1146,-81.7119,21.2
41.1236,-81.7119,21.2
41.1236,-81.7239,21.2
41.1327,-81.7239,21.2
41.1327,-81.7359,21.2
41.1327,-81.7479,21.2
41.1327,-81.7599,21.2
41.1417,-81.7599,21.2
41.1417,-81.7719,21.2
41.1417,-81.7839,21.2
41.1327,-81.7839,21.2
41.1236,-81.7839,21.2
41.1146,-81.7839,21.2
41.1055,-81.7839,21.2
41.0965,-81.7839,21.2
41.0965,-81.7719,21.2
41.0875,-81.7719,21.2
41.0875,-81.7839,21.2
41.0784,-81.7839,21.2
41.0784,-81.7959,21.2
41.0784,-81.8079,21.2
41.0784,-81.8199,21.2
41.0784,-81.8319,21.2
41.0784,-81.8439,21.2
41.0874,-81.8439,21.2
41.0874,-81.8559,21.2
41.0964,-81.8559,21.2
41.0964,-81.8679,21.2
41.1055,-81.8679,21.2
41.1055,-81.8799,21.2
41.1145,-81.8799,21.2
41.1145,-81.8919,21.2
41.1235,-81.8919,21.2
41.1235,-81.9039,21.2
41.1235,-81.9159,21.2
41.1235,-81.9279,21.2
41.1144,-81.9279,21.2
41.1144,-81.9399,21.2
41.1144,-81.9519,21.2
41.1234,-81.9519,21.2
41.1234,-81.9639,21.2
41.1234,-81.9759,21.2
41.1234,-81.9879,21.2
41.1143,-81.9879,21.2
41.1053,-81.9879,21.2
41.0962,-81.9878,21.2
41.0963,-81.9758,21.2
41.0872,-81.9758,21.2
41.0872,-81.9878,21.2
41.0782,-81.9878,21.2
41.0691,-81.9877,21.2
41.0601,-81.9877,21.2
41.0510,-81.9877,21.2
41.0420,-81.9876,21.2
41.0330,-81.9876,21.2
41.0329,-81.9996,21.2
41.0239,-81.9995,21.2
41.0149,-81.9995,21.2
41.0148,-82.0115,21.2
41.0148,-82.0235,21.2
41.0058,-82.0234,21.2
41.0057,-82.0354,21.2
41.0057,-82.0474,21.2
40.9967,-82.0473,21.2
40.9966,-82.0593,21.2
40.9966,-82.0713,21.2
40.9966,-82.0833,21.2
40.9965,-82.0953,21.2
40.9965,-82.1072,21.2
40.9964,-82.1192,21.2
40.9964,-82.1312,21.2
40.9964,-82.1432,21.2
41.0054,-82.1432,21.2
41.0054,-82.1552,21.2
41.0053,-82.1672,21.2
41.0144,-82.1672,21.2
41.0143,-82.1792,21.2
41.0143,-82.1912,21.2
41.0142,-82.2032,21.2
41.0052,-82.2031,21.2
41.0051,-82.2151,21.2
40.9961,-82.2150,21.2
40.9960,-82.2270,21.2
41.0051,-82.2271,21.2
41.0141,-82.2271,21.2
41.0141,-82.2391,21.2
41.0140,-82.2511,21.2
41.0140,-82.2631,21.2
41.0139,-82.2751,21.2
41.0049,-82.2750,21.2
41.0048,-82.2870,21.2
41.0048,-82.2989,21.2
40.9957,-82.2989,21.2
40.9957,-82.3108,21.2
40.9956,-82.3228,21.2
40.9955,-82.3348,21.2
40.9865,-82.3347,21.2
40.9775,-82.3346,21.2
40.9684,-82.3345,21.2
40.9594,-82.3345,21.2
40.9503,-82.3344,21.2
40.9503,-82.3463,21.2
40.9412,-82.3463,21.2
40.9322,-82.3462,21.2
40.9321,-82.3581,21.2
40.9321,-82.3701,21.2
40.9411,-82.3702,21.2
40.9410,-82.3822,21.2
40.9410,-82.3941,21.2
40.9500,-82.3942,21.2
40.9500,-82.4062,21.2
40.9499,-82.4182,21.2
40.9498,-82.4301,21.2
40.9497,-82.4421,21.2
40.9497,-82.4541,21.2
40.9587,-82.4542,21.2
40.9586,-82.4661,21.2
40.9677,-82.4662,21.2
40.9676,-82.4782,21.2
40.9675,-82.4902,21.2
40.9766,-82.4903,21.2
40.9765,-82.5022,21.2
40.9855,-82.5024,21.2
40.9854,-82.5143,21.2
40.9764,-82.5142,21.2
40.9763,-82.5262,21.2
40.9762,-82.5382,21.2
40.9762,-82.5501,21.2
40.9761,-82.5621,21.2
40.9760,-82.5741,21.2
40.9759,-82.5861,21.2
40.9758,-82.5980,21.2
40.9668,-82.5979,21.2
40.9667,-82.6099,21.2
40.9666,-82.6219,21.2
40.9576,-82.6217,21.2
40.9575,-82.6337,21.2
40.9574,-82.6457,21.2
40.9573,-82.6576,21.2
40.9482,-82.6575,21.2
40.9481,-82.6695,21.2
40.9480,-82.6814,21.2
40.9479,-82.6934,21.2
40.9478,-82.7054,21.2
40.9388,-82.7053,21.2
40.9387,-82.7172,21.2
40.9297,-82.7171,21.2
40.9296,-82.7290,21.2
40.9205,-82.7289,21.2
40.9204,-82.7409,21.2
40.9114,-82.7407,21.2
40.9113,-82.7527,21.2
40.9022,-82.7526,21.2
40.9021,-82.7645,21.2
40.8931,-82.7644,21.2
40.8930,-82.7763,21.2
40.8840,-82.7762,21.2
40.8749,-82.7761,21.2
40.8750,-82.7641,21.2
40.8751,-82.7521,21.2
40.8661,-82.7520,21.2
40.8662,-82.7401,21.2
40.8572,-82.7399,21.2
40.8573,-82.7280,21.2
40.8574,-82.7160,21.2
40.8483,-82.7159,21.2
40.8393,-82.7158,21.2
40.8394,-82.7038,21.2
40.8395,-82.6919,21.2
40.8304,-82.6917,21.2
40.8305,-82.6798,21.2
40.8215,-82.6797,21.2
40.8216,-82.6677,21.2
40.8126,-82.6676,21.2
40.8127,-82.6556,21.2
40.8036,-82.6555,21.2
40.7946,-82.6554,21.2
40.7855,-82.6553,21.2
40.7854,-82.6672,21.2
40.7764,-82.6671,21.2
40.7763,-82.6790,21.2
40.7673,-82.6789,21.2
40.7672,-82.6908,21.2
40.7671,-82.7028,21.2
40.7670,-82.7147,21.2
40.7579,-82.7146,21.2
40.7578,-82.7265,21.2
40.7577,-82.7384,21.2
40.7576,-82.7504,21.2
40.7575,-82.7623,21.2
40.7574,-82.7742,21.2
40.7665,-82.7744,21.2
40.7664,-82.7863,21.2
40.7754,-82.7864,21.2
40.7753,-82.7984,21.2
40.7843,-82.7985,21.2
40.7842,-82.8105,21.2
40.7933,-82.8106,21.2
40.7931,-82.8225,21.2
40.7930,-82.8345,21.2
40.8021,-82.8346,21.2
40.8020,-82.8466,21.2
40.8018,-82.8585,21.2
40.8017,-82.8705,21.2
40.7927,-82.8703,21.2
40.7926,-82.8822,21.2
40.7924,-82.8942,21.2
40.7923,-82.9061,21.2
40.7922,-82.9181,21.2
40.8012,-82.9182,21.2
40.8011,-82.9302,21.2
40.8010,-82.9421,21.2
40.8009,-82.9540,21.2
40.8007,-82.9660,21.2
40.8006,-82.9779,21.2
40.8005,-82.9899,21.2
40.8004,-83.0018,21.2
40.7913,-83.0016,21.2
40.7912,-83.0136,21.2
40.7911,-83.0255,21.2
40.7820,-83.0253,21.2
40.7819,-83.0373,21.2
40.7729,-83.0371,21.2
40.7638,-83.0369,21.2
40.7637,-83.0488,21.2
40.7546,-83.0487,21.2
40.7545,-83.0606,21.2
40.7455,-83.0604,21.2
40.7453,-83.0724,21.2
40.7363,-83.0722,21.2
40.7362,-83.0841,21.2
40.7271,-83.0839,21.2
40.7270,-83.0958,21.2
40.7268,-83.1078,21.2
40.7178,-83.1076,21.2
40.7177,-83.1195,21.2
40.7175,-83.1314,21.2
40.7085,-83.1312,21.2
40.7083,-83.1432,21.2
40.6993,-83.1430,21.2
40.6992,-83.1549,21.2
40.6901,-83.1547,21.2
40.6900,-83.1666,21.2
40.6809,-83.1664,21.2
40.6719,-83.1662,21.2
40.6718,-83.1782,21.2
40.6627,-83.1780,21.2
40.6626,-83.1899,21.2
40.6535,-83.1897,21.2
40.6534,-83.2016,21.2
40.6444,-83.2014,21.2
40.6442,-83.2133,21.2
40.6352,-83.2131,21.2
40.6261,-83.2129,21.2
40.6260,-83.2248,21.2
40.6169,-83.2246,21.2
40.6079,-83.2244,21.2
40.6078,-83.2363,21.2
40.6076,-83.2482,21.2
40.5986,-83.2480,21.2
40.5984,-83.2599,21.2
40.5982,-83.2718,21.2
40.5981,-83.2837,21.2
40.5979,-83.2956,21.2
40.6070,-83.2958,21.2
40.6068,-83.3078,21.2
40.6066,-83.3197,21.2
40.6065,-83.3316,21.2
40.6063,-83.3435,21.2
40.6062,-83.3554,21.2
40.6060,-83.3673,21.2
40.6150,-83.3675,21.2
40.6149,-83.3794,21.2
40.6147,-83.3913,21.2
40.6145,-83.4032,21.2
40.6236,-83.4034,21.2
40.6234,-83.4153,21.2
40.6232,-83.4273,21.2
40.6230,-83.4392,21.2
40.6321,-83.4394,21.2
40.6319,-83.4513,21.2
40.6317,-83.4632,21.2
40.6315,-83.4751,21.2
40.6314,-83.4870,21.2
40.6312,-83.4989,21.2
40.6310,-83.5108,21.2
40.6308,-83.5228,21.2
40.6399,-83.5230,21.2
40.6397,-83.5349,21.2
40.6395,-83.5468,21.2
40.6393,-83.5587,21.2
40.6483,-83.5590,21.2
40.6481,-83.5709,21.2
40.6480,-83.5828,21.2
40.6478,-83.5947,21.2
40.6476,-83.6066,21.2
40.6566,-83.6069,21.2
40.6564,-83.6188,21.2
40.6562,-83.6307,21.2
40.6653,-83.6310,21.2
40.6651,-83.6429,21.2
40.6649,-83.6548,21.2
40.6739,-83.6550,21.2
40.6737,-83.6670,21.2
40.6827,-83.6672,21.2
40.6825,-83.6791,21.2
40.6916,-83.6794,21.2
40.6914,-83.6913,21.2
40.7004,-83.6916,21.2
40.7002,-83.7035,21.2
40.7000,-83.7154,21.2
40.6998,-83.7273,21.2
40.6996,-83.7393,21.2
40.6994,-83.7512,21.2
40.6992,-83.7631,21.2
40.6990,-83.7750,21.2
40.6988,-83.7869,21.2
40.6986,-83.7989,21.2
40.7076,-83.7991,21.2
40.7074,-83.8111,21.2
40.7072,-83.8230,21.2
40.7162,-83.8233,21.2
40.7160,-83.8352,21.2
40.7158,-83.8471,21.2
40.7155,-83.8590,21.2
40.7246,-83.8593,21.2
40.7244,-83.8713,21.2
40.7153,-83.8710,21.2
40.7151,-83.8829,21.2
40.7149,-83.8948,21.2
40.7059,-83.8945,21.2
40.6968,-83.8942,21.2
40.6878,-83.8939,21.2
40.6880,-83.8820,21.2
40.6790,-83.8817,21.2
40.6788,-83.8936,21.2
40.6697,-83.8934,21.2
40.6607,-83.8931,21.2
40.6605,-83.9050,21.2
40.6514,-83.9047,21.2
40.6424,-83.9044,21.2
40.6334,-83.9041,21.2
40.6331,-83.9160,21.2
40.6329,-83.9279,21.2
40.6327,-83.9398,21.2
40.6325,-83.9517,21.2
40.6322,-83.9636,21.2
40.6232,-83.9633,21.2
40.6230,-83.9752,21.2
40.6139,-83.9749,21.2
40.6137,-83.9868,21.2
40.6047,-83.9865,21.2
40.6045,-83.9984,21.2
40.6042,-84.0103,21.2
40.6040,-84.0222,21.2
40.5950,-84.0219,21.2
40.5947,-84.0338,21.2
40.5857,-84.0335,21.2
40.5855,-84.0454,21.2
40.5764,-84.0451,21.2
40.5762,-84.0570,21.2
40.5671,-84.0567,21.2
40.5669,-84.0686,21.2
40.5667,-84.0805,21.2
40.5576,-84.0802,21.2
40.5486,-84.0799,21.2
40.5488,-84.0680,21.2
40.5398,-84.0676,21.2
40.5401,-84.0558,21.2
40.5310,-84.0554,21.2
40.5220,-84.0551,21.2
40.5218,-84.0670,21.2
40.5127,-84.0667,21.2
40.5037,-84.0664,21.2
40.5034,-84.0783,21.2
40.5032,-84.0902,21.2
40.5030,-84.1020,21.2
40.4939,-84.1017,21.2
40.4937,-84.1136,21.2
40.4934,-84.1255,21.2
40.4932,-84.1374,21.2
40.4842,-84.1371,21.2
40.4839,-84.1489,21.2
40.4837,-84.1608,21.2
40.4834,-84.1727,21.2
40.4744,-84.1724,21.2
40.4741,-84.1842,21.2
40.4739,-84.1961,21.2
40.4649,-84.1958,21.2
40.4646,-84.2077,21.2
40.4644,-84.2195,21.2
40.4553,-84.2192,21.2
40.4551,-84.2311,21.2
40.4460,-84.2308,21.2
40.4458,-84.2426,21.2
40.4455,-84.2545,21.2
40.4365,-84.2542,21.2
40.4362,-84.2660,21.2
40.4272,-84.2657,21.2
40.4270,-84.2776,21.2
40.4267,-84.2894,21.2
40.4177,-84.2891,21.2
40.4174,-84.3010,21.2
40.4171,-84.3128,21.2
40.4169,-84.3247,21.2
40.4166,-84.3366,21.2
40.4163,-84.3484,21.2
40.4161,-84.3603,21.2
40.4070,-84.3600,21.2
40.4068,-84.3718,21.2
40.4065,-84.3837,21.2
40.4062,-84.3955,21.2
40.4060,-84.4074,21.2
40.4057,-84.4193,21.2
40.4054,-84.4311,21.2
40.4051,-84.4430,21.2
40.4049,-84.4549,21.2
40.4046,-84.4667,21.2
40.4043,-84.4786,21.2
40.4040,-84.4905,21.2
40.4037,-84.5023,21.2
42.3038,-82.7287,0a
42.3128,-82.7287,0a
42.3128,-82.7409,0a
42.3128,-82.7532,0a
42.3128,-82.7654,0a
42.3128,-82.7777,0a
42.3219,-82.7777,0a
42.3218,-82.7899,0a
42.3218,-82.8022,0a
42.3218,-82.8144,0a
42.3309,-82.8144,0a
42.3309,-82.8267,0a
42.3309,-82.8389,0a
42.3308,-82.8512,0a
42.3399,-82.8512,0a
42.3399,-82.8634,0a
42.3399,-82.8757,0a
42.3398,-82.8879,0a
42.3489,-82.8879,0a
42.3489,-82.9002,0a
42.3489,-82.9124,0a
42.3488,-82.9247,0a
42.3579,-82.9247,0a
42.3579,-82.937,0a
42.3669,-82.937,0a
42.3669,-82.9248,0a
42.376,-82.9248,0a
42.376,-82.9125,0a
42.3851,-82.9126,0a
42.3851,-82.9003,0a
42.3941,-82.9003,0a
42.3942,-82.8881,0a
42.4032,-82.8881,0a
42.4123,-82.8881,0a
42.4213,-82.8882,0a
42.4213,-82.8759,0a
42.4304,-82.8759,0a
42.4394,-82.8759,0a
42.4485,-82.876,0a
42.4576,-82.876,0a
42.4576,-82.8637,0a
42.4666,-82.8637,0a
42.4757,-82.8638,0a
42.4757,-82.876,0a
42.4847,-82.8761,0a
42.4938,-82.8761,0a
42.5028,-82.8761,0a
42.5119,-82.8761,0a
42.5209,-82.8762,0a
42.53,-82.8762,0a
42.539,-82.8762,0a
42.5391,-82.8639,0a
42.5481,-82.8639,0a
42.5481,-82.8516,0a
42.5572,-82.8517,0a
42.5572,-82.8394,0a
42.5662,-82.8394,0a
42.5753,-82.8394,0a
42.5753,-82.8271,0a
42.5753,-82.8148,0a
42.5844,-82.8148,0a
42.5844,-82.8025,0a
42.5844,-82.7903,0a
42.5753,-82.7902,0a
42.5753,-82.7779,0a
42.5844,-82.778,0a
42.5935,-82.778,0a
42.6025,-82.778,0a
42.6116,-82.778,0a
42.6116,-82.7903,0a
42.6206,-82.7903,0a
42.6206,-82.8026,0a
42.6297,-82.8026,0a
42.6296,-82.8149,0a
42.6387,-82.8149,0a
42.6387,-82.8026,0a
42.6478,-82.8026,0a
42.6568,-82.8027,0a
42.6659,-82.8027,0a
42.6659,-82.7904,0a
42.6659,-82.778,0a
42.6659,-82.7657,0a
42.6659,-82.7534,0a
42.6659,-82.7411,0a
42.675,-82.7411,0a
42.684,-82.7411,0a
42.684,-82.7288,0a
42.684,-82.7165,0a
42.6931,-82.7165,0a
42.6931,-82.7042,0a
42.6931,-82.6918,0a
42.7021,-82.6918,0a
42.7021,-82.6795,0a
42.7021,-82.6672,0a
42.6931,-82.6672,0a
42.6931,-82.6549,0a
42.693,-82.6426,0a
42.684,-82.6426,0a
42.684,-82.6303,0a
42.684,-82.618,0a
42.6749,-82.618,0a
42.6659,-82.618,0a
42.6568,-82.618,0a
42.6478,-82.618,0a
42.6478,-82.6303,0a
42.6387,-82.6303,0a
42.6297,-82.6303,0a
42.6297,-82.6426,0a
42.6206,-82.6427,0a
42.6206,-82.6304,0a
42.6116,-82.6304,0a
42.6116,-82.6427,0a
42.6025,-82.6427,0a
42.6025,-82.655,0a
42.5935,-82.655,0a
42.5844,-82.655,0a
42.5844,-82.6673,0a
42.5754,-82.6673,0a
42.5663,-82.6673,0a
42.5663,-82.655,0a
42.5754,-82.655,0a
42.5753,-82.6427,0a
42.5844,-82.6427,0a
42.5844,-82.6304,0a
42.5934,-82.6304,0a
42.5934,-82.6181,0a
42.5844,-82.6181,0a
42.5844,-82.6058,0a
42.5753,-82.6058,0a
42.5663,-82.6058,0a
42.5663,-82.6181,0a
42.5663,-82.6304,0a
42.5663,-82.6427,0a
42.5572,-82.6427,0a
42.5572,-82.655,0a
42.5482,-82.655,0a
42.5482,-82.6427,0a
42.5572,-82.6427,0a
42.5572,-82.6304,0a
42.5572,-82.6181,0a
42.5482,-82.6182,0a
42.5391,-82.6182,0a
42.5391,-82.6059,0a
42.5391,-82.5936,0a
42.53,-82.5936,0a
42.53,-82.5813,0a
42.521,-82.5813,0a
42.5119,-82.5814,0a
42.5119,-82.5691,0a
42.5029,-82.5691,0a
42.5028,-82.5568,0a
42.5119,-82.5568,0a
42.5119,-82.5445,0a
42.5028,-82.5445,0a
42.5028,-82.5323,0a
42.5119,-82.5322,0a
42.5118,-82.52,0a
42.5028,-82.52,0a
42.5028,-82.5077,0a
42.5118,-82.5077,0a
42.5118,-82.4954,0a
42.5118,-82.4831,0a
42.5117,-82.4708,0a
42.5027,-82.4709,0a
42.5027,-82.4586,0a
42.4936,-82.4586,0a
42.4936,-82.4463,0a
42.4845,-82.4464,0a
42.4845,-82.4341,0a
42.4936,-82.4341,0a
42.4935,-82.4218,0a
42.4935,-82.4095,0a
42.4844,-82.4095,0a
42.4754,-82.4096,0a
42.4663,-82.4096,0a
42.4573,-82.4097,0a
42.4573,-82.4219,0a
42.4483,-82.422,0a
42.4392,-82.422,0a
42.4392,-82.4098,0a
42.4301,-82.4098,0a
42.4211,-82.4099,0a
42.412,-82.4099,0a
42.403,-82.4099,0a
42.4029,-82.3977,0a
42.3939,-82.3977,0a
42.3939,-82.41,0a
42.3849,-82.41,0a
42.3758,-82.4101,0a
42.3667,-82.4101,0a
42.3668,-82.4224,0a
42.3577,-82.4224,0a
42.3487,-82.4224,0a
42.3487,-82.4347,0a
42.3396,-82.4347,0a
42.3397,-82.447,0a
42.3306,-82.447,0a
42.3307,-82.4593,0a
42.3216,-82.4593,0a
42.3216,-82.4716,0a
42.3126,-82.4716,0a
42.3126,-82.4838,0a
42.3126,-82.4961,0a
42.3126,-82.5083,0a
42.3217,-82.5083,0a
42.3217,-82.5205,0a
42.3217,-82.5328,0a
42.3218,-82.545,0a
42.3218,-82.5573,0a
42.3218,-82.5695,0a
42.3218,-82.5818,0a
42.3218,-82.594,0a
42.3128,-82.594,0a
42.3128,-82.6063,0a
42.3128,-82.6185,0a
42.3128,-82.6307,0a
42.3128,-82.643,0a
42.3128,-82.6552,0a
42.3128,-82.6675,0a
42.3128,-82.6797,0a
42.3128,-82.692,0a
42.3038,-82.692,0a
42.3038,-82.7042,0a
42.3038,-82.7164,0a
42.3038,-82.7287,0a
42.6296,-82.5319,1
42.6386,-82.5319,1
42.6477,-82.5318,1
42.6567,-82.5318,1
42.6658,-82.5318,1
42.6748,-82.5318,1
42.6839,-82.5317,1
42.6929,-82.5317,1
42.702,-82.5317,1
42.702,-82.544,1
42.7111,-82.544,1
42.7111,-82.5563,1
42.7201,-82.5563,1
42.7292,-82.5563,1
42.7382,-82.5562,1
42.7473,-82.5562,1
42.7563,-82.5562,1
42.7564,-82.5685,1
42.7654,-82.5685,1
42.7745,-82.5685,1
42.7835,-82.5685,1
42.7835,-82.5808,1
42.7835,-82.5931,1
42.7926,-82.5931,1
42.7926,-82.6055,1
42.8017,-82.6054,1
42.8017,-82.6178,1
42.8017,-82.6301,1
42.8017,-82.6425,1
42.8107,-82.6424,1
42.8107,-82.6548,1
42.8108,-82.6671,1
42.8108,-82.6795,1
42.8108,-82.6918,1
42.8108,-82.7042,1
42.8198,-82.7042,1
42.8198,-82.7165,1
42.8198,-82.7288,1
42.8198,-82.7412,1
42.8289,-82.7412,1
42.8289,-82.7535,1
42.8379,-82.7535,1
42.8379,-82.7659,1
42.847,-82.7659,1
42.847,-82.7782,1
42.856,-82.7783,1
42.856,-82.7906,1
42.8651,-82.7906,1
42.865,-82.803,1
42.8741,-82.803,1
42.8741,-82.8153,1
42.8831,-82.8153,1
42.8831,-82.8277,1
42.8831,-82.8401,1
42.8922,-82.8401,1
42.8922,-82.8524,1
42.9012,-82.8525,1
42.9012,-82.8648,1
42.9102,-82.8648,1
42.9193,-82.8649,1
42.9284,-82.8649,1
42.9283,-82.8772,1
42.9374,-82.8773,1
42.9464,-82.8773,1
42.9464,-82.8897,1
42.9464,-82.902,1
42.9464,-82.9144,1
42.9464,-82.9268,1
42.9463,-82.9391,1
42.9463,-82.9515,1
42.9463,-82.9639,1
42.9372,-82.9638,1
42.9372,-82.9762,1
42.9372,-82.9886,1
42.9371,-83.0009,1
42.9462,-83.001,1
42.9462,-83.0133,1
42.9552,-83.0134,1
42.9552,-83.0258,1
42.9551,-83.0381,1
42.9461,-83.0381,1
42.9461,-83.0505,1
42.937,-83.0504,1
42.937,-83.0628,1
42.9279,-83.0627,1
42.9279,-83.0751,1
42.9278,-83.0874,1
42.9188,-83.0874,1
42.9187,-83.0998,1
42.9097,-83.0997,1
42.9096,-83.1121,1
42.9006,-83.112,1
42.9005,-83.1244,1
42.9005,-83.1367,1
42.8914,-83.1367,1
42.8914,-83.149,1
42.8914,-83.1614,1
42.8823,-83.1613,1
42.8823,-83.1737,1
42.8822,-83.186,1
42.8913,-83.1861,1
42.9003,-83.1862,1
42.9094,-83.1862,1
42.9184,-83.1863,1
42.9275,-83.1864,1
42.9365,-83.1864,1
42.9366,-83.1741,1
42.9456,-83.1741,1
42.9457,-83.1618,1
42.9547,-83.1618,1
42.9548,-83.1495,1
42.9638,-83.1495,1
42.9729,-83.1496,1
42.9819,-83.1497,1
42.9819,-83.162,1
42.9909,-83.1621,1
42.9909,-83.1745,1
42.9999,-83.1745,1
43.009,-83.1746,1
43.0089,-83.187,1
43.018,-83.1871,1
43.0271,-83.1871,1
43.027,-83.1995,1
43.0361,-83.1996,1
43.0361,-83.1872,1
43.0362,-83.1748,1
43.0362,-83.1624,1
43.0453,-83.1625,1
43.0543,-83.1626,1
43.0634,-83.1626,1
43.0633,-83.175,1
43.0724,-83.1751,1
43.0814,-83.1752,1
43.0905,-83.1752,1
43.0904,-83.1876,1
43.0995,-83.1877,1
43.1085,-83.1878,1
43.1176,-83.1878,1
43.1266,-83.1879,1
43.1357,-83.188,1
43.1447,-83.1881,1
43.1448,-83.1756,1
43.1448,-83.1632,1
43.1449,-83.1508,1
43.1358,-83.1508,1
43.1359,-83.1384,1
43.1359,-83.1259,1
43.145,-83.126,1
43.154,-83.1261,1
43.1541,-83.1137,1
43.1631,-83.1137,1
43.1632,-83.1013,1
43.1722,-83.1014,1
43.1723,-83.089,1
43.1723,-83.0765,1
43.1814,-83.0766,1
43.1814,-83.0642,1
43.1905,-83.0642,1
43.1905,-83.0518,1
43.1905,-83.0394,1
43.1815,-83.0393,1
43.1815,-83.0269,1
43.1725,-83.0269,1
43.1725,-83.0145,1
43.1634,-83.0144,1
43.1635,-83.002,1
43.1725,-83.0021,1
43.1816,-83.0021,1
43.1906,-83.0021,1
43.1997,-83.0022,1
43.2087,-83.0022,1
43.2178,-83.0023,1
43.2268,-83.0023,1
43.2359,-83.0024,1
43.2359,-83.0148,1
43.2449,-83.0148,1
43.254,-83.0149,1
43.263,-83.0149,1
43.2631,-83.0025,1
43.2721,-83.0025,1
43.2721,-82.9901,1
43.2812,-82.9901,1
43.2812,-82.9777,1
43.2903,-82.9777,1
43.2903,-82.9653,1
43.2994,-82.9653,1
43.2994,-82.9529,1
43.3084,-82.9529,1
43.3085,-82.9405,1
43.3175,-82.9405,1
43.3266,-82.9406,1
43.3356,-82.9406,1
43.3447,-82.9406,1
43.3537,-82.9407,1
43.3537,-82.9531,1
43.3628,-82.9532,1
43.3718,-82.9532,1
43.3718,-82.9407,1
43.3719,-82.9283,1
43.3809,-82.9283,1
43.3809,-82.9159,1
43.381,-82.9034,1
43.381,-82.8909,1
43.381,-82.8785,1
43.3901,-82.8785,1
43.3991,-82.8785,1
43.3991,-82.8661,1
43.4082,-82.8661,1
43.4172,-82.8661,1
43.4263,-82.8662,1
43.4353,-82.8662,1
43.4444,-82.8662,1
43.4444,-82.8537,1
43.4444,-82.8413,1
43.4535,-82.8413,1
43.4535,-82.8288,1
43.4625,-82.8288,1
43.4716,-82.8288,1
43.4807,-82.8289,1
43.4897,-82.8289,1
43.4988,-82.8289,1
43.5078,-82.8289,1
43.5169,-82.8289,1
43.5259,-82.829,1
43.535,-82.829,1
43.544,-82.829,1
43.544,-82.8415,1
43.544,-82.854,1
43.5531,-82.854,1
43.553,-82.8665,1
43.5621,-82.8665,1
43.5711,-82.8665,1
43.5802,-82.8666,1
43.5893,-82.8666,1
43.5983,-82.8666,1
43.5983,-82.8541,1
43.6074,-82.8541,1
43.6164,-82.8541,1
43.6255,-82.8542,1
43.6255,-82.8417,1
43.6345,-82.8417,1
43.6346,-82.8292,1
43.6436,-82.8292,1
43.6527,-82.8292,1
43.6617,-82.8292,1
43.6617,-82.8167,1
43.6708,-82.8167,1
43.6798,-82.8167,1
43.6889,-82.8168,1
43.6889,-82.8042,1
43.698,-82.8042,1
43.698,-82.7917,1
43.6889,-82.7917,1
43.6889,-82.7792,1
43.6799,-82.7792,1
43.6799,-82.7667,1
43.6708,-82.7667,1
43.6618,-82.7666,1
43.6618,-82.7541,1
43.6527,-82.7541,1
43.6437,-82.7541,1
43.6346,-82.7541,1
43.6346,-82.7416,1
43.6256,-82.7416,1
43.6165,-82.7416,1
43.6075,-82.7416,1
43.6075,-82.7291,1
43.5984,-82.7291,1
43.5894,-82.7291,1
43.5894,-82.7166,1
43.5803,-82.7166,1
43.5713,-82.7166,1
43.5622,-82.7166,1
43.5531,-82.7166,1
43.5441,-82.7166,1
43.535,-82.7166,1
43.526,-82.7166,1
43.526,-82.7041,1
43.5169,-82.7041,1
43.5079,-82.7041,1
43.4988,-82.7041,1
43.4988,-82.6916,1
43.4898,-82.6916,1
43.4807,-82.6916,1
43.4807,-82.6791,1
43.4717,-82.6791,1
43.4626,-82.6791,1
43.4626,-82.6667,1
43.4535,-82.6667,1
43.4535,-82.6542,1
43.4445,-82.6542,1
43.4445,-82.6417,1
43.4445,-82.6293,1
43.4354,-82.6293,1
43.4264,-82.6293,1
43.4264,-82.6168,1
43.4173,-82.6168,1
43.4083,-82.6169,1
43.4082,-82.6044,1
43.3992,-82.6044,1
43.3901,-82.6044,1
43.3901,-82.592,1
43.3811,-82.592,1
43.372,-82.592,1
43.372,-82.5796,1
43.3629,-82.5796,1
43.3539,-82.5796,1
43.3448,-82.5796,1
43.3358,-82.5796,1
43.3267,-82.5797,1
43.3267,-82.5672,1
43.3177,-82.5672,1
43.3086,-82.5672,1
43.2996,-82.5673,1
43.2905,-82.5673,1
43.2815,-82.5673,1
43.2724,-82.5673,1
43.2633,-82.5674,1
43.2543,-82.5674,1
43.2452,-82.5674,1
43.2362,-82.5674,1
43.2362,-82.5798,1
43.2271,-82.5799,1
43.2181,-82.5799,1
43.209,-82.5799,1
43.2,-82.5799,1
43.1909,-82.5799,1
43.1819,-82.58,1
43.1728,-82.58,1
43.1638,-82.58,1
43.1547,-82.58,1
43.1457,-82.58,1
43.1366,-82.5801,1
43.1366,-82.5677,1
43.1275,-82.5677,1
43.1185,-82.5677,1
43.1094,-82.5677,1
43.1004,-82.5677,1
43.0913,-82.5678,1
43.0823,-82.5678,1
43.0823,-82.5554,1
43.0732,-82.5554,1
43.0732,-82.543,1
43.0641,-82.543,1
43.0641,-82.5306,1
43.0551,-82.5307,1
43.055,-82.5183,1
43.055,-82.5059,1
43.055,-82.4935,1
43.055,-82.4811,1
43.0549,-82.4687,1
43.0549,-82.4563,1
43.0459,-82.4564,1
43.0458,-82.444,1
43.0368,-82.444,1
43.0368,-82.4316,1
43.0277,-82.4317,1
43.0277,-82.4193,1
43.0186,-82.4193,1
43.0186,-82.4069,1
43.0095,-82.407,1
43.0005,-82.407,1
42.9914,-82.4071,1
42.9824,-82.4071,1
42.9733,-82.4072,1
42.9643,-82.4072,1
42.9643,-82.4196,1
42.9552,-82.4196,1
42.9553,-82.432,1
42.9462,-82.432,1
42.9372,-82.4321,1
42.9372,-82.4444,1
42.9281,-82.4445,1
42.9191,-82.4445,1
42.91,-82.4446,1
42.901,-82.4446,1
42.8919,-82.4446,1
42.892,-82.457,1
42.8829,-82.457,1
42.8739,-82.4571,1
42.8648,-82.4571,1
42.8557,-82.4571,1
42.8467,-82.4572,1
42.8376,-82.4572,1
42.8377,-82.4696,1
42.8286,-82.4696,1
42.8196,-82.4696,1
42.8105,-82.4697,1
42.8015,-82.4697,1
42.8014,-82.4574,1
42.7924,-82.4574,1
42.7833,-82.4574,1
42.7743,-82.4575,1
42.7652,-82.4575,1
42.7562,-82.4576,1
42.7562,-82.4699,1
42.7471,-82.4699,1
42.7381,-82.47,1
42.729,-82.47,1
42.72,-82.47,1
42.72,-82.4823,1
42.7109,-82.4824,1
42.7019,-82.4824,1
42.7019,-82.4947,1
42.6929,-82.4948,1
42.6838,-82.4948,1
42.6748,-82.4948,1
42.6657,-82.4949,1
42.6566,-82.4949,1
42.6476,-82.4949,1
42.6476,-82.5072,1
42.6386,-82.5073,1
42.6295,-82.5073,1
42.6295,-82.5196,1
42.6296,-82.5319,1
42.5119,-82.5814,2
42.521,-82.5813,2
42.53,-82.5813,2
42.53,-82.5936,2
42.5391,-82.5936,2
42.5391,-82.6059,2
42.5391,-82.6182,2
42.5482,-82.6182,2
42.5572,-82.6181,2
42.5572,-82.6304,2
42.5572,-82.6427,2
42.5482,-82.6427,2
42.5482,-82.655,2
42.5572,-82.655,2
42.5663,-82.6427,2
42.5482,-82.6427,2
42.5482,-82.655,2
42.5572,-82.655,2
42.5572,-82.6427,2
42.5663,-82.6427,2
42.5663,-82.6304,2
42.5663,-82.6181,2
42.5663,-82.6058,2
42.5753,-82.6058,2
42.5844,-82.6058,2
42.5844,-82.6181,2
42.5934,-82.6181,2
42.5934,-82.6304,2
42.5844,-82.6304,2
42.5844,-82.6427,2
42.5753,-82.6427,2
42.5754,-82.655,2
42.5663,-82.655,2
42.5663,-82.6673,2
42.5754,-82.6673,2
42.5844,-82.6673,2
42.5844,-82.655,2
42.5935,-82.655,2
42.6025,-82.655,2
42.6025,-82.6427,2
42.6116,-82.6427,2
42.6116,-82.6304,2
42.6206,-82.6304,2
42.6206,-82.6427,2
42.6297,-82.6426,2
42.6297,-82.6303,2
42.6387,-82.6303,2
42.6478,-82.6303,2
42.6478,-82.618,2
42.6568,-82.618,2
42.6659,-82.618,2
42.6749,-82.618,2
42.684,-82.618,2
42.684,-82.6303,2
42.684,-82.6426,2
42.693,-82.6426,2
42.6931,-82.6549,2
42.6931,-82.6672,2
42.7021,-82.6672,2
42.7021,-82.6795,2
42.7021,-82.6918,2
42.6931,-82.6918,2
42.6931,-82.7042,2
42.6931,-82.7165,2
42.684,-82.7165,2
42.684,-82.7288,2
42.684,-82.7411,2
42.675,-82.7411,2
42.6659,-82.7411,2
42.6659,-82.7534,2
42.6659,-82.7657,2
42.6659,-82.778,2
42.6659,-82.7904,2
42.6659,-82.8027,2
42.6568,-82.8027,2
42.6478,-82.8026,2
42.6387,-82.8026,2
42.6387,-82.8149,2
42.6296,-82.8149,2
42.6297,-82.8026,2
42.6206,-82.8026,2
42.6206,-82.7903,2
42.6116,-82.7903,2
42.6115,-82.8026,2
42.6115,-82.8149,2
42.6206,-82.8149,2
42.6206,-82.8272,2
42.6206,-82.8395,2
42.6205,-82.8518,2
42.6205,-82.8641,2
42.6296,-82.8641,2
42.6386,-82.8642,2
42.6477,-82.8642,2
42.6567,-82.8642,2
42.6658,-82.8642,2
42.6658,-82.8519,2
42.6749,-82.8519,2
42.6839,-82.852,2
42.693,-82.852,2
42.693,-82.8397,2
42.693,-82.8273,2
42.7021,-82.8274,2
42.7111,-82.8274,2
42.7111,-82.8151,2
42.7202,-82.8151,2
42.7292,-82.8151,2
42.7292,-82.8028,2
42.7383,-82.8028,2
42.7473,-82.8028,2
42.7564,-82.8028,2
42.7655,-82.8028,2
42.7745,-82.8028,2
42.7836,-82.8028,2
42.7836,-82.7905,2
42.7926,-82.7905,2
42.8017,-82.7905,2
42.8017,-82.7782,2
42.8107,-82.7782,2
42.8107,-82.7659,2
42.8108,-82.7535,2
42.8198,-82.7535,2
42.8198,-82.7412,2
42.8198,-82.7288,2
42.8198,-82.7165,2
42.8198,-82.7042,2
42.8108,-82.7042,2
42.8108,-82.6918,2
42.8108,-82.6795,2
42.8108,-82.6671,2
42.8107,-82.6548,2
42.8107,-82.6424,2
42.8017,-82.6425,2
42.8017,-82.6301,2
42.8017,-82.6178,2
42.8017,-82.6054,2
42.7926,-82.6055,2
42.7926,-82.5931,2
42.7835,-82.5931,2
42.7835,-82.5808,2
42.7835,-82.5685,2
42.7745,-82.5685,2
42.7654,-82.5685,2
42.7564,-82.5685,2
42.7563,-82.5562,2
42.7473,-82.5562,2
42.7382,-82.5562,2
42.7292,-82.5563,2
42.7201,-82.5563,2
42.7111,-82.5563,2
42.7111,-82.544,2
42.702,-82.544,2
42.702,-82.5317,2
42.6929,-82.5317,2
42.6839,-82.5317,2
42.6748,-82.5318,2
42.6658,-82.5318,2
42.6567,-82.5318,2
42.6477,-82.5318,2
42.6386,-82.5319,2
42.6296,-82.5319,2
42.6295,-82.5196,2
42.6295,-82.5073,2
42.6205,-82.5073,2
42.6114,-82.5073,2
42.6114,-82.5197,2
42.6114,-82.532,2
42.6024,-82.532,2
42.6024,-82.5443,2
42.5934,-82.5443,2
42.5934,-82.5566,2
42.5843,-82.5566,2
42.5753,-82.5566,2
42.5753,-82.5689,2
42.5662,-82.569,2
42.5572,-82.569,2
42.5481,-82.569,2
42.5391,-82.569,2
42.5391,-82.5567,2
42.53,-82.5568,2
42.53,-82.569,2
42.521,-82.5691,2
42.5119,-82.5691,2
42.5119,-82.5814,2
42.448,-83.0845,3
42.4571,-83.0846,3
42.4661,-83.0847,3
42.4661,-83.0969,3
42.4751,-83.097,3
42.4842,-83.097,3
42.4841,-83.1093,3
42.4932,-83.1094,3
42.5022,-83.1094,3
42.5022,-83.1217,3
42.5113,-83.1218,3
42.5203,-83.1218,3
42.5203,-83.1341,3
42.5293,-83.1342,3
42.5384,-83.1342,3
42.5383,-83.1465,3
42.5383,-83.1588,3
42.5473,-83.1589,3
42.5473,-83.1712,3
42.5563,-83.1712,3
42.5654,-83.1713,3
42.5744,-83.1714,3
42.5835,-83.1714,3
42.5926,-83.1715,3
42.6016,-83.1716,3
42.6107,-83.1716,3
42.6197,-83.1717,3
42.6288,-83.1718,3
42.6287,-83.1841,3
42.6287,-83.1964,3
42.6286,-83.2087,3
42.6377,-83.2088,3
42.6376,-83.2211,3
42.6376,-83.2334,3
42.6375,-83.2457,3
42.6284,-83.2456,3
42.6194,-83.2455,3
42.6193,-83.2578,3
42.6103,-83.2577,3
42.6012,-83.2577,3
42.6012,-83.27,3
42.5921,-83.2699,3
42.5921,-83.2822,3
42.583,-83.2821,3
42.5829,-83.2944,3
42.592,-83.2945,3
42.5919,-83.3068,3
42.5919,-83.3191,3
42.5918,-83.3314,3
42.5827,-83.3313,3
42.5827,-83.3436,3
42.5826,-83.3559,3
42.5825,-83.3682,3
42.5916,-83.3683,3
42.5915,-83.3806,3
42.6006,-83.3806,3
42.6096,-83.3807,3
42.6096,-83.393,3
42.6186,-83.3931,3
42.6185,-83.4054,3
42.6185,-83.4178,3
42.6275,-83.4179,3
42.6366,-83.418,3
42.6365,-83.4303,3
42.6455,-83.4304,3
42.6546,-83.4305,3
42.6636,-83.4306,3
42.6727,-83.4307,3
42.6728,-83.4184,3
42.6818,-83.4185,3
42.6909,-83.4186,3
42.6999,-83.4187,3
42.6999,-83.431,3
42.7089,-83.4311,3
42.7088,-83.4434,3
42.7179,-83.4435,3
42.7269,-83.4436,3
42.7269,-83.456,3
42.7359,-83.4561,3
42.7358,-83.4684,3
42.7449,-83.4685,3
42.7448,-83.4808,3
42.7539,-83.4809,3
42.7538,-83.4933,3
42.7628,-83.4934,3
42.7719,-83.4935,3
42.772,-83.4812,3
42.781,-83.4813,3
42.7811,-83.469,3
42.7901,-83.4691,3
42.7902,-83.4567,3
42.7993,-83.4568,3
42.7994,-83.4445,3
42.8084,-83.4446,3
42.8085,-83.4323,3
42.8175,-83.4324,3
42.8176,-83.42,3
42.8177,-83.4077,3
42.8267,-83.4078,3
42.8268,-83.3954,3
42.8359,-83.3955,3
42.8359,-83.3832,3
42.845,-83.3833,3
42.8541,-83.3834,3
42.8541,-83.371,3
42.8632,-83.3711,3
42.8722,-83.3712,3
42.8813,-83.3713,3
42.8903,-83.3714,3
42.8904,-83.3591,3
42.8995,-83.3592,3
42.8995,-83.3468,3
42.9086,-83.3469,3
42.9087,-83.3345,3
42.9087,-83.3222,3
42.8997,-83.3221,3
42.8997,-83.3097,3
42.8907,-83.3097,3
42.8816,-83.3096,3
42.8726,-83.3095,3
42.8726,-83.2971,3
42.8636,-83.297,3
42.8636,-83.2847,3
42.8546,-83.2846,3
42.8547,-83.2722,3
42.8547,-83.2599,3
42.8638,-83.26,3
42.8638,-83.2476,3
42.8639,-83.2353,3
42.8729,-83.2354,3
42.873,-83.223,3
42.873,-83.2106,3
42.8731,-83.1983,3
42.8821,-83.1984,3
42.8822,-83.186,3
42.8823,-83.1737,3
42.8823,-83.1613,3
42.8914,-83.1614,3
42.8914,-83.149,3
42.8914,-83.1367,3
42.9005,-83.1367,3
42.9005,-83.1244,3
42.9006,-83.112,3
42.9096,-83.1121,3
42.9097,-83.0997,3
42.9187,-83.0998,3
42.9188,-83.0874,3
42.9278,-83.0874,3
42.9279,-83.0751,3
42.9279,-83.0627,3
42.937,-83.0628,3
42.937,-83.0504,3
42.9461,-83.0505,3
42.9461,-83.0381,3
42.9551,-83.0381,3
42.9552,-83.0258,3
42.9552,-83.0134,3
42.9462,-83.0133,3
42.9462,-83.001,3
42.9371,-83.0009,3
42.9372,-82.9886,3
42.9372,-82.9762,3
42.9372,-82.9638,3
42.9463,-82.9639,3
42.9463,-82.9515,3
42.9463,-82.9391,3
42.9464,-82.9268,3
42.9464,-82.9144,3
42.9464,-82.902,3
42.9464,-82.8897,3
42.9464,-82.8773,3
42.9374,-82.8773,3
42.9283,-82.8772,3
42.9284,-82.8649,3
42.9193,-82.8649,3
42.9102,-82.8648,3
42.9012,-82.8648,3
42.9012,-82.8525,3
42.8922,-82.8524,3
42.8922,-82.8401,3
42.8831,-82.8401,3
42.8831,-82.8277,3
42.8831,-82.8153,3
42.8741,-82.8153,3
42.8741,-82.803,3
42.865,-82.803,3
42.8651,-82.7906,3
42.856,-82.7906,3
42.856,-82.7783,3
42.847,-82.7782,3
42.847,-82.7659,3
42.8379,-82.7659,3
42.8379,-82.7535,3
42.8289,-82.7535,3
42.8289,-82.7412,3
42.8198,-82.7412,3
42.8198,-82.7535,3
42.8108,-82.7535,3
42.8107,-82.7659,3
42.8107,-82.7782,3
42.8017,-82.7782,3
42.8017,-82.7905,3
42.7926,-82.7905,3
42.7836,-82.7905,3
42.7836,-82.8028,3
42.7745,-82.8028,3
42.7655,-82.8028,3
42.7564,-82.8028,3
42.7473,-82.8028,3
42.7383,-82.8028,3
42.7292,-82.8028,3
42.7292,-82.8151,3
42.7202,-82.8151,3
42.7111,-82.8151,3
42.7111,-82.8274,3
42.7021,-82.8274,3
42.693,-82.8273,3
42.693,-82.8397,3
42.693,-82.852,3
42.6839,-82.852,3
42.6749,-82.8519,3
42.6658,-82.8519,3
42.6658,-82.8642,3
42.6567,-82.8642,3
42.6477,-82.8642,3
42.6386,-82.8642,3
42.6296,-82.8641,3
42.6205,-82.8641,3
42.6205,-82.8518,3
42.6206,-82.8395,3
42.6206,-82.8272,3
42.6206,-82.8149,3
42.6115,-82.8149,3
42.6115,-82.8026,3
42.6116,-82.7903,3
42.6116,-82.778,3
42.6025,-82.778,3
42.6025,-82.7903,3
42.5934,-82.7903,3
42.5934,-82.8026,3
42.6025,-82.8026,3
42.6025,-82.8149,3
42.6025,-82.8272,3
42.6025,-82.8395,3
42.6024,-82.8518,3
42.5934,-82.8518,3
42.5934,-82.864,3
42.5843,-82.864,3
42.5843,-82.8763,3
42.5843,-82.8886,3
42.5752,-82.8886,3
42.5752,-82.9009,3
42.5662,-82.9009,3
42.5661,-82.9132,3
42.5571,-82.9131,3
42.5571,-82.9254,3
42.548,-82.9254,3
42.539,-82.9254,3
42.5299,-82.9253,3
42.5299,-82.9376,3
42.5208,-82.9376,3
42.5208,-82.9499,3
42.5208,-82.9621,3
42.5117,-82.9621,3
42.5117,-82.9744,3
42.5026,-82.9743,3
42.5026,-82.9866,3
42.4936,-82.9866,3
42.4845,-82.9865,3
42.4845,-82.9988,3
42.4754,-82.9988,3
42.4754,-83.0111,3
42.4754,-83.0233,3
42.4753,-83.0356,3
42.4753,-83.0479,3
42.4662,-83.0478,3
42.4662,-83.0601,3
42.4571,-83.0601,3
42.4571,-83.0723,3
42.4481,-83.0723,3
42.448,-83.0845,3
42.376,-82.937,4
42.385,-82.9371,4
42.385,-82.9493,4
42.3941,-82.9494,4
42.394,-82.9616,4
42.4031,-82.9617,4
42.4031,-82.9739,4
42.403,-82.9862,4
42.403,-82.9984,4
42.403,-83.0107,4
42.412,-83.0108,4
42.412,-83.023,4
42.4119,-83.0353,4
42.4119,-83.0475,4
42.421,-83.0476,4
42.4209,-83.0599,4
42.43,-83.0599,4
42.4299,-83.0722,4
42.439,-83.0722,4
42.439,-83.0845,4
42.448,-83.0845,4
42.4481,-83.0723,4
42.4571,-83.0723,4
42.4571,-83.0601,4
42.4662,-83.0601,4
42.4662,-83.0478,4
42.4753,-83.0479,4
42.4753,-83.0356,4
42.4754,-83.0233,4
42.4754,-83.0111,4
42.4754,-82.9988,4
42.4845,-82.9988,4
42.4845,-82.9865,4
42.4936,-82.9866,4
42.5026,-82.9866,4
42.5026,-82.9743,4
42.5117,-82.9744,4
42.5117,-82.9621,4
42.5208,-82.9621,4
42.5208,-82.9499,4
42.5208,-82.9376,4
42.5299,-82.9376,4
42.5299,-82.9253,4
42.539,-82.9254,4
42.548,-82.9254,4
42.5571,-82.9254,4
42.5571,-82.9131,4
42.5661,-82.9132,4
42.5662,-82.9009,4
42.5752,-82.9009,4
42.5752,-82.8886,4
42.5843,-82.8886,4
42.5843,-82.8763,4
42.5843,-82.864,4
42.5934,-82.864,4
42.5934,-82.8518,4
42.6024,-82.8518,4
42.6025,-82.8395,4
42.6025,-82.8272,4
42.6025,-82.8149,4
42.6025,-82.8026,4
42.5934,-82.8026,4
42.5934,-82.7903,4
42.6025,-82.7903,4
42.6025,-82.778,4
42.5935,-82.778,4
42.5844,-82.778,4
42.5753,-82.7779,4
42.5753,-82.7902,4
42.5844,-82.7903,4
42.5844,-82.8025,4
42.5844,-82.8148,4
42.5753,-82.8148,4
42.5753,-82.8271,4
42.5753,-82.8394,4
42.5662,-82.8394,4
42.5572,-82.8394,4
42.5572,-82.8517,4
42.5481,-82.8516,4
42.5481,-82.8639,4
42.5391,-82.8639,4
42.539,-82.8762,4
42.53,-82.8762,4
42.5209,-82.8762,4
42.5119,-82.8761,4
42.5028,-82.8761,4
42.4938,-82.8761,4
42.4847,-82.8761,4
42.4757,-82.876,4
42.4757,-82.8638,4
42.4666,-82.8637,4
42.4576,-82.8637,4
42.4576,-82.876,4
42.4485,-82.876,4
42.4394,-82.8759,4
42.4304,-82.8759,4
42.4213,-82.8759,4
42.4213,-82.8882,4
42.4123,-82.8881,4
42.4032,-82.8881,4
42.3942,-82.8881,4
42.3941,-82.9003,4
42.3851,-82.9003,4
42.3851,-82.9126,4
42.376,-82.9125,4
42.376,-82.9248,4
42.376,-82.937,4
42.0865,-82.7164,5
42.0955,-82.7164,5
42.0955,-82.7286,5
42.0955,-82.7408,5
42.1046,-82.7408,5
42.1046,-82.753,5
42.1046,-82.7652,5
42.1136,-82.7652,5
42.1227,-82.7653,5
42.1317,-82.7653,5
42.1317,-82.7775,5
42.1408,-82.7775,5
42.1498,-82.7775,5
42.1589,-82.7775,5
42.1589,-82.7897,5
42.1679,-82.7897,5
42.1679,-82.8019,5
42.177,-82.8019,5
42.177,-82.8142,5
42.186,-82.8142,5
42.186,-82.8264,5
42.186,-82.8386,5
42.1951,-82.8386,5
42.195,-82.8509,5
42.195,-82.8631,5
42.2041,-82.8631,5
42.2041,-82.8753,5
42.2131,-82.8753,5
42.2131,-82.8876,5
42.2131,-82.8998,5
42.2131,-82.912,5
42.2221,-82.912,5
42.2221,-82.9243,5
42.2221,-82.9365,5
42.222,-82.9487,5
42.2311,-82.9488,5
42.2311,-82.961,5
42.2401,-82.961,5
42.2401,-82.9732,5
42.2491,-82.9733,5
42.2491,-82.9855,5
42.2582,-82.9856,5
42.2672,-82.9856,5
42.2763,-82.9856,5
42.2853,-82.9857,5
42.2854,-82.9734,5
42.2944,-82.9735,5
42.2944,-82.9612,5
42.3035,-82.9613,5
42.3035,-82.949,5
42.3126,-82.9491,5
42.3216,-82.9491,5
42.3307,-82.9491,5
42.3397,-82.9492,5
42.3398,-82.9369,5
42.3488,-82.9369,5
42.3579,-82.937,5
42.3579,-82.9247,5
42.3488,-82.9247,5
42.3489,-82.9124,5
42.3489,-82.9002,5
42.3489,-82.8879,5
42.3398,-82.8879,5
42.3399,-82.8757,5
42.3399,-82.8634,5
42.3399,-82.8512,5
42.3308,-82.8512,5
42.3309,-82.8389,5
42.3309,-82.8267,5
42.3309,-82.8144,5
42.3218,-82.8144,5
42.3218,-82.8022,5
42.3218,-82.7899,5
42.3219,-82.7777,5
42.3128,-82.7777,5
42.3128,-82.7654,5
42.3128,-82.7532,5
42.3128,-82.7409,5
42.3128,-82.7287,5
42.3038,-82.7287,5
42.3038,-82.7164,5
42.3038,-82.7042,5
42.3038,-82.692,5
42.3128,-82.692,5
42.3128,-82.6797,5
42.3128,-82.6675,5
42.3128,-82.6552,5
42.3128,-82.643,5
42.3128,-82.6307,5
42.3128,-82.6185,5
42.3128,-82.6063,5
42.3128,-82.594,5
42.3218,-82.594,5
42.3218,-82.5818,5
42.3218,-82.5695,5
42.3218,-82.5573,5
42.3218,-82.545,5
42.3217,-82.5328,5
42.3217,-82.5205,5
42.3217,-82.5083,5
42.3126,-82.5083,5
42.3126,-82.4961,5
42.3036,-82.4961,5
42.3035,-82.4839,5
42.2945,-82.4839,5
42.2854,-82.4839,5
42.2764,-82.484,5
42.2673,-82.484,5
42.2674,-82.4962,5
42.2583,-82.4963,5
42.2583,-82.5085,5
42.2493,-82.5085,5
42.2493,-82.5207,5
42.2402,-82.5208,5
42.2312,-82.5208,5
42.2312,-82.533,5
42.2221,-82.5331,5
42.2131,-82.5331,5
42.204,-82.5331,5
42.195,-82.5331,5
42.195,-82.5454,5
42.186,-82.5454,5
42.1769,-82.5454,5
42.1769,-82.5576,5
42.1679,-82.5576,5
42.1679,-82.5699,5
42.1588,-82.5699,5
42.1498,-82.5699,5
42.1407,-82.5699,5
42.1407,-82.5577,5
42.1316,-82.5577,5
42.1317,-82.5699,5
42.1226,-82.57,5
42.1226,-82.5822,5
42.1136,-82.5822,5
42.1136,-82.5944,5
42.1045,-82.5944,5
42.1045,-82.6066,5
42.0955,-82.6066,5
42.0955,-82.6188,5
42.0955,-82.631,5
42.0955,-82.6432,5
42.0865,-82.6432,5
42.0865,-82.6554,5
42.0865,-82.6676,5
42.0865,-82.6798,5
42.0865,-82.692,5
42.0865,-82.7042,5
42.0865,-82.7164,5
42.1316,-82.5577,6
42.1407,-82.5577,6
42.1407,-82.5699,6
42.1498,-82.5699,6
42.1588,-82.5699,6
42.1679,-82.5699,6
42.1679,-82.5576,6
42.1769,-82.5576,6
42.1769,-82.5454,6
42.186,-82.5454,6
42.195,-82.5454,6
42.195,-82.5331,6
42.204,-82.5331,6
42.2131,-82.5331,6
42.2221,-82.5331,6
42.2312,-82.533,6
42.2312,-82.5208,6
42.2402,-82.5208,6
42.2493,-82.5207,6
42.2493,-82.5085,6
42.2583,-82.5085,6
42.2583,-82.4963,6
42.2674,-82.4962,6
42.2673,-82.484,6
42.2764,-82.484,6
42.2854,-82.4839,6
42.2945,-82.4839,6
42.3035,-82.4839,6
42.3036,-82.4961,6
42.3126,-82.4961,6
42.3126,-82.4838,6
42.3126,-82.4716,6
42.3216,-82.4716,6
42.3216,-82.4593,6
42.3307,-82.4593,6
42.3306,-82.447,6
42.3397,-82.447,6
42.3396,-82.4347,6
42.3487,-82.4347,6
42.3487,-82.4224,6
42.3577,-82.4224,6
42.3668,-82.4224,6
42.3667,-82.4101,6
42.3758,-82.4101,6
42.3849,-82.41,6
42.3939,-82.41,6
42.3939,-82.3977,6
42.3938,-82.3855,6
42.4029,-82.3854,6
42.4029,-82.3732,6
42.4028,-82.3609,6
42.4119,-82.3608,6
42.4118,-82.3486,6
42.4209,-82.3485,6
42.4209,-82.3363,6
42.4208,-82.324,6
42.4299,-82.3239,6
42.4298,-82.3117,6
42.4298,-82.2994,6
42.4388,-82.2994,6
42.4388,-82.2871,6
42.4387,-82.2748,6
42.4478,-82.2748,6
42.4478,-82.2625,6
42.4477,-82.2502,6
42.4568,-82.2502,6
42.4567,-82.2379,6
42.4567,-82.2256,6
42.4657,-82.2255,6
42.4657,-82.2133,6
42.4656,-82.201,6
42.4747,-82.2009,6
42.4746,-82.1886,6
42.4745,-82.1764,6
42.4745,-82.1641,6
42.4835,-82.164,6
42.4835,-82.1517,6
42.4834,-82.1395,6
42.4925,-82.1394,6
42.4924,-82.1271,6
42.5015,-82.127,6
42.5014,-82.1147,6
42.5013,-82.1025,6
42.5104,-82.1024,6
42.5103,-82.0901,6
42.5194,-82.09,6
42.5193,-82.0777,6
42.5284,-82.0776,6
42.5283,-82.0653,6
42.5373,-82.0653,6
42.5373,-82.053,6
42.5372,-82.0407,6
42.5463,-82.0406,6
42.5462,-82.0283,6
42.5552,-82.0282,6
42.5552,-82.0159,6
42.5642,-82.0158,6
42.5733,-82.0157,6
42.5732,-82.0034,6
42.5731,-81.9911,6
42.5822,-81.991,6
42.5821,-81.9787,6
42.582,-81.9664,6
42.5911,-81.9663,6
42.591,-81.954,6
42.6,-81.9539,6
42.6,-81.9416,6
42.5999,-81.9293,6
42.6089,-81.9292,6
42.6088,-81.9169,6
42.6088,-81.9046,6
42.6178,-81.9045,6
42.6177,-81.8922,6
42.6268,-81.8921,6
42.6267,-81.8798,6
42.6357,-81.8796,6
42.6357,-81.8673,6
42.6356,-81.855,6
42.6446,-81.8549,6
42.6445,-81.8426,6
42.6444,-81.8303,6
42.6535,-81.8302,6
42.6534,-81.8178,6
42.6533,-81.8055,6
42.6532,-81.7932,6
42.6622,-81.7931,6
42.6621,-81.7808,6
42.662,-81.7685,6
42.6711,-81.7683,6
42.671,-81.756,6
42.6709,-81.7437,6
42.6799,-81.7436,6
42.689,-81.7434,6
42.6889,-81.7311,6
42.6979,-81.731,6
42.6981,-81.7433,6
42.7071,-81.7431,6
42.7162,-81.743,6
42.7252,-81.7429,6
42.7251,-81.7305,6
42.7342,-81.7304,6
42.7341,-81.7181,6
42.7339,-81.7057,6
42.7338,-81.6934,6
42.7429,-81.6933,6
42.7428,-81.6809,6
42.7518,-81.6808,6
42.7517,-81.6685,6
42.7608,-81.6683,6
42.7698,-81.6682,6
42.7697,-81.6558,6
42.7788,-81.6557,6
42.7789,-81.668,6
42.779,-81.6803,6
42.788,-81.6802,6
42.7971,-81.68,6
42.8061,-81.6799,6
42.806,-81.6676,6
42.8151,-81.6674,6
42.815,-81.6551,6
42.8149,-81.6427,6
42.8147,-81.6304,6
42.8146,-81.618,6
42.8145,-81.6057,6
42.8236,-81.6055,6
42.8234,-81.5932,6
42.8325,-81.593,6
42.8324,-81.5807,6
42.8414,-81.5805,6
42.8505,-81.5804,6
42.8504,-81.568,6
42.8502,-81.5557,6
42.8593,-81.5555,6
42.8592,-81.5431,6
42.859,-81.5308,6
42.8589,-81.5184,6
42.8588,-81.5061,6
42.8586,-81.4937,6
42.8677,-81.4936,6
42.8676,-81.4812,6
42.8766,-81.481,6
42.8765,-81.4687,6
42.8855,-81.4685,6
42.8946,-81.4683,6
42.8947,-81.4807,6
42.9038,-81.4805,6
42.9128,-81.4803,6
42.9127,-81.468,6
42.9217,-81.4678,6
42.9308,-81.4676,6
42.9307,-81.4552,6
42.9397,-81.455,6
42.9488,-81.4549,6
42.9578,-81.4547,6
42.9669,-81.4545,6
42.9759,-81.4543,6
42.9758,-81.4419,6
42.9848,-81.4417,6
42.9847,-81.4294,6
42.9937,-81.4292,6
42.9936,-81.4168,6
43.0027,-81.4166,6
43.0025,-81.4042,6
43.0116,-81.404,6
43.0114,-81.3917,6
43.0205,-81.3915,6
43.0295,-81.3913,6
43.0386,-81.3911,6
43.0384,-81.3787,6
43.0475,-81.3785,6
43.0565,-81.3783,6
43.0564,-81.3659,6
43.0654,-81.3657,6
43.0745,-81.3655,6
43.0743,-81.3531,6
43.0834,-81.3529,6
43.0925,-81.3527,6
43.1015,-81.3525,6
43.1106,-81.3523,6
43.1107,-81.3647,6
43.1197,-81.3645,6
43.1288,-81.3643,6
43.1287,-81.3519,6
43.1377,-81.3517,6
43.1376,-81.3393,6
43.1466,-81.3391,6
43.1557,-81.3389,6
43.1558,-81.3513,6
43.1649,-81.3511,6
43.1739,-81.3509,6
43.183,-81.3507,6
43.192,-81.3505,6
43.2011,-81.3503,6
43.2009,-81.3379,6
43.21,-81.3377,6
43.219,-81.3375,6
43.2189,-81.3251,6
43.2279,-81.3249,6
43.237,-81.3246,6
43.246,-81.3244,6
43.2551,-81.3242,6
43.2641,-81.324,6
43.2732,-81.3238,6
43.2822,-81.3236,6
43.2913,-81.3234,6
43.2914,-81.3358,6
43.3005,-81.3356,6
43.3095,-81.3354,6
43.3097,-81.3479,6
43.3187,-81.3477,6
43.3278,-81.3475,6
43.3368,-81.3473,6
43.3367,-81.3348,6
43.3457,-81.3346,6
43.3548,-81.3344,6
43.3638,-81.3342,6
43.3729,-81.334,6
43.3819,-81.3338,6
43.391,-81.3336,6
43.4,-81.3334,6
43.3999,-81.3209,6
43.4089,-81.3207,6
43.418,-81.3205,6
43.4178,-81.308,6
43.4177,-81.2956,6
43.4267,-81.2954,6
43.4266,-81.2829,6
43.4356,-81.2827,6
43.4447,-81.2825,6
43.4537,-81.2823,6
43.4536,-81.2698,6
43.4626,-81.2696,6
43.4717,-81.2694,6
43.4715,-81.2569,6
43.4714,-81.2444,6
43.4623,-81.2446,6
43.4621,-81.2322,6
43.4531,-81.2324,6
43.4529,-81.2199,6
43.4528,-81.2075,6
43.4618,-81.2072,6
43.4709,-81.207,6
43.4799,-81.2068,6
43.4798,-81.1943,6
43.4888,-81.1941,6
43.4886,-81.1816,6
43.4977,-81.1814,6
43.4975,-81.1689,6
43.5066,-81.1687,6
43.5156,-81.1684,6
43.5247,-81.1682,6
43.5337,-81.168,6
43.5428,-81.1677,6
43.5518,-81.1675,6
43.552,-81.18,6
43.561,-81.1798,6
43.5701,-81.1795,6
43.5791,-81.1793,6
43.5882,-81.1791,6
43.5972,-81.1788,6
43.6063,-81.1786,6
43.6153,-81.1784,6
43.6152,-81.1659,6
43.6242,-81.1656,6
43.6241,-81.1531,6
43.6239,-81.1406,6
43.6237,-81.1281,6
43.6147,-81.1284,6
43.6145,-81.1159,6
43.6143,-81.1034,6
43.6141,-81.0909,6
43.614,-81.0784,6
43.6138,-81.0659,6
43.6047,-81.0661,6
43.5957,-81.0664,6
43.5866,-81.0666,6
43.5865,-81.0541,6
43.5774,-81.0544,6
43.5684,-81.0546,6
43.5682,-81.0421,6
43.568,-81.0296,6
43.5589,-81.0299,6
43.5588,-81.0174,6
43.5586,-81.0049,6
43.5495,-81.0051,6
43.5493,-80.9927,6
43.5403,-80.9929,6
43.5401,-80.9804,6
43.5399,-80.9679,6
43.5397,-80.9555,6
43.5395,-80.943,6
43.5393,-80.9305,6
43.5392,-80.918,6
43.5482,-80.9177,6
43.548,-80.9052,6
43.5478,-80.8927,6
43.5388,-80.893,6
43.539,-80.9055,6
43.5299,-80.9058,6
43.5301,-80.9183,6
43.5211,-80.9185,6
43.512,-80.9188,6
43.503,-80.9191,6
43.4939,-80.9193,6
43.4849,-80.9196,6
43.4847,-80.9071,6
43.4845,-80.8947,6
43.4843,-80.8822,6
43.4841,-80.8697,6
43.475,-80.87,6
43.4748,-80.8575,6
43.4746,-80.845,6
43.4744,-80.8326,6
43.4654,-80.8328,6
43.4563,-80.8331,6
43.4473,-80.8334,6
43.4475,-80.8459,6
43.4384,-80.8461,6
43.4382,-80.8337,6
43.4292,-80.834,6
43.429,-80.8215,6
43.4288,-80.809,6
43.4197,-80.8093,6
43.4107,-80.8096,6
43.4016,-80.8099,6
43.3926,-80.8102,6
43.3924,-80.7977,6
43.3922,-80.7853,6
43.3919,-80.7728,6
43.3829,-80.7731,6
43.3738,-80.7734,6
43.3648,-80.7737,6
43.365,-80.7861,6
43.356,-80.7864,6
43.3469,-80.7867,6
43.3379,-80.787,6
43.3377,-80.7745,6
43.3286,-80.7748,6
43.3196,-80.7751,6
43.3193,-80.7627,6
43.3103,-80.763,6
43.3101,-80.7505,6
43.301,-80.7508,6
43.292,-80.7511,6
43.2918,-80.7387,6
43.2916,-80.7262,6
43.2825,-80.7265,6
43.2823,-80.7141,6
43.2732,-80.7144,6
43.273,-80.702,6
43.264,-80.7023,6
43.2638,-80.6898,6
43.2547,-80.6901,6
43.2545,-80.6777,6
43.2543,-80.6653,6
43.2452,-80.6656,6
43.245,-80.6532,6
43.236,-80.6535,6
43.2269,-80.6538,6
43.2267,-80.6414,6
43.2176,-80.6417,6
43.2174,-80.6292,6
43.2084,-80.6296,6
43.1993,-80.6299,6
43.1903,-80.6302,6
43.1812,-80.6305,6
43.1722,-80.6308,6
43.1724,-80.6432,6
43.1634,-80.6435,6
43.1543,-80.6438,6
43.1541,-80.6314,6
43.145,-80.6317,6
43.136,-80.632,6
43.1269,-80.6323,6
43.1179,-80.6326,6
43.1088,-80.6329,6
43.1091,-80.6453,6
43.1,-80.6456,6
43.091,-80.6459,6
43.0819,-80.6463,6
43.0729,-80.6466,6
43.0638,-80.6469,6
43.0548,-80.6472,6
43.055,-80.6596,6
43.0552,-80.6719,6
43.0462,-80.6722,6
43.0464,-80.6846,6
43.0374,-80.6849,6
43.0283,-80.6852,6
43.0285,-80.6976,6
43.0195,-80.6979,6
43.0104,-80.6982,6
43.0102,-80.6858,6
43.0012,-80.6861,6
43.0014,-80.6985,6
42.9923,-80.6988,6
42.9833,-80.6991,6
42.9742,-80.6994,6
42.9745,-80.7118,6
42.9747,-80.7241,6
42.9749,-80.7365,6
42.9658,-80.7368,6
42.966,-80.7492,6
42.9663,-80.7615,6
42.9572,-80.7618,6
42.9574,-80.7742,6
42.9484,-80.7745,6
42.9486,-80.7868,6
42.9395,-80.7871,6
42.9305,-80.7874,6
42.9307,-80.7998,6
42.9216,-80.8,6
42.9218,-80.8124,6
42.9128,-80.8127,6
42.913,-80.825,6
42.9039,-80.8253,6
42.9041,-80.8377,6
42.9043,-80.85,6
42.8953,-80.8503,6
42.8955,-80.8626,6
42.9045,-80.8624,6
42.9047,-80.8747,6
42.9138,-80.8745,6
42.914,-80.8868,6
42.923,-80.8866,6
42.9232,-80.8989,6
42.9234,-80.9113,6
42.9236,-80.9236,6
42.9238,-80.936,6
42.924,-80.9484,6
42.9242,-80.9607,6
42.9332,-80.9605,6
42.9334,-80.9728,6
42.9425,-80.9726,6
42.9427,-80.9849,6
42.9428,-80.9973,6
42.943,-81.0097,6
42.934,-81.0099,6
42.9342,-81.0223,6
42.9251,-81.0225,6
42.9253,-81.0349,6
42.9255,-81.0473,6
42.9164,-81.0475,6
42.9166,-81.0599,6
42.9168,-81.0722,6
42.917,-81.0846,6
42.9171,-81.0969,6
42.9081,-81.0972,6
42.9083,-81.1095,6
42.9084,-81.1219,6
42.9086,-81.1342,6
42.8995,-81.1345,6
42.8997,-81.1468,6
42.8999,-81.1592,6
42.8908,-81.1594,6
42.891,-81.1718,6
42.8819,-81.172,6
42.8821,-81.1844,6
42.8823,-81.1967,6
42.8824,-81.2091,6
42.8826,-81.2214,6
42.8828,-81.2338,6
42.8829,-81.2461,6
42.8831,-81.2585,6
42.8832,-81.2708,6
42.8834,-81.2832,6
42.8835,-81.2955,6
42.8837,-81.3079,6
42.8838,-81.3202,6
42.884,-81.3326,6
42.8841,-81.345,6
42.8751,-81.3452,6
42.866,-81.3454,6
42.8662,-81.3577,6
42.8571,-81.3579,6
42.8481,-81.3581,6
42.8479,-81.3458,6
42.8389,-81.346,6
42.8298,-81.3462,6
42.8297,-81.3338,6
42.8206,-81.334,6
42.8205,-81.3217,6
42.8203,-81.3093,6
42.8202,-81.297,6
42.8111,-81.2972,6
42.8021,-81.2974,6
42.793,-81.2976,6
42.784,-81.2978,6
42.7749,-81.298,6
42.7751,-81.3104,6
42.7752,-81.3227,6
42.7754,-81.335,6
42.7663,-81.3352,6
42.7665,-81.3475,6
42.7666,-81.3599,6
42.7576,-81.3601,6
42.7485,-81.3603,6
42.7487,-81.3726,6
42.7396,-81.3728,6
42.7306,-81.373,6
42.7307,-81.3853,6
42.7216,-81.3855,6
42.7218,-81.3978,6
42.7127,-81.398,6
42.7129,-81.4103,6
42.713,-81.4227,6
42.704,-81.4228,6
42.7041,-81.4352,6
42.6951,-81.4354,6
42.6952,-81.4477,6
42.6861,-81.4479,6
42.6771,-81.448,6
42.6772,-81.4604,6
42.6682,-81.4605,6
42.6683,-81.4728,6
42.6684,-81.4852,6
42.6775,-81.485,6
42.6776,-81.4973,6
42.6777,-81.5096,6
42.6687,-81.5098,6
42.6688,-81.5221,6
42.6598,-81.5223,6
42.6507,-81.5224,6
42.6417,-81.5226,6
42.6418,-81.5349,6
42.6327,-81.5351,6
42.6329,-81.5474,6
42.6238,-81.5476,6
42.6239,-81.5599,6
42.6241,-81.5722,6
42.6242,-81.5845,6
42.6243,-81.5968,6
42.6152,-81.5969,6
42.6154,-81.6092,6
42.6063,-81.6094,6
42.6064,-81.6217,6
42.6065,-81.634,6
42.6067,-81.6463,6
42.5976,-81.6464,6
42.5977,-81.6587,6
42.5887,-81.6589,6
42.5888,-81.6712,6
42.5889,-81.6835,6
42.5798,-81.6836,6
42.58,-81.6959,6
42.5801,-81.7082,6
42.5802,-81.7205,6
42.5711,-81.7207,6
42.5621,-81.7208,6
42.553,-81.721,6
42.544,-81.7211,6
42.5441,-81.7334,6
42.535,-81.7335,6
42.526,-81.7337,6
42.5169,-81.7338,6
42.5079,-81.734,6
42.508,-81.7462,6
42.4989,-81.7464,6
42.4899,-81.7465,6
42.4808,-81.7467,6
42.4717,-81.7468,6
42.4719,-81.7591,6
42.4628,-81.7592,6
42.4629,-81.7715,6
42.463,-81.7837,6
42.4631,-81.796,6
42.4632,-81.8083,6
42.4541,-81.8084,6
42.4542,-81.8207,6
42.4452,-81.8208,6
42.4453,-81.8331,6
42.4362,-81.8332,6
42.4363,-81.8455,6
42.4273,-81.8456,6
42.4274,-81.8579,6
42.4183,-81.858,6
42.4093,-81.8581,6
42.4093,-81.8704,6
42.4003,-81.8705,6
42.4004,-81.8828,6
42.4005,-81.895,6
42.3914,-81.8951,6
42.3824,-81.8952,6
42.3824,-81.9075,6
42.3825,-81.9198,6
42.3735,-81.9199,6
42.3736,-81.9321,6
42.3645,-81.9322,6
42.3646,-81.9445,6
42.3647,-81.9567,6
42.3648,-81.969,6
42.3557,-81.9691,6
42.3558,-81.9814,6
42.3467,-81.9815,6
42.3466,-81.9692,6
42.3376,-81.9693,6
42.3285,-81.9694,6
42.3286,-81.9817,6
42.3196,-81.9818,6
42.3196,-81.994,6
42.3197,-82.0063,6
42.3198,-82.0185,6
42.3107,-82.0186,6
42.3108,-82.0309,6
42.3018,-82.0309,6
42.3018,-82.0432,6
42.2928,-82.0433,6
42.2837,-82.0434,6
42.2838,-82.0556,6
42.2747,-82.0557,6
42.2748,-82.0679,6
42.2749,-82.0802,6
42.2749,-82.0924,6
42.275,-82.1047,6
42.2751,-82.1169,6
42.266,-82.117,6
42.2661,-82.1292,6
42.2661,-82.1414,6
42.2571,-82.1415,6
42.2572,-82.1538,6
42.2481,-82.1538,6
42.2482,-82.1661,6
42.2391,-82.1661,6
42.2392,-82.1784,6
42.2301,-82.1784,6
42.2302,-82.1907,6
42.2302,-82.2029,6
42.2212,-82.203,6
42.2212,-82.2152,6
42.2213,-82.2274,6
42.2213,-82.2396,6
42.2214,-82.2519,6
42.2214,-82.2641,6
42.2215,-82.2763,6
42.2215,-82.2885,6
42.2125,-82.2886,6
42.2125,-82.3008,6
42.2035,-82.3009,6
42.2035,-82.3131,6
42.2035,-82.3253,6
42.1945,-82.3254,6
42.1945,-82.3376,6
42.1946,-82.3498,6
42.1855,-82.3499,6
42.1855,-82.3621,6
42.1765,-82.3621,6
42.1765,-82.3744,6
42.1766,-82.3866,6
42.1766,-82.3988,6
42.1766,-82.411,6
42.1676,-82.4111,6
42.1676,-82.4233,6
42.1676,-82.4355,6
42.1586,-82.4355,6
42.1586,-82.4477,6
42.1586,-82.46,6
42.1496,-82.46,6
42.1496,-82.4722,6
42.1496,-82.4844,6
42.1406,-82.4844,6
42.1406,-82.4967,6
42.1316,-82.4967,6
42.1316,-82.5089,6
42.1316,-82.5211,6
42.1316,-82.5333,6
42.1316,-82.5455,6
42.1316,-82.5577,6
42.3939,-82.3977,7
42.4029,-82.3977,7
42.403,-82.4099,7
42.412,-82.4099,7
42.4211,-82.4099,7
42.4301,-82.4098,7
42.4392,-82.4098,7
42.4392,-82.422,7
42.4483,-82.422,7
42.4573,-82.4219,7
42.4573,-82.4097,7
42.4663,-82.4096,7
42.4754,-82.4096,7
42.4844,-82.4095,7
42.4935,-82.4095,7
42.4935,-82.4218,7
42.4936,-82.4341,7
42.4845,-82.4341,7
42.4845,-82.4464,7
42.4936,-82.4463,7
42.4936,-82.4586,7
42.5027,-82.4586,7
42.5027,-82.4709,7
42.5117,-82.4708,7
42.5118,-82.4831,7
42.5118,-82.4954,7
42.5118,-82.5077,7
42.5028,-82.5077,7
42.5028,-82.52,7
42.5118,-82.52,7
42.5119,-82.5322,7
42.5028,-82.5323,7
42.5028,-82.5445,7
42.5119,-82.5445,7
42.5119,-82.5568,7
42.5028,-82.5568,7
42.5029,-82.5691,7
42.5119,-82.5691,7
42.521,-82.5691,7
42.53,-82.569,7
42.53,-82.5568,7
42.5391,-82.5567,7
42.5391,-82.569,7
42.5481,-82.569,7
42.5572,-82.569,7
42.5662,-82.569,7
42.5753,-82.5689,7
42.5753,-82.5566,7
42.5843,-82.5566,7
42.5934,-82.5566,7
42.5934,-82.5443,7
42.6024,-82.5443,7
42.6024,-82.532,7
42.6114,-82.532,7
42.6114,-82.5197,7
42.6114,-82.5073,7
42.6205,-82.5073,7
42.6295,-82.5073,7
42.6386,-82.5073,7
42.6476,-82.5072,7
42.6476,-82.4949,7
42.6566,-82.4949,7
42.6657,-82.4949,7
42.6748,-82.4948,7
42.6838,-82.4948,7
42.6929,-82.4948,7
42.7019,-82.4947,7
42.7019,-82.4824,7
42.7109,-82.4824,7
42.72,-82.4823,7
42.72,-82.47,7
42.729,-82.47,7
42.7381,-82.47,7
42.7471,-82.4699,7
42.7562,-82.4699,7
42.7562,-82.4576,7
42.7652,-82.4575,7
42.7743,-82.4575,7
42.7833,-82.4574,7
42.7924,-82.4574,7
42.8014,-82.4574,7
42.8015,-82.4697,7
42.8105,-82.4697,7
42.8196,-82.4696,7
42.8286,-82.4696,7
42.8377,-82.4696,7
42.8376,-82.4572,7
42.8467,-82.4572,7
42.8557,-82.4571,7
42.8648,-82.4571,7
42.8739,-82.4571,7
42.8829,-82.457,7
42.892,-82.457,7
42.8919,-82.4446,7
42.901,-82.4446,7
42.91,-82.4446,7
42.9191,-82.4445,7
42.9281,-82.4445,7
42.9372,-82.4444,7
42.9372,-82.4321,7
42.9462,-82.432,7
42.9553,-82.432,7
42.9552,-82.4196,7
42.9643,-82.4196,7
42.9643,-82.4072,7
42.9733,-82.4072,7
42.9824,-82.4071,7
42.9914,-82.4071,7
43.0005,-82.407,7
43.0095,-82.407,7
43.0095,-82.3946,7
43.0095,-82.3822,7
43.0185,-82.3822,7
43.0185,-82.3698,7
43.0094,-82.3698,7
43.0004,-82.3699,7
42.9913,-82.3699,7
42.9823,-82.37,7
42.9822,-82.3576,7
42.9732,-82.3577,7
42.9731,-82.3453,7
42.9641,-82.3454,7
42.964,-82.333,7
42.955,-82.333,7
42.955,-82.3207,7
42.9459,-82.3207,7
42.9368,-82.3208,7
42.9278,-82.3208,7
42.9187,-82.3209,7
42.9187,-82.3085,7
42.9096,-82.3086,7
42.9096,-82.2962,7
42.9005,-82.2963,7
42.9005,-82.2839,7
42.8915,-82.284,7
42.8914,-82.2716,7
42.8914,-82.2593,7
42.8823,-82.2594,7
42.8823,-82.247,7
42.8913,-82.2469,7
42.8913,-82.2346,7
42.9003,-82.2345,7
42.9003,-82.2221,7
42.9093,-82.2221,7
42.9093,-82.2097,7
42.9183,-82.2096,7
42.9183,-82.1973,7
42.9273,-82.1972,7
42.9273,-82.1848,7
42.9363,-82.1848,7
42.9363,-82.1724,7
42.9453,-82.1723,7
42.9452,-82.1599,7
42.9452,-82.1476,7
42.9542,-82.1475,7
42.9542,-82.1351,7
42.9632,-82.135,7
42.9632,-82.1227,7
42.9631,-82.1103,7
42.963,-82.0979,7
42.963,-82.0856,7
42.972,-82.0855,7
42.972,-82.0731,7
42.9719,-82.0607,7
42.9718,-82.0483,7
42.9717,-82.036,7
42.9808,-82.0359,7
42.9807,-82.0235,7
42.9806,-82.0111,7
42.9806,-81.9987,7
42.9896,-81.9986,7
42.9895,-81.9863,7
42.9895,-81.9739,7
42.9985,-81.9738,7
42.9984,-81.9614,7
43.0075,-81.9613,7
43.0074,-81.9489,7
43.0165,-81.9488,7
43.0255,-81.9487,7
43.0254,-81.9363,7
43.0345,-81.9362,7
43.0344,-81.9238,7
43.0435,-81.9237,7
43.0434,-81.9113,7
43.0524,-81.9112,7
43.0523,-81.8988,7
43.0614,-81.8987,7
43.0613,-81.8863,7
43.0612,-81.8739,7
43.0611,-81.8615,7
43.061,-81.8491,7
43.0609,-81.8367,7
43.0519,-81.8369,7
43.0518,-81.8245,7
43.0427,-81.8246,7
43.0426,-81.8122,7
43.0425,-81.7998,7
43.0516,-81.7997,7
43.0515,-81.7873,7
43.0514,-81.7749,7
43.0513,-81.7625,7
43.0422,-81.7627,7
43.0332,-81.7628,7
43.0241,-81.7629,7
43.024,-81.7506,7
43.015,-81.7507,7
43.0059,-81.7508,7
43.0058,-81.7385,7
43.0057,-81.7261,7
42.9967,-81.7262,7
42.9966,-81.7138,7
42.9875,-81.714,7
42.9874,-81.7016,7
42.9873,-81.6892,7
42.9872,-81.6769,7
42.9871,-81.6645,7
42.987,-81.6521,7
42.996,-81.652,7
42.9959,-81.6396,7
43.0049,-81.6394,7
43.0048,-81.627,7
43.0139,-81.6269,7
43.0138,-81.6145,7
43.0136,-81.6021,7
43.0135,-81.5897,7
43.0134,-81.5774,7
43.0133,-81.565,7
43.0132,-81.5526,7
43.013,-81.5402,7
43.0129,-81.5278,7
43.0128,-81.5155,7
43.0218,-81.5153,7
43.0217,-81.5029,7
43.0308,-81.5027,7
43.0306,-81.4903,7
43.0397,-81.4902,7
43.0395,-81.4778,7
43.0394,-81.4654,7
43.0485,-81.4652,7
43.0483,-81.4528,7
43.0574,-81.4526,7
43.0572,-81.4402,7
43.0663,-81.4401,7
43.0662,-81.4277,7
43.0752,-81.4275,7
43.0751,-81.4151,7
43.0841,-81.4149,7
43.084,-81.4025,7
43.093,-81.4023,7
43.0929,-81.3899,7
43.1019,-81.3897,7
43.111,-81.3895,7
43.1108,-81.3771,7
43.1199,-81.3769,7
43.1197,-81.3645,7
43.1107,-81.3647,7
43.1106,-81.3523,7
43.1015,-81.3525,7
43.0925,-81.3527,7
43.0834,-81.3529,7
43.0743,-81.3531,7
43.0745,-81.3655,7
43.0654,-81.3657,7
43.0564,-81.3659,7
43.0565,-81.3783,7
43.0475,-81.3785,7
43.0384,-81.3787,7
43.0386,-81.3911,7
43.0295,-81.3913,7
43.0205,-81.3915,7
43.0114,-81.3917,7
43.0116,-81.404,7
43.0025,-81.4042,7
43.0027,-81.4166,7
42.9936,-81.4168,7
42.9937,-81.4292,7
42.9847,-81.4294,7
42.9848,-81.4417,7
42.9758,-81.4419,7
42.9759,-81.4543,7
42.9669,-81.4545,7
42.9578,-81.4547,7
42.9488,-81.4549,7
42.9397,-81.455,7
42.9307,-81.4552,7
42.9308,-81.4676,7
42.9217,-81.4678,7
42.9127,-81.468,7
42.9128,-81.4803,7
42.9038,-81.4805,7
42.8947,-81.4807,7
42.8946,-81.4683,7
42.8855,-81.4685,7
42.8765,-81.4687,7
42.8766,-81.481,7
42.8676,-81.4812,7
42.8677,-81.4936,7
42.8586,-81.4937,7
42.8588,-81.5061,7
42.8589,-81.5184,7
42.859,-81.5308,7
42.8592,-81.5431,7
42.8593,-81.5555,7
42.8502,-81.5557,7
42.8504,-81.568,7
42.8505,-81.5804,7
42.8414,-81.5805,7
42.8324,-81.5807,7
42.8325,-81.593,7
42.8234,-81.5932,7
42.8236,-81.6055,7
42.8145,-81.6057,7
42.8146,-81.618,7
42.8147,-81.6304,7
42.8149,-81.6427,7
42.815,-81.6551,7
42.8151,-81.6674,7
42.806,-81.6676,7
42.8061,-81.6799,7
42.7971,-81.68,7
42.788,-81.6802,7
42.779,-81.6803,7
42.7789,-81.668,7
42.7788,-81.6557,7
42.7697,-81.6558,7
42.7698,-81.6682,7
42.7608,-81.6683,7
42.7517,-81.6685,7
42.7518,-81.6808,7
42.7428,-81.6809,7
42.7429,-81.6933,7
42.7338,-81.6934,7
42.7339,-81.7057,7
42.7341,-81.7181,7
42.7342,-81.7304,7
42.7251,-81.7305,7
42.7252,-81.7429,7
42.7162,-81.743,7
42.7071,-81.7431,7
42.6981,-81.7433,7
42.6979,-81.731,7
42.6889,-81.7311,7
42.689,-81.7434,7
42.6799,-81.7436,7
42.6709,-81.7437,7
42.671,-81.756,7
42.6711,-81.7683,7
42.662,-81.7685,7
42.6621,-81.7808,7
42.6622,-81.7931,7
42.6532,-81.7932,7
42.6533,-81.8055,7
42.6534,-81.8178,7
42.6535,-81.8302,7
42.6444,-81.8303,7
42.6445,-81.8426,7
42.6446,-81.8549,7
42.6356,-81.855,7
42.6357,-81.8673,7
42.6357,-81.8796,7
42.6267,-81.8798,7
42.6268,-81.8921,7
42.6177,-81.8922,7
42.6178,-81.9045,7
42.6088,-81.9046,7
42.6088,-81.9169,7
42.6089,-81.9292,7
42.5999,-81.9293,7
42.6,-81.9416,7
42.6,-81.9539,7
42.591,-81.954,7
42.5911,-81.9663,7
42.582,-81.9664,7
42.5821,-81.9787,7
42.5822,-81.991,7
42.5731,-81.9911,7
42.5732,-82.0034,7
42.5733,-82.0157,7
42.5642,-82.0158,7
42.5552,-82.0159,7
42.5552,-82.0282,7
42.5462,-82.0283,7
42.5463,-82.0406,7
42.5372,-82.0407,7
42.5373,-82.053,7
42.5373,-82.0653,7
42.5283,-82.0653,7
42.5284,-82.0776,7
42.5193,-82.0777,7
42.5194,-82.09,7
42.5103,-82.0901,7
42.5104,-82.1024,7
42.5013,-82.1025,7
42.5014,-82.1147,7
42.5015,-82.127,7
42.4924,-82.1271,7
42.4925,-82.1394,7
42.4834,-82.1395,7
42.4835,-82.1517,7
42.4835,-82.164,7
42.4745,-82.1641,7
42.4745,-82.1764,7
42.4746,-82.1886,7
42.4747,-82.2009,7
42.4656,-82.201,7
42.4657,-82.2133,7
42.4657,-82.2255,7
42.4567,-82.2256,7
42.4567,-82.2379,7
42.4568,-82.2502,7
42.4477,-82.2502,7
42.4478,-82.2625,7
42.4478,-82.2748,7
42.4387,-82.2748,7
42.4388,-82.2871,7
42.4388,-82.2994,7
42.4298,-82.2994,7
42.4298,-82.3117,7
42.4299,-82.3239,7
42.4208,-82.324,7
42.4209,-82.3363,7
42.4209,-82.3485,7
42.4118,-82.3486,7
42.4119,-82.3608,7
42.4028,-82.3609,7
42.4029,-82.3732,7
42.4029,-82.3854,7
42.3938,-82.3855,7
42.3939,-82.3977,7
42.0865,-82.7164,9
42.0955,-82.7164,9
42.0955,-82.7286,9
42.0955,-82.7408,9
42.1046,-82.7408,9
42.1046,-82.753,9
42.1046,-82.7652,9
42.1136,-82.7652,9
42.1227,-82.7653,9
42.1317,-82.7653,9
42.1317,-82.7775,9
42.1408,-82.7775,9
42.1498,-82.7775,9
42.1589,-82.7775,9
42.1589,-82.7897,9
42.1679,-82.7897,9
42.1679,-82.8019,9
42.177,-82.8019,9
42.177,-82.8142,9
42.186,-82.8142,9
42.186,-82.8264,9
42.186,-82.8386,9
42.1951,-82.8386,9
42.195,-82.8509,9
42.195,-82.8631,9
42.2041,-82.8631,9
42.2041,-82.8753,9
42.2131,-82.8753,9
42.2131,-82.8876,9
42.2131,-82.8998,9
42.2131,-82.912,9
42.2221,-82.912,9
42.2221,-82.9243,9
42.2221,-82.9365,9
42.222,-82.9487,9
42.2311,-82.9488,9
42.2311,-82.961,9
42.2401,-82.961,9
42.2401,-82.9732,9
42.2491,-82.9733,9
42.2491,-82.9855,9
42.2582,-82.9856,9
42.2672,-82.9856,9
42.2763,-82.9856,9
42.2853,-82.9857,9
42.2854,-82.9734,9
42.2944,-82.9735,9
42.2944,-82.9612,9
42.3035,-82.9613,9
42.3035,-82.949,9
42.3126,-82.9491,9
42.3216,-82.9491,9
42.3307,-82.9491,9
42.3397,-82.9492,9
42.3398,-82.9369,9
42.3488,-82.9369,9
42.3579,-82.937,9
42.3669,-82.937,9
42.3669,-82.9248,9
42.376,-82.9248,9
42.376,-82.937,9
42.385,-82.9371,9
42.385,-82.9493,9
42.3941,-82.9494,9
42.394,-82.9616,9
42.4031,-82.9617,9
42.4031,-82.9739,9
42.403,-82.9862,9
42.403,-82.9984,9
42.403,-83.0107,9
42.412,-83.0108,9
42.412,-83.023,9
42.4119,-83.0353,9
42.4119,-83.0475,9
42.421,-83.0476,9
42.4209,-83.0599,9
42.43,-83.0599,9
42.4299,-83.0722,9
42.439,-83.0722,9
42.439,-83.0845,9
42.448,-83.0845,9
42.4571,-83.0846,9
42.4661,-83.0847,9
42.4661,-83.0969,9
42.4751,-83.097,9
42.4842,-83.097,9
42.4841,-83.1093,9
42.4932,-83.1094,9
42.5022,-83.1094,9
42.5022,-83.1217,9
42.5113,-83.1218,9
42.5203,-83.1218,9
42.5203,-83.1341,9
42.5293,-83.1342,9
42.5384,-83.1342,9
42.5383,-83.1465,9
42.5383,-83.1588,9
42.5473,-83.1589,9
42.5473,-83.1712,9
42.5563,-83.1712,9
42.5654,-83.1713,9
42.5744,-83.1714,9
42.5835,-83.1714,9
42.5926,-83.1715,9
42.6016,-83.1716,9
42.6107,-83.1716,9
42.6197,-83.1717,9
42.6288,-83.1718,9
42.6287,-83.1841,9
42.6287,-83.1964,9
42.6286,-83.2087,9
42.6377,-83.2088,9
42.6376,-83.2211,9
42.6376,-83.2334,9
42.6375,-83.2457,9
42.6284,-83.2456,9
42.6194,-83.2455,9
42.6193,-83.2578,9
42.6103,-83.2577,9
42.6012,-83.2577,9
42.6012,-83.27,9
42.5921,-83.2699,9
42.5921,-83.2822,9
42.583,-83.2821,9
42.5829,-83.2944,9
42.592,-83.2945,9
42.5919,-83.3068,9
42.5919,-83.3191,9
42.5918,-83.3314,9
42.5827,-83.3313,9
42.5827,-83.3436,9
42.5826,-83.3559,9
42.5825,-83.3682,9
42.5916,-83.3683,9
42.5915,-83.3806,9
42.6006,-83.3806,9
42.6096,-83.3807,9
42.6096,-83.393,9
42.6186,-83.3931,9
42.6185,-83.4054,9
42.6185,-83.4178,9
42.6275,-83.4179,9
42.6366,-83.418,9
42.6365,-83.4303,9
42.6455,-83.4304,9
42.6546,-83.4305,9
42.6636,-83.4306,9
42.6727,-83.4307,9
42.6728,-83.4184,9
42.6818,-83.4185,9
42.6909,-83.4186,9
42.6999,-83.4187,9
42.6999,-83.431,9
42.7089,-83.4311,9
42.7088,-83.4434,9
42.7179,-83.4435,9
42.7269,-83.4436,9
42.7269,-83.456,9
42.7359,-83.4561,9
42.7358,-83.4684,9
42.7449,-83.4685,9
42.7448,-83.4808,9
42.7539,-83.4809,9
42.7538,-83.4933,9
42.7628,-83.4934,9
42.7719,-83.4935,9
42.772,-83.4812,9
42.781,-83.4813,9
42.7811,-83.469,9
42.7901,-83.4691,9
42.7902,-83.4567,9
42.7993,-83.4568,9
42.7994,-83.4445,9
42.8084,-83.4446,9
42.8085,-83.4323,9
42.8175,-83.4324,9
42.8176,-83.42,9
42.8177,-83.4077,9
42.8267,-83.4078,9
42.8268,-83.3954,9
42.8359,-83.3955,9
42.8359,-83.3832,9
42.845,-83.3833,9
42.8541,-83.3834,9
42.8541,-83.371,9
42.8632,-83.3711,9
42.8722,-83.3712,9
42.8813,-83.3713,9
42.8903,-83.3714,9
42.8904,-83.3591,9
42.8995,-83.3592,9
42.8995,-83.3468,9
42.9086,-83.3469,9
42.9087,-83.3345,9
42.9087,-83.3222,9
42.8997,-83.3221,9
42.8997,-83.3097,9
42.8907,-83.3097,9
42.8816,-83.3096,9
42.8726,-83.3095,9
42.8726,-83.2971,9
42.8636,-83.297,9
42.8636,-83.2847,9
42.8546,-83.2846,9
42.8547,-83.2722,9
42.8547,-83.2599,9
42.8638,-83.26,9
42.8638,-83.2476,9
42.8639,-83.2353,9
42.8729,-83.2354,9
42.873,-83.223,9
42.873,-83.2106,9
42.8731,-83.1983,9
42.8821,-83.1984,9
42.8822,-83.186,9
42.8913,-83.1861,9
42.9003,-83.1862,9
42.9094,-83.1862,9
42.9184,-83.1863,9
42.9275,-83.1864,9
42.9365,-83.1864,9
42.9366,-83.1741,9
42.9456,-83.1741,9
42.9457,-83.1618,9
42.9547,-83.1618,9
42.9548,-83.1495,9
42.9638,-83.1495,9
42.9729,-83.1496,9
42.9819,-83.1497,9
42.9819,-83.162,9
42.9909,-83.1621,9
42.9909,-83.1745,9
42.9999,-83.1745,9
43.009,-83.1746,9
43.0089,-83.187,9
43.018,-83.1871,9
43.0271,-83.1871,9
43.027,-83.1995,9
43.0361,-83.1996,9
43.0361,-83.1872,9
43.0362,-83.1748,9
43.0362,-83.1624,9
43.0453,-83.1625,9
43.0543,-83.1626,9
43.0634,-83.1626,9
43.0633,-83.175,9
43.0724,-83.1751,9
43.0814,-83.1752,9
43.0905,-83.1752,9
43.0904,-83.1876,9
43.0995,-83.1877,9
43.1085,-83.1878,9
43.1176,-83.1878,9
43.1266,-83.1879,9
43.1357,-83.188,9
43.1447,-83.1881,9
43.1448,-83.1756,9
43.1448,-83.1632,9
43.1449,-83.1508,9
43.1358,-83.1508,9
43.1359,-83.1384,9
43.1359,-83.1259,9
43.145,-83.126,9
43.154,-83.1261,9
43.1541,-83.1137,9
43.1631,-83.1137,9
43.1632,-83.1013,9
43.1722,-83.1014,9
43.1723,-83.089,9
43.1723,-83.0765,9
43.1814,-83.0766,9
43.1814,-83.0642,9
43.1905,-83.0642,9
43.1905,-83.0518,9
43.1905,-83.0394,9
43.1815,-83.0393,9
43.1815,-83.0269,9
43.1725,-83.0269,9
43.1725,-83.0145,9
43.1634,-83.0144,9
43.1635,-83.002,9
43.1725,-83.0021,9
43.1816,-83.0021,9
43.1906,-83.0021,9
43.1997,-83.0022,9
43.2087,-83.0022,9
43.2178,-83.0023,9
43.2268,-83.0023,9
43.2359,-83.0024,9
43.2359,-83.0148,9
43.2449,-83.0148,9
43.254,-83.0149,9
43.263,-83.0149,9
43.2631,-83.0025,9
43.2721,-83.0025,9
43.2721,-82.9901,9
43.2812,-82.9901,9
43.2812,-82.9777,9
43.2903,-82.9777,9
43.2903,-82.9653,9
43.2994,-82.9653,9
43.2994,-82.9529,9
43.3084,-82.9529,9
43.3085,-82.9405,9
43.3175,-82.9405,9
43.3266,-82.9406,9
43.3356,-82.9406,9
43.3447,-82.9406,9
43.3537,-82.9407,9
43.3537,-82.9531,9
43.3628,-82.9532,9
43.3718,-82.9532,9
43.3718,-82.9407,9
43.3719,-82.9283,9
43.3809,-82.9283,9
43.3809,-82.9159,9
43.381,-82.9034,9
43.381,-82.8909,9
43.381,-82.8785,9
43.3901,-82.8785,9
43.3991,-82.8785,9
43.3991,-82.8661,9
43.4082,-82.8661,9
43.4172,-82.8661,9
43.4263,-82.8662,9
43.4353,-82.8662,9
43.4444,-82.8662,9
43.4444,-82.8537,9
43.4444,-82.8413,9
43.4535,-82.8413,9
43.4535,-82.8288,9
43.4625,-82.8288,9
43.4716,-82.8288,9
43.4807,-82.8289,9
43.4897,-82.8289,9
43.4988,-82.8289,9
43.5078,-82.8289,9
43.5169,-82.8289,9
43.5259,-82.829,9
43.535,-82.829,9
43.544,-82.829,9
43.544,-82.8415,9
43.544,-82.854,9
43.5531,-82.854,9
43.553,-82.8665,9
43.5621,-82.8665,9
43.5711,-82.8665,9
43.5802,-82.8666,9
43.5893,-82.8666,9
43.5983,-82.8666,9
43.5983,-82.8541,9
43.6074,-82.8541,9
43.6164,-82.8541,9
43.6255,-82.8542,9
43.6255,-82.8417,9
43.6345,-82.8417,9
43.6346,-82.8292,9
43.6436,-82.8292,9
43.6527,-82.8292,9
43.6617,-82.8292,9
43.6617,-82.8167,9
43.6708,-82.8167,9
43.6798,-82.8167,9
43.6889,-82.8168,9
43.6889,-82.8042,9
43.698,-82.8042,9
43.698,-82.7917,9
43.6889,-82.7917,9
43.6889,-82.7792,9
43.6799,-82.7792,9
43.6799,-82.7667,9
43.6708,-82.7667,9
43.6618,-82.7666,9
43.6618,-82.7541,9
43.6527,-82.7541,9
43.6437,-82.7541,9
43.6346,-82.7541,9
43.6346,-82.7416,9
43.6256,-82.7416,9
43.6165,-82.7416,9
43.6075,-82.7416,9
43.6075,-82.7291,9
43.5984,-82.7291,9
43.5894,-82.7291,9
43.5894,-82.7166,9
43.5803,-82.7166,9
43.5713,-82.7166,9
43.5622,-82.7166,9
43.5531,-82.7166,9
43.5441,-82.7166,9
43.535,-82.7166,9
43.526,-82.7166,9
43.526,-82.7041,9
43.5169,-82.7041,9
43.5079,-82.7041,9
43.4988,-82.7041,9
43.4988,-82.6916,9
43.4898,-82.6916,9
43.4807,-82.6916,9
43.4807,-82.6791,9
43.4717,-82.6791,9
43.4626,-82.6791,9
43.4626,-82.6667,9
43.4535,-82.6667,9
43.4535,-82.6542,9
43.4445,-82.6542,9
43.4445,-82.6417,9
43.4445,-82.6293,9
43.4354,-82.6293,9
43.4264,-82.6293,9
43.4264,-82.6168,9
43.4173,-82.6168,9
43.4083,-82.6169,9
43.4082,-82.6044,9
43.3992,-82.6044,9
43.3901,-82.6044,9
43.3901,-82.592,9
43.3811,-82.592,9
43.372,-82.592,9
43.372,-82.5796,9
43.3629,-82.5796,9
43.3539,-82.5796,9
43.3448,-82.5796,9
43.3358,-82.5796,9
43.3267,-82.5797,9
43.3267,-82.5672,9
43.3177,-82.5672,9
43.3086,-82.5672,9
43.2996,-82.5673,9
43.2905,-82.5673,9
43.2815,-82.5673,9
43.2724,-82.5673,9
43.2633,-82.5674,9
43.2543,-82.5674,9
43.2452,-82.5674,9
43.2362,-82.5674,9
43.2362,-82.5798,9
43.2271,-82.5799,9
43.2181,-82.5799,9
43.209,-82.5799,9
43.2,-82.5799,9
43.1909,-82.5799,9
43.1819,-82.58,9
43.1728,-82.58,9
43.1638,-82.58,9
43.1547,-82.58,9
43.1457,-82.58,9
43.1366,-82.5801,9
43.1366,-82.5677,9
43.1275,-82.5677,9
43.1185,-82.5677,9
43.1094,-82.5677,9
43.1004,-82.5677,9
43.0913,-82.5678,9
43.0823,-82.5678,9
43.0823,-82.5554,9
43.0732,-82.5554,9
43.0732,-82.543,9
43.0641,-82.543,9
43.0641,-82.5306,9
43.0551,-82.5307,9
43.055,-82.5183,9
43.055,-82.5059,9
43.055,-82.4935,9
43.055,-82.4811,9
43.0549,-82.4687,9
43.0549,-82.4563,9
43.0459,-82.4564,9
43.0458,-82.444,9
43.0368,-82.444,9
43.0368,-82.4316,9
43.0277,-82.4317,9
43.0277,-82.4193,9
43.0186,-82.4193,9
43.0186,-82.4069,9
43.0095,-82.407,9
43.0095,-82.3946,9
43.0095,-82.3822,9
43.0185,-82.3822,9
43.0185,-82.3698,9
43.0094,-82.3698,9
43.0004,-82.3699,9
42.9913,-82.3699,9
42.9823,-82.37,9
42.9822,-82.3576,9
42.9732,-82.3577,9
42.9731,-82.3453,9
42.9641,-82.3454,9
42.964,-82.333,9
42.955,-82.333,9
42.955,-82.3207,9
42.9459,-82.3207,9
42.9368,-82.3208,9
42.9278,-82.3208,9
42.9187,-82.3209,9
42.9187,-82.3085,9
42.9096,-82.3086,9
42.9096,-82.2962,9
42.9005,-82.2963,9
42.9005,-82.2839,9
42.8915,-82.284,9
42.8914,-82.2716,9
42.8914,-82.2593,9
42.8823,-82.2594,9
42.8823,-82.247,9
42.8913,-82.2469,9
42.8913,-82.2346,9
42.9003,-82.2345,9
42.9003,-82.2221,9
42.9093,-82.2221,9
42.9093,-82.2097,9
42.9183,-82.2096,9
42.9183,-82.1973,9
42.9273,-82.1972,9
42.9273,-82.1848,9
42.9363,-82.1848,9
42.9363,-82.1724,9
42.9453,-82.1723,9
42.9452,-82.1599,9
42.9452,-82.1476,9
42.9542,-82.1475,9
42.9542,-82.1351,9
42.9632,-82.135,9
42.9632,-82.1227,9
42.9631,-82.1103,9
42.963,-82.0979,9
42.963,-82.0856,9
42.972,-82.0855,9
42.972,-82.0731,9
42.9719,-82.0607,9
42.9718,-82.0483,9
42.9717,-82.036,9
42.9808,-82.0359,9
42.9807,-82.0235,9
42.9806,-82.0111,9
42.9806,-81.9987,9
42.9896,-81.9986,9
42.9895,-81.9863,9
42.9895,-81.9739,9
42.9985,-81.9738,9
42.9984,-81.9614,9
43.0075,-81.9613,9
43.0074,-81.9489,9
43.0165,-81.9488,9
43.0255,-81.9487,9
43.0254,-81.9363,9
43.0345,-81.9362,9
43.0344,-81.9238,9
43.0435,-81.9237,9
43.0434,-81.9113,9
43.0524,-81.9112,9
43.0523,-81.8988,9
43.0614,-81.8987,9
43.0613,-81.8863,9
43.0612,-81.8739,9
43.0611,-81.8615,9
43.061,-81.8491,9
43.0609,-81.8367,9
43.0519,-81.8369,9
43.0518,-81.8245,9
43.0427,-81.8246,9
43.0426,-81.8122,9
43.0425,-81.7998,9
43.0516,-81.7997,9
43.0515,-81.7873,9
43.0514,-81.7749,9
43.0513,-81.7625,9
43.0422,-81.7627,9
43.0332,-81.7628,9
43.0241,-81.7629,9
43.024,-81.7506,9
43.015,-81.7507,9
43.0059,-81.7508,9
43.0058,-81.7385,9
43.0057,-81.7261,9
42.9967,-81.7262,9
42.9966,-81.7138,9
42.9875,-81.714,9
42.9874,-81.7016,9
42.9873,-81.6892,9
42.9872,-81.6769,9
42.9871,-81.6645,9
42.987,-81.6521,9
42.996,-81.652,9
42.9959,-81.6396,9
43.0049,-81.6394,9
43.0048,-81.627,9
43.0139,-81.6269,9
43.0138,-81.6145,9
43.0136,-81.6021,9
43.0135,-81.5897,9
43.0134,-81.5774,9
43.0133,-81.565,9
43.0132,-81.5526,9
43.013,-81.5402,9
43.0129,-81.5278,9
43.0128,-81.5155,9
43.0218,-81.5153,9
43.0217,-81.5029,9
43.0308,-81.5027,9
43.0306,-81.4903,9
43.0397,-81.4902,9
43.0395,-81.4778,9
43.0394,-81.4654,9
43.0485,-81.4652,9
43.0483,-81.4528,9
43.0574,-81.4526,9
43.0572,-81.4402,9
43.0663,-81.4401,9
43.0662,-81.4277,9
43.0752,-81.4275,9
43.0751,-81.4151,9
43.0841,-81.4149,9
43.084,-81.4025,9
43.093,-81.4023,9
43.0929,-81.3899,9
43.1019,-81.3897,9
43.111,-81.3895,9
43.1108,-81.3771,9
43.1199,-81.3769,9
43.1197,-81.3645,9
43.1288,-81.3643,9
43.1287,-81.3519,9
43.1377,-81.3517,9
43.1376,-81.3393,9
43.1466,-81.3391,9
43.1557,-81.3389,9
43.1558,-81.3513,9
43.1649,-81.3511,9
43.1739,-81.3509,9
43.183,-81.3507,9
43.192,-81.3505,9
43.2011,-81.3503,9
43.2009,-81.3379,9
43.21,-81.3377,9
43.219,-81.3375,9
43.2189,-81.3251,9
43.2279,-81.3249,9
43.237,-81.3246,9
43.246,-81.3244,9
43.2551,-81.3242,9
43.2641,-81.324,9
43.2732,-81.3238,9
43.2822,-81.3236,9
43.2913,-81.3234,9
43.2914,-81.3358,9
43.3005,-81.3356,9
43.3095,-81.3354,9
43.3097,-81.3479,9
43.3187,-81.3477,9
43.3278,-81.3475,9
43.3368,-81.3473,9
43.3367,-81.3348,9
43.3457,-81.3346,9
43.3548,-81.3344,9
43.3638,-81.3342,9
43.3729,-81.334,9
43.3819,-81.3338,9
43.391,-81.3336,9
43.4,-81.3334,9
43.3999,-81.3209,9
43.4089,-81.3207,9
43.418,-81.3205,9
43.4178,-81.308,9
43.4177,-81.2956,9
43.4267,-81.2954,9
43.4266,-81.2829,9
43.4356,-81.2827,9
43.4447,-81.2825,9
43.4537,-81.2823,9
43.4536,-81.2698,9
43.4626,-81.2696,9
43.4717,-81.2694,9
43.4715,-81.2569,9
43.4714,-81.2444,9
43.4623,-81.2446,9
43.4621,-81.2322,9
43.4531,-81.2324,9
43.4529,-81.2199,9
43.4528,-81.2075,9
43.4618,-81.2072,9
43.4709,-81.207,9
43.4799,-81.2068,9
43.4798,-81.1943,9
43.4888,-81.1941,9
43.4886,-81.1816,9
43.4977,-81.1814,9
43.4975,-81.1689,9
43.5066,-81.1687,9
43.5156,-81.1684,9
43.5247,-81.1682,9
43.5337,-81.168,9
43.5428,-81.1677,9
43.5518,-81.1675,9
43.552,-81.18,9
43.561,-81.1798,9
43.5701,-81.1795,9
43.5791,-81.1793,9
43.5882,-81.1791,9
43.5972,-81.1788,9
43.6063,-81.1786,9
43.6153,-81.1784,9
43.6152,-81.1659,9
43.6242,-81.1656,9
43.6241,-81.1531,9
43.6239,-81.1406,9
43.6237,-81.1281,9
43.6147,-81.1284,9
43.6145,-81.1159,9
43.6143,-81.1034,9
43.6141,-81.0909,9
43.614,-81.0784,9
43.6138,-81.0659,9
43.6047,-81.0661,9
43.5957,-81.0664,9
43.5866,-81.0666,9
43.5865,-81.0541,9
43.5774,-81.0544,9
43.5684,-81.0546,9
43.5682,-81.0421,9
43.568,-81.0296,9
43.5589,-81.0299,9
43.5588,-81.0174,9
43.5586,-81.0049,9
43.5495,-81.0051,9
43.5493,-80.9927,9
43.5403,-80.9929,9
43.5401,-80.9804,9
43.5399,-80.9679,9
43.5397,-80.9555,9
43.5395,-80.943,9
43.5393,-80.9305,9
43.5392,-80.918,9
43.5482,-80.9177,9
43.548,-80.9052,9
43.5478,-80.8927,9
43.5388,-80.893,9
43.539,-80.9055,9
43.5299,-80.9058,9
43.5301,-80.9183,9
43.5211,-80.9185,9
43.512,-80.9188,9
43.503,-80.9191,9
43.4939,-80.9193,9
43.4849,-80.9196,9
43.4847,-80.9071,9
43.4845,-80.8947,9
43.4843,-80.8822,9
43.4841,-80.8697,9
43.475,-80.87,9
43.4748,-80.8575,9
43.4746,-80.845,9
43.4744,-80.8326,9
43.4654,-80.8328,9
43.4563,-80.8331,9
43.4473,-80.8334,9
43.4475,-80.8459,9
43.4384,-80.8461,9
43.4382,-80.8337,9
43.4292,-80.834,9
43.429,-80.8215,9
43.4288,-80.809,9
43.4197,-80.8093,9
43.4107,-80.8096,9
43.4016,-80.8099,9
43.3926,-80.8102,9
43.3924,-80.7977,9
43.3922,-80.7853,9
43.3919,-80.7728,9
43.3829,-80.7731,9
43.3738,-80.7734,9
43.3648,-80.7737,9
43.365,-80.7861,9
43.356,-80.7864,9
43.3469,-80.7867,9
43.3379,-80.787,9
43.3377,-80.7745,9
43.3286,-80.7748,9
43.3196,-80.7751,9
43.3193,-80.7627,9
43.3103,-80.763,9
43.3101,-80.7505,9
43.301,-80.7508,9
43.292,-80.7511,9
43.2918,-80.7387,9
43.2916,-80.7262,9
43.2825,-80.7265,9
43.2823,-80.7141,9
43.2732,-80.7144,9
43.273,-80.702,9
43.264,-80.7023,9
43.2638,-80.6898,9
43.2547,-80.6901,9
43.2545,-80.6777,9
43.2543,-80.6653,9
43.2452,-80.6656,9
43.245,-80.6532,9
43.236,-80.6535,9
43.2269,-80.6538,9
43.2267,-80.6414,9
43.2176,-80.6417,9
43.2174,-80.6292,9
43.2084,-80.6296,9
43.1993,-80.6299,9
43.1903,-80.6302,9
43.1812,-80.6305,9
43.1722,-80.6308,9
43.1724,-80.6432,9
43.1634,-80.6435,9
43.1543,-80.6438,9
43.1541,-80.6314,9
43.145,-80.6317,9
43.136,-80.632,9
43.1269,-80.6323,9
43.1179,-80.6326,9
43.1088,-80.6329,9
43.1091,-80.6453,9
43.1,-80.6456,9
43.091,-80.6459,9
43.0819,-80.6463,9
43.0729,-80.6466,9
43.0638,-80.6469,9
43.0548,-80.6472,9
43.055,-80.6596,9
43.0552,-80.6719,9
43.0462,-80.6722,9
43.0464,-80.6846,9
43.0374,-80.6849,9
43.0283,-80.6852,9
43.0285,-80.6976,9
43.0195,-80.6979,9
43.0104,-80.6982,9
43.0102,-80.6858,9
43.0012,-80.6861,9
43.0014,-80.6985,9
42.9923,-80.6988,9
42.9833,-80.6991,9
42.9742,-80.6994,9
42.9745,-80.7118,9
42.9747,-80.7241,9
42.9749,-80.7365,9
42.9658,-80.7368,9
42.966,-80.7492,9
42.9663,-80.7615,9
42.9572,-80.7618,9
42.9574,-80.7742,9
42.9484,-80.7745,9
42.9486,-80.7868,9
42.9395,-80.7871,9
42.9305,-80.7874,9
42.9307,-80.7998,9
42.9216,-80.8,9
42.9218,-80.8124,9
42.9128,-80.8127,9
42.913,-80.825,9
42.9039,-80.8253,9
42.9041,-80.8377,9
42.9043,-80.85,9
42.8953,-80.8503,9
42.8955,-80.8626,9
42.9045,-80.8624,9
42.9047,-80.8747,9
42.9138,-80.8745,9
42.914,-80.8868,9
42.923,-80.8866,9
42.9232,-80.8989,9
42.9234,-80.9113,9
42.9236,-80.9236,9
42.9238,-80.936,9
42.924,-80.9484,9
42.9242,-80.9607,9
42.9332,-80.9605,9
42.9334,-80.9728,9
42.9425,-80.9726,9
42.9427,-80.9849,9
42.9428,-80.9973,9
42.943,-81.0097,9
42.934,-81.0099,9
42.9342,-81.0223,9
42.9251,-81.0225,9
42.9253,-81.0349,9
42.9255,-81.0473,9
42.9164,-81.0475,9
42.9166,-81.0599,9
42.9168,-81.0722,9
42.917,-81.0846,9
42.9171,-81.0969,9
42.9081,-81.0972,9
42.9083,-81.1095,9
42.9084,-81.1219,9
42.9086,-81.1342,9
42.8995,-81.1345,9
42.8997,-81.1468,9
42.8999,-81.1592,9
42.8908,-81.1594,9
42.891,-81.1718,9
42.8819,-81.172,9
42.8821,-81.1844,9
42.8823,-81.1967,9
42.8824,-81.2091,9
42.8826,-81.2214,9
42.8828,-81.2338,9
42.8829,-81.2461,9
42.8831,-81.2585,9
42.8832,-81.2708,9
42.8834,-81.2832,9
42.8835,-81.2955,9
42.8837,-81.3079,9
42.8838,-81.3202,9
42.884,-81.3326,9
42.8841,-81.345,9
42.8751,-81.3452,9
42.866,-81.3454,9
42.8662,-81.3577,9
42.8571,-81.3579,9
42.8481,-81.3581,9
42.8479,-81.3458,9
42.8389,-81.346,9
42.8298,-81.3462,9
42.8297,-81.3338,9
42.8206,-81.334,9
42.8205,-81.3217,9
42.8203,-81.3093,9
42.8202,-81.297,9
42.8111,-81.2972,9
42.8021,-81.2974,9
42.793,-81.2976,9
42.784,-81.2978,9
42.7749,-81.298,9
42.7751,-81.3104,9
42.7752,-81.3227,9
42.7754,-81.335,9
42.7663,-81.3352,9
42.7665,-81.3475,9
42.7666,-81.3599,9
42.7576,-81.3601,9
42.7485,-81.3603,9
42.7487,-81.3726,9
42.7396,-81.3728,9
42.7306,-81.373,9
42.7307,-81.3853,9
42.7216,-81.3855,9
42.7218,-81.3978,9
42.7127,-81.398,9
42.7129,-81.4103,9
42.713,-81.4227,9
42.704,-81.4228,9
42.7041,-81.4352,9
42.6951,-81.4354,9
42.6952,-81.4477,9
42.6861,-81.4479,9
42.6771,-81.448,9
42.6772,-81.4604,9
42.6682,-81.4605,9
42.6683,-81.4728,9
42.6684,-81.4852,9
42.6775,-81.485,9
42.6776,-81.4973,9
42.6777,-81.5096,9
42.6687,-81.5098,9
42.6688,-81.5221,9
42.6598,-81.5223,9
42.6507,-81.5224,9
42.6417,-81.5226,9
42.6418,-81.5349,9
42.6327,-81.5351,9
42.6329,-81.5474,9
42.6238,-81.5476,9
42.6239,-81.5599,9
42.6241,-81.5722,9
42.6242,-81.5845,9
42.6243,-81.5968,9
42.6152,-81.5969,9
42.6154,-81.6092,9
42.6063,-81.6094,9
42.6064,-81.6217,9
42.6065,-81.634,9
42.6067,-81.6463,9
42.5976,-81.6464,9
42.5977,-81.6587,9
42.5887,-81.6589,9
42.5888,-81.6712,9
42.5889,-81.6835,9
42.5798,-81.6836,9
42.58,-81.6959,9
42.5801,-81.7082,9
42.5802,-81.7205,9
42.5711,-81.7207,9
42.5621,-81.7208,9
42.553,-81.721,9
42.544,-81.7211,9
42.5441,-81.7334,9
42.535,-81.7335,9
42.526,-81.7337,9
42.5169,-81.7338,9
42.5079,-81.734,9
42.508,-81.7462,9
42.4989,-81.7464,9
42.4899,-81.7465,9
42.4808,-81.7467,9
42.4717,-81.7468,9
42.4719,-81.7591,9
42.4628,-81.7592,9
42.4629,-81.7715,9
42.463,-81.7837,9
42.4631,-81.796,9
42.4632,-81.8083,9
42.4541,-81.8084,9
42.4542,-81.8207,9
42.4452,-81.8208,9
42.4453,-81.8331,9
42.4362,-81.8332,9
42.4363,-81.8455,9
42.4273,-81.8456,9
42.4274,-81.8579,9
42.4183,-81.858,9
42.4093,-81.8581,9
42.4093,-81.8704,9
42.4003,-81.8705,9
42.4004,-81.8828,9
42.4005,-81.895,9
42.3914,-81.8951,9
42.3824,-81.8952,9
42.3824,-81.9075,9
42.3825,-81.9198,9
42.3735,-81.9199,9
42.3736,-81.9321,9
42.3645,-81.9322,9
42.3646,-81.9445,9
42.3647,-81.9567,9
42.3648,-81.969,9
42.3557,-81.9691,9
42.3558,-81.9814,9
42.3467,-81.9815,9
42.3466,-81.9692,9
42.3376,-81.9693,9
42.3285,-81.9694,9
42.3286,-81.9817,9
42.3196,-81.9818,9
42.3196,-81.994,9
42.3197,-82.0063,9
42.3198,-82.0185,9
42.3107,-82.0186,9
42.3108,-82.0309,9
42.3018,-82.0309,9
42.3018,-82.0432,9
42.2928,-82.0433,9
42.2837,-82.0434,9
42.2838,-82.0556,9
42.2747,-82.0557,9
42.2748,-82.0679,9
42.2749,-82.0802,9
42.2749,-82.0924,9
42.275,-82.1047,9
42.2751,-82.1169,9
42.266,-82.117,9
42.2661,-82.1292,9
42.2661,-82.1414,9
42.2571,-82.1415,9
42.2572,-82.1538,9
42.2481,-82.1538,9
42.2482,-82.1661,9
42.2391,-82.1661,9
42.2392,-82.1784,9
42.2301,-82.1784,9
42.2302,-82.1907,9
42.2302,-82.2029,9
42.2212,-82.203,9
42.2212,-82.2152,9
42.2213,-82.2274,9
42.2213,-82.2396,9
42.2214,-82.2519,9
42.2214,-82.2641,9
42.2215,-82.2763,9
42.2215,-82.2885,9
42.2125,-82.2886,9
42.2125,-82.3008,9
42.2035,-82.3009,9
42.2035,-82.3131,9
42.2035,-82.3253,9
42.1945,-82.3254,9
42.1945,-82.3376,9
42.1946,-82.3498,9
42.1855,-82.3499,9
42.1855,-82.3621,9
42.1765,-82.3621,9
42.1765,-82.3744,9
42.1766,-82.3866,9
42.1766,-82.3988,9
42.1766,-82.411,9
42.1676,-82.4111,9
42.1676,-82.4233,9
42.1676,-82.4355,9
42.1586,-82.4355,9
42.1586,-82.4477,9
42.1586,-82.46,9
42.1496,-82.46,9
42.1496,-82.4722,9
42.1496,-82.4844,9
42.1406,-82.4844,9
42.1406,-82.4967,9
42.1316,-82.4967,9
42.1316,-82.5089,9
42.1316,-82.5211,9
42.1316,-82.5333,9
42.1316,-82.5455,9
42.1316,-82.5577,9
42.1317,-82.5699,9
42.1226,-82.57,9
42.1226,-82.5822,9
42.1136,-82.5822,9
42.1136,-82.5944,9
42.1045,-82.5944,9
42.1045,-82.6066,9
42.0955,-82.6066,9
42.0955,-82.6188,9
42.0955,-82.631,9
42.0955,-82.6432,9
42.0865,-82.6432,9
42.0865,-82.6554,9
42.0865,-82.6676,9
42.0865,-82.6798,9
42.0865,-82.692,9
42.0865,-82.7042,9
42.0865,-82.7164,9
